,사업장명,업태구분명,소재지전화,소재지전체주소,도로명전체주소,좌표정보(x),좌표정보(y),영업상태명,naver_map_url,구,동,검색어,검색어2
0,할매분식,분식,,부산광역시 부산진구 연지동 190-3번지,"부산광역시 부산진구 연지로 18, 1층 (연지동)",386858.978711566,187688.916435497,영업/정상,,부산진구,연지동,연지동 할매분식,연지동 할매분식 
1,세아작업실,한식,,부산광역시 부산진구 전포동 203-6,"부산광역시 부산진구 서전로67번길 14, 2층 (전포동)",388297.286455313,186314.995905333,영업/정상,https://pcmap.place.naver.com/restaurant/1883182554/review/visitor#,부산진구,전포동,전포동 세아작업실,전포동 세아작업실 
2,깐돌이포차,기타,,부산광역시 부산진구 가야동 382-16번지,"부산광역시 부산진구 대학로 11-14, 1층 (가야동)",385627.735916935,185766.330291668,영업/정상,https://pcmap.place.naver.com/restaurant/1975720539/review/visitor#,부산진구,가야동,가야동 깐돌이포차,가야동 깐돌이포차 
3,노베이커노베이커스,기타,,부산광역시 부산진구 전포동 675-24 태백빌딩,"부산광역시 부산진구 전포대로 227, 태백빌딩 1층 (전포동)",388083.606973258,186154.900865148,영업/정상,https://pcmap.place.naver.com/restaurant/1789030294/review/visitor#,부산진구,전포동,전포동 노베이커노베이커스,전포동 노베이커노베이커스 
4,담미옥,한식,,부산광역시 부산진구 개금동 523-27번지,"부산광역시 부산진구 복지로 15, 1층 103호 (개금동)",384055.773497364,185489.628981402,영업/정상,https://pcmap.place.naver.com/restaurant/1320602526/review/visitor#,부산진구,개금동,개금동 담미옥,개금동 담미옥 
5,더가밥상,한식,,부산광역시 부산진구 초읍동 277-3,"부산광역시 부산진구 새싹로 262, 1층 (초읍동)",386480.58203597,188614.725556646,영업/정상,https://pcmap.place.naver.com/restaurant/1390433667/review/visitor#,부산진구,초읍동,초읍동 더가밥상,초읍동 더가밥상 
6,메밀고밀면,냉면집,,부산광역시 부산진구 부전동 352-12번지,"부산광역시 부산진구 새싹로28번길 15, 1층 (부전동)",387438.458572451,186528.066110212,영업/정상,https://pcmap.place.naver.com/restaurant/1602548393/review/visitor#,부산진구,부전동,부전동 메밀고밀면,부전동 메밀고밀면 
7,메밀고밀면,냉면집,,부산광역시 부산진구 부전동 352-12번지,"부산광역시 부산진구 새싹로28번길 15, 2층 (부전동)",387438.458572451,186528.066110212,영업/정상,https://pcmap.place.naver.com/restaurant/1602548393/review/visitor#,부산진구,부전동,부전동 메밀고밀면,부전동 메밀고밀면 
8,부들파이터,한식,,부산광역시 부산진구 전포동 694-1번지,"부산광역시 부산진구 서전로46번길 86, 1층 (전포동)",388071.74821254,185810.495772818,영업/정상,https://pcmap.place.naver.com/restaurant/1848596451/review/visitor#,부산진구,전포동,전포동 부들파이터,전포동 부들파이터 
9,라인,기타,,부산광역시 부산진구 부전동 522-5,"부산광역시 부산진구 서면로 23, 2층 (부전동)",387425.413849108,185672.16964894,영업/정상,,부산진구,부전동,부전동 라인,부전동 라인 
10,이모포차,기타,,부산광역시 부산진구 양정동 96-12번지,"부산광역시 부산진구 양정로 10, 1층 (양정동)",388880.729017502,187967.303307615,영업/정상,,부산진구,양정동,양정동 이모포차,양정동 이모포차 
11,푸라닭부산초읍연지점,식육(숯불구이),,부산광역시 부산진구 초읍동 217-30,"부산광역시 부산진구 성지로 83, 1층 (초읍동)",386988.305122079,188456.914941724,영업/정상,,부산진구,초읍동,초읍동 푸라닭부산초읍연지점,초읍동 푸라닭부산초읍연지점 
12,스테디어(STEADYER),경양식,,부산광역시 부산진구 전포동 356-30번지,"부산광역시 부산진구 동성로25번길 23, 1층 (전포동)",388288.738555435,185675.785693299,영업/정상,https://pcmap.place.naver.com/restaurant/1561012447/review/visitor#,부산진구,전포동,전포동 스테디어(STEADYER),전포동 스테디어(STEADYER) 
13,송림식당,한식,,부산광역시 부산진구 전포동 342-15번지,"부산광역시 부산진구 동성로46번길 4, 1층 (전포동)",388428.15124836,185872.957202101,영업/정상,https://pcmap.place.naver.com/restaurant/1428862903/review/visitor#,부산진구,전포동,전포동 송림식당,전포동 송림식당 
14,담이네 함바식당,한식,,부산광역시 부산진구 연지동 238-21번지,"부산광역시 부산진구 동평로235번길 43, 1층 (연지동)",386834.26909177,187778.592782698,영업/정상,https://pcmap.place.naver.com/restaurant/1815048345/review/visitor#,부산진구,연지동,연지동 담이네 함바식당,연지동 담이네 함바식당 
15,치킨버거클럽,기타,,부산광역시 부산진구 전포동 356-38번지,"부산광역시 부산진구 서전로58번길 121, 1층 (전포동)",388218.629184751,185643.160604517,영업/정상,https://pcmap.place.naver.com/restaurant/1231459822/review/visitor#,부산진구,전포동,전포동 치킨버거클럽,전포동 치킨버거클럽 
16,온도,기타,,부산광역시 부산진구 전포동 334-46,"부산광역시 부산진구 서전로68번길 55, 1층 (전포동)",388302.676640699,185973.556151933,영업/정상,,부산진구,전포동,전포동 온도,전포동 온도 
17,도리,기타,,부산광역시 부산진구 전포동 309-1번지,"부산광역시 부산진구 서전로58번길 32, 1층 (전포동)",388184.652472736,186091.049589682,영업/정상,,부산진구,전포동,전포동 도리,전포동 도리 
18,성지연푸드,한식,,부산광역시 부산진구 범천동 881-9,"부산광역시 부산진구 범일로131번길 79, 1층 (범천동)",387529.2224894,184789.004483263,영업/정상,https://pcmap.place.naver.com/restaurant/1642970153/review/visitor#,부산진구,범천동,범천동 성지연푸드,범천동 성지연푸드 
19,명자족발,한식,,부산광역시 부산진구 부전동 325-24번지,"부산광역시 부산진구 부전로174번길 36, 1층 (부전동)",387683.49796529,186671.331156138,영업/정상,https://pcmap.place.naver.com/restaurant/1619153264/review/visitor#,부산진구,부전동,부전동 명자족발,부전동 명자족발 
20,푸라닭 부산 가야점,호프/통닭,,부산광역시 부산진구 가야동 50-1 유림아파트,"부산광역시 부산진구 가야대로 613, 상가동 1층 101호 (가야동, 유림아파트)",385733.529901161,185961.315340121,영업/정상,,부산진구,가야동,가야동 푸라닭 부산 가야점,가야동 푸라닭 부산 가야점 
21,우마이용,한식,,부산광역시 부산진구 부전동 524-59,"부산광역시 부산진구 중앙대로691번길 49, 1층 (부전동)",387312.135663865,185839.848271945,영업/정상,https://pcmap.place.naver.com/restaurant/35288569/review/visitor#,부산진구,부전동,부전동 우마이용,부전동 우마이용 
22,이가에프앤비,경양식,051-808-0827,부산광역시 부산진구 부전동 505-6 한솔폴라리스,"부산광역시 부산진구 가야대로 754, 1층 105호 (부전동, 한솔폴라리스)",387076.983236541,186148.629195175,영업/정상,,부산진구,부전동,부전동 이가에프앤비,부전동 이가에프앤비 051-808-0827
23,아맛나분식,분식,,부산광역시 부산진구 전포동 685-11,"부산광역시 부산진구 전포대로199번길 26, 1층 (전포동)",387982.360262524,185890.125311051,영업/정상,https://pcmap.place.naver.com/restaurant/1642114609/review/visitor#,부산진구,전포동,전포동 아맛나분식,전포동 아맛나분식 
24,여운,한식,,부산광역시 부산진구 부전동 168-137,"부산광역시 부산진구 서전로10번길 31-5, 2층 (부전동)",387653.78839875,186074.421744434,영업/정상,,부산진구,부전동,부전동 여운,부전동 여운 
25,83해치,식육(숯불구이),,부산광역시 부산진구 부전동 142-15번지 신전빌딩,"부산광역시 부산진구 서전로 11-1, 1층 (부전동)",387724.840130678,186259.409427234,영업/정상,https://pcmap.place.naver.com/restaurant/1999866356/review/visitor#,부산진구,부전동,부전동 83해치,부전동 83해치 
26,소문난장터돼지국밥2호점,한식,051-809-5450,부산광역시 부산진구 전포동 188-259번지,"부산광역시 부산진구 동성로96번길 10, 1층 (전포동)",388394.68788925,186413.152231299,영업/정상,https://pcmap.place.naver.com/restaurant/1248294470/review/visitor#,부산진구,전포동,전포동 소문난장터돼지국밥2호점,전포동 소문난장터돼지국밥2호점 051-809-5450
27,에이피스,한식,,부산광역시 부산진구 전포동 306-16,"부산광역시 부산진구 서전로58번길 31, 1층 (전포동)",388205.693562239,186089.653762366,영업/정상,https://pcmap.place.naver.com/restaurant/37588823/review/visitor#,부산진구,전포동,전포동 에이피스,전포동 에이피스 
28,투가이즈,한식,,부산광역시 부산진구 부암동 736 서면동일파크스위트1차,"부산광역시 부산진구 동평로150번길 14, 502동 2층 202호 (부암동, 서면동일파크스위트1차)",386199.1868209,187021.773958374,영업/정상,,부산진구,부암동,부암동 투가이즈,부암동 투가이즈 
29,남가네숯불고기,기타,,부산광역시 부산진구 개금동 540-205,"부산광역시 부산진구 엄광로 58, 1층 (개금동)",384236.185322695,185074.880754466,영업/정상,https://pcmap.place.naver.com/restaurant/1960084319/review/visitor#,부산진구,개금동,개금동 남가네숯불고기,개금동 남가네숯불고기 
30,도오코오,경양식,,부산광역시 부산진구 전포동 334-45,"부산광역시 부산진구 전포대로210번길 34, 1층 (전포동)",388311.522183255,185974.550925333,영업/정상,,부산진구,전포동,전포동 도오코오,전포동 도오코오 
31,천강푸드,한식,051-809-6323,부산광역시 부산진구 부전동 100-6번지,"부산광역시 부산진구 동천로 121, 1층 (부전동)",387822.629023276,186438.045191878,영업/정상,,부산진구,부전동,부전동 천강푸드,부전동 천강푸드 051-809-6323
32,서면오향족발,한식,,부산광역시 부산진구 부전동 341-89번지,"부산광역시 부산진구 부전로174번길 43, 1층 일부호 (부전동)",387723.608060567,186644.273901166,영업/정상,https://pcmap.place.naver.com/restaurant/1604578686/review/visitor#,부산진구,부전동,부전동 서면오향족발,부전동 서면오향족발 
33,소도둑GA점,한식,051-902-4900,부산광역시 부산진구 당감동 810-3 스카이빌딩,"부산광역시 부산진구 백양관문로 109, 스카이빌딩 2층 (당감동)",384616.304848999,187321.327160902,영업/정상,,부산진구,당감동,당감동 소도둑GA점,당감동 소도둑GA점 051-902-4900
34,언네임드커피,기타,,부산광역시 부산진구 전포동 347-27,"부산광역시 부산진구 서전로58번길 99, 1층 (전포동)",388213.246335332,185750.824328161,영업/정상,https://pcmap.place.naver.com/restaurant/1210614674/review/visitor#,부산진구,전포동,전포동 언네임드커피,전포동 언네임드커피 
35,몽상가들,기타,,부산광역시 부산진구 전포동 207-28,"부산광역시 부산진구 전포대로 226-8, 2층 일부호 (전포동)",388164.89346801,186143.123002466,영업/정상,https://pcmap.place.naver.com/restaurant/1624504480/review/visitor#,부산진구,전포동,전포동 몽상가들,전포동 몽상가들 
36,만쿠,일식,,부산광역시 부산진구 부전동 156-44번지,"부산광역시 부산진구 서전로10번길 18, 1층 (부전동)",387663.83801205,186151.279091502,영업/정상,https://pcmap.place.naver.com/restaurant/1765710147/review/visitor#,부산진구,부전동,부전동 만쿠,부전동 만쿠 
37,정가집,한식,,부산광역시 부산진구 부전동 485-13,"부산광역시 부산진구 가야대로765번길 6, 1층 (부전동)",387209.524505484,186242.076297432,영업/정상,https://pcmap.place.naver.com/restaurant/16469725/review/visitor#,부산진구,부전동,부전동 정가집,부전동 정가집 
38,롤링파스타 서면점,경양식,,부산광역시 부산진구 부전동 191-1번지,"부산광역시 부산진구 서전로10번길 60, 2층 (부전동)",387616.817538047,185949.643943291,영업/정상,,부산진구,부전동,부전동 롤링파스타 서면점,부전동 롤링파스타 서면점 
39,김가네부산당감점,분식,,부산광역시 부산진구 당감동 300-1번지 앨리움 메디컬센터,"부산광역시 부산진구 동평로 106, 앨리움 메디컬센터 1층 105호 (당감동)",385898.886297741,187063.123392741,영업/정상,,부산진구,당감동,당감동 김가네부산당감점,당감동 김가네부산당감점 
40,엔21(N21),기타,,부산광역시 부산진구 부전동 517-55번지,"부산광역시 부산진구 중앙대로691번길 28, 지하1층 (부전동)",387412.85661811,185870.496710335,영업/정상,,부산진구,부전동,부전동 엔21(N21),부전동 엔21(N21) 
41,쌈싸먹는 닭집,한식,,부산광역시 부산진구 부전동 94-3,"부산광역시 부산진구 서전로9번길 47, 2층 (부전동)",387763.050130058,186454.393025663,영업/정상,https://pcmap.place.naver.com/restaurant/1986981634/review/visitor#,부산진구,부전동,부전동 쌈싸먹는 닭집,부전동 쌈싸먹는 닭집 
42,부부손칼국수,기타,,부산광역시 부산진구 범천동 858-43번지,"부산광역시 부산진구 황령대로 15, 1층 (범천동)",387766.337176068,185168.553135043,영업/정상,https://pcmap.place.naver.com/restaurant/1714370541/review/visitor#,부산진구,범천동,범천동 부부손칼국수,범천동 부부손칼국수 
43,셰르(cher),기타,,부산광역시 부산진구 전포동 307-27번지,"부산광역시 부산진구 서전로68번길 40, 1층 일부호 (전포동)",388287.403981968,186054.504221163,영업/정상,,부산진구,전포동,전포동 셰르(cher),전포동 셰르(cher) 
44,착한행님 푸드,기타,051-804-9181,부산광역시 부산진구 전포동 367-25,"부산광역시 부산진구 황령대로90번길 2, 2층 (전포동)",388449.116839307,185389.818733083,영업/정상,,부산진구,전포동,전포동 착한행님 푸드,전포동 착한행님 푸드 051-804-9181
45,홀닭,한식,,부산광역시 부산진구 가야동 459-41,"부산광역시 부산진구 엄광로 176-5, 2층 (가야동)",385280.040503959,185011.820769446,영업/정상,https://pcmap.place.naver.com/restaurant/1029160716/review/visitor#,부산진구,가야동,가야동 홀닭,가야동 홀닭 
46,두찜부산당감점,한식,,부산광역시 부산진구 당감동 479-17번지,"부산광역시 부산진구 동평로44번길 62-16, 1층 (당감동)",385351.35924376,186840.863965757,영업/정상,,부산진구,당감동,당감동 두찜부산당감점,당감동 두찜부산당감점 
47,미림양장,기타,,부산광역시 부산진구 전포동 220-3번지,"부산광역시 부산진구 서전로68번길 37, 1층 (전포동)",388300.521003618,186063.231470052,영업/정상,https://pcmap.place.naver.com/restaurant/1965755392/review/visitor#,부산진구,전포동,전포동 미림양장,전포동 미림양장 
48,부엉이 포차,한식,,부산광역시 부산진구 부암동 117-36,"부산광역시 부산진구 가야대로747번길 69, 2층 (부암동)",386937.218680006,186568.131105393,영업/정상,https://pcmap.place.naver.com/restaurant/1227316304/review/visitor#,부산진구,부암동,부암동 부엉이 포차,부암동 부엉이 포차 
49,주식회사 에이라인,호프/통닭,,부산광역시 부산진구 부전동 522-5,"부산광역시 부산진구 서면로 23, 7층 (부전동)",387425.413849108,185672.16964894,영업/정상,,부산진구,부전동,부전동 주식회사 에이라인,부전동 주식회사 에이라인 
50,달구나맥주,기타,,부산광역시 부산진구 전포동 663-6번지,"부산광역시 부산진구 서전로37번길 14, 1층 106호 (전포동)",387995.070168789,186309.298920442,영업/정상,,부산진구,전포동,전포동 달구나맥주,전포동 달구나맥주 
51,카사디파스타(casa de pasta),경양식,,부산광역시 부산진구 개금동 754,"부산광역시 부산진구 진사로48번길 4, 1층 (개금동)",383662.348403216,184976.863656396,영업/정상,,부산진구,개금동,개금동 카사디파스타(casa de pasta),개금동 카사디파스타(casa de pasta) 
52,만선호프1,호프/통닭,,부산광역시 부산진구 부전동 241-27,"부산광역시 부산진구 중앙대로 685-1, 2층 (부전동)",387525.37063652,185810.639047595,영업/정상,,부산진구,부전동,부전동 만선호프1,부전동 만선호프1 
53,카페르네바니드롭,기타,,부산광역시 부산진구 전포동 892-20번지 지오플레이스,"부산광역시 부산진구 동천로 4, 지오플레이스 4층 4116호 (전포동)",388011.197829908,185310.70532509,영업/정상,https://pcmap.place.naver.com/restaurant/1266904989/review/visitor#,부산진구,전포동,전포동 카페르네바니드롭,전포동 카페르네바니드롭 
54,영동수산센타,횟집,,부산광역시 부산진구 양정동 397-1,"부산광역시 부산진구 거제대로48번길 20, 퀸즈팰리스 1층 109호 (양정동)",388382.74324018,187887.636637834,영업/정상,,부산진구,양정동,양정동 영동수산센타,양정동 영동수산센타 
55,벤처 : 템플 오브 템포,기타,,부산광역시 부산진구 전포동 343-13,"부산광역시 부산진구 동성로 35, 지상1일부층 (전포동)",388387.425947649,185786.279844047,영업/정상,https://pcmap.place.naver.com/restaurant/1210539518/review/visitor#,부산진구,전포동,전포동 벤처 : 템플 오브 템포,전포동 벤처 : 템플 오브 템포 
56,보울스,경양식,,부산광역시 부산진구 전포동 345-5,"부산광역시 부산진구 서전로58번길 86, 지상1일부층 (전포동)",388176.520726944,185797.515055001,영업/정상,https://pcmap.place.naver.com/restaurant/1846073041/review/visitor#,부산진구,전포동,전포동 보울스,전포동 보울스 
57,드럼통아지트(A Drum Agit),기타,,부산광역시 부산진구 전포동 339-15번지,"부산광역시 부산진구 서전로58번길 69, 지하1층 (전포동)",388210.057431706,185897.106805203,영업/정상,,부산진구,전포동,전포동 드럼통아지트(A Drum Agit),전포동 드럼통아지트(A Drum Agit) 
58,피자베이개금주례점,경양식,051-8965558,부산광역시 부산진구 개금동 177-127번지,"부산광역시 부산진구 복지로13번길 28, 1층 102호 (개금동)",384173.26940439,185506.978604709,영업/정상,,부산진구,개금동,개금동 피자베이개금주례점,개금동 피자베이개금주례점 051-8965558
59,송미분식,분식,,부산광역시 부산진구 전포동 349-51번지 1층,"부산광역시 부산진구 서전로68번길 99, 1층 (전포동)",388309.734522176,185752.128956824,영업/정상,,부산진구,전포동,전포동 송미분식,전포동 송미분식 
60,읍천리382초읍점,일식,,부산광역시 부산진구 초읍동 277-5 오티시이즈오피스텔 102호일부,"부산광역시 부산진구 새싹로 256, 1층 102호 (초읍동, 오티시이즈오피스텔)",386494.090661035,188559.621692112,영업/정상,,부산진구,초읍동,초읍동 읍천리382초읍점,초읍동 읍천리382초읍점 
61,공원 옆 숙성회,일식,,부산광역시 부산진구 연지동 72-4 덕인디오네빌,"부산광역시 부산진구 성지로 8, 1층 101호 (연지동, 덕인디오네빌)",387187.629734222,187724.294585719,영업/정상,https://pcmap.place.naver.com/restaurant/1353017411/review/visitor#,부산진구,연지동,연지동 공원 옆 숙성회,연지동 공원 옆 숙성회 
62,배롱나무,일식,,부산광역시 부산진구 양정동 362-11 1층,"부산광역시 부산진구 양지로 7, 1층 (양정동)",388493.594075292,187578.532791306,영업/정상,,부산진구,양정동,양정동 배롱나무,양정동 배롱나무 
63,춘리마라탕 당감점,중국식,051-996-6407,부산광역시 부산진구 당감동 304-22,"부산광역시 부산진구 동평로 99, 2층 (당감동)",385821.867051058,187090.998606325,영업/정상,https://pcmap.place.naver.com/restaurant/1790289378/review/visitor#,부산진구,당감동,당감동 춘리마라탕 당감점,당감동 춘리마라탕 당감점 051-996-6407
64,진땡초우동,분식,,부산광역시 부산진구 개금동 177-127번지,"부산광역시 부산진구 복지로13번길 28, 1층 (개금동)",384173.26940439,185506.978604709,영업/정상,,부산진구,개금동,개금동 진땡초우동,개금동 진땡초우동 
65,라멘지,일식,,부산광역시 부산진구 부전동 232-3,"부산광역시 부산진구 신천대로62번길 60, 1층 (부전동)",387516.754684534,185739.621711812,영업/정상,,부산진구,부전동,부전동 라멘지,부전동 라멘지 
66,바사삭치킨강정양정본점,호프/통닭,,부산광역시 부산진구 양정동 364-2번지,"부산광역시 부산진구 양지로 12, 1층 (양정동)",388479.958385359,187526.879842367,영업/정상,https://pcmap.place.naver.com/restaurant/1094091753/review/visitor#,부산진구,양정동,양정동 바사삭치킨강정양정본점,양정동 바사삭치킨강정양정본점 
67,경호강,횟집,,부산광역시 부산진구 양정동 506-44번지,"부산광역시 부산진구 범양로125번길 7-4, 1층 (양정동)",388077.004698629,188057.119906994,영업/정상,https://pcmap.place.naver.com/restaurant/1767037256/review/visitor#,부산진구,양정동,양정동 경호강,양정동 경호강 
68,수백당,탕류(보신용),,부산광역시 부산진구 당감동 888-5,"부산광역시 부산진구 동평로 114-1, 1층 (당감동)",385975.596038048,187098.635869662,영업/정상,,부산진구,당감동,당감동 수백당,당감동 수백당 
69,한끼닭칼국수,한식,051-8033611,부산광역시 부산진구 전포동 688-2,"부산광역시 부산진구 전포대로 207, 2층 203호 (전포동)",388092.113890846,185960.350772421,영업/정상,,부산진구,전포동,전포동 한끼닭칼국수,전포동 한끼닭칼국수 051-8033611
70,티티호텔레스토랑,경양식,,부산광역시 부산진구 부전동 401-12번지,"부산광역시 부산진구 새싹로 35, 티티호텔 2층 (부전동)",387305.293765091,186544.136504508,영업/정상,,부산진구,부전동,부전동 티티호텔레스토랑,부전동 티티호텔레스토랑 
71,키즈나,일식,,부산광역시 부산진구 전포동 663-5번지,"부산광역시 부산진구 서전로37번길 18, 지상1일부층 (전포동)",387994.694323959,186325.445877687,영업/정상,https://pcmap.place.naver.com/restaurant/1171609947/review/visitor#,부산진구,전포동,전포동 키즈나,전포동 키즈나 
72,부산갈매기,중국식,051643-3799,부산광역시 부산진구 범천동 881-2,"부산광역시 부산진구 중앙대로 582-2, 지상1층 (범천동)",387517.389148718,184791.716524566,영업/정상,,부산진구,범천동,범천동 부산갈매기,범천동 부산갈매기 051643-3799
73,차르콜(Charcoal),식육(숯불구이),,부산광역시 부산진구 전포동 194-35,"부산광역시 부산진구 서전로57번길 7, 지상2층 (전포동)",388178.655253696,186282.390914485,영업/정상,,부산진구,전포동,전포동 차르콜(Charcoal),전포동 차르콜(Charcoal) 
74,우리네김밥,김밥(도시락),,부산광역시 부산진구 가야동 663-51번지,"부산광역시 부산진구 가야대로482번길 100, 1층 (가야동)",384368.689038211,185147.962614369,영업/정상,https://pcmap.place.naver.com/restaurant/1761868706/review/visitor#,부산진구,가야동,가야동 우리네김밥,가야동 우리네김밥 
75,장덕장어,한식,,부산광역시 부산진구 부전동 521-22,"부산광역시 부산진구 서면로 31, 1층 (부전동)",387418.523565167,185756.921895913,영업/정상,https://pcmap.place.naver.com/restaurant/1250525157/review/visitor#,부산진구,부전동,부전동 장덕장어,부전동 장덕장어 
76,페이센동,일식,,부산광역시 부산진구 전포동 674-14,"부산광역시 부산진구 서전로46번길 6, 지상1층 (전포동)",388063.418092072,186204.561243352,영업/정상,https://pcmap.place.naver.com/restaurant/1754404417/review/visitor#,부산진구,전포동,전포동 페이센동,전포동 페이센동 
77,치면식당,한식,,부산광역시 부산진구 부전동 503-15,"부산광역시 부산진구 가야대로 772, 롯데백화점부산본점 지하2층 (부전동)",387271.299492377,186099.137533193,영업/정상,https://pcmap.place.naver.com/restaurant/1892298575/review/visitor#,부산진구,부전동,부전동 치면식당,부전동 치면식당 
78,고객주문서,기타,,부산광역시 부산진구 부전동 168-387,"부산광역시 부산진구 중앙대로680번가길 80-8, 2층 (부전동)",387753.536502249,186128.49997872,영업/정상,https://pcmap.place.naver.com/restaurant/1191858817/review/visitor#,부산진구,부전동,부전동 고객주문서,부전동 고객주문서 
79,육덕,한식,,부산광역시 부산진구 부전동 168-387,"부산광역시 부산진구 중앙대로680번가길 80-8, 1층 (부전동)",387753.536502249,186128.49997872,영업/정상,https://pcmap.place.naver.com/restaurant/1149776952/review/visitor#,부산진구,부전동,부전동 육덕,부전동 육덕 
80,어느날골목,기타,,부산광역시 부산진구 부암동 80-23번지,"부산광역시 부산진구 시민공원로19번길 38-14, 1층 (부암동)",386908.068911146,186998.721231974,영업/정상,https://pcmap.place.naver.com/restaurant/1003904636/review/visitor#,부산진구,부암동,부암동 어느날골목,부암동 어느날골목 
81,굿굿웨더,기타,,부산광역시 부산진구 전포동 681-3,"부산광역시 부산진구 서전로46번길 32, 지상2층 (전포동)",388066.58437093,186079.005286112,영업/정상,,부산진구,전포동,전포동 굿굿웨더,전포동 굿굿웨더 
82,귀족호랑이,경양식,,부산광역시 부산진구 전포동 308-21,"부산광역시 부산진구 서전로68번길 52, 지상1층 (전포동)",388287.430944915,185995.144027444,영업/정상,https://pcmap.place.naver.com/restaurant/1889208649/review/visitor#,부산진구,전포동,전포동 귀족호랑이,전포동 귀족호랑이 
83,옥천사세탁,경양식,,부산광역시 부산진구 전포동 207-5번지,"부산광역시 부산진구 서전로58번길 18, 지상1-2층 (전포동)",388183.614475124,186156.208867634,영업/정상,https://pcmap.place.naver.com/restaurant/1410523793/review/visitor#,부산진구,전포동,전포동 옥천사세탁,전포동 옥천사세탁 
84,에바돈가츠부암점,호프/통닭,,부산광역시 부산진구 부암동 746 서면동일파크스위트 3차 상가1동 107호,"부산광역시 부산진구 동평로 162, 상가 1동 1층 107호 (부암동, 서면동일파크스위트 3차)",386443.082710801,186982.262716528,영업/정상,,부산진구,부암동,부암동 에바돈가츠부암점,부암동 에바돈가츠부암점 
85,한마당통영숯불바다장어,한식,,부산광역시 부산진구 범천동 854-12,부산광역시 부산진구 범일로192번길 13 (범천동),387718.710427648,185045.53674604,영업/정상,,부산진구,범천동,범천동 한마당통영숯불바다장어,범천동 한마당통영숯불바다장어 
86,원조할매집,한식,051-6349618,부산광역시 부산진구 범천동 837-43번지,부산광역시 부산진구 골드테마길 10 (범천동),387682.483199871,184497.212149639,영업/정상,,부산진구,범천동,범천동 원조할매집,범천동 원조할매집 051-6349618
87,달리는꼬꼬,통닭(치킨),051-8023827,부산광역시 부산진구 연지동 177-7,부산광역시 부산진구 연지로 5 (연지동),386733.874581245,187648.778278085,영업/정상,https://pcmap.place.naver.com/restaurant/16415530/review/visitor#,부산진구,연지동,연지동 달리는꼬꼬,연지동 달리는꼬꼬 051-8023827
88,우정분식,분식,051803-0303,부산광역시 부산진구 부전동 168-365,부산광역시 부산진구 동천로85번길 3 (부전동),387819.431072945,186064.403176524,영업/정상,https://pcmap.place.naver.com/restaurant/1402008369/review/visitor#,부산진구,부전동,부전동 우정분식,부전동 우정분식 051803-0303
89,두지식당,한식,051-8940212,부산광역시 부산진구 개금동 527-51번지,부산광역시 부산진구 복지로8번길 56 (개금동),383933.24404469,185317.729178239,영업/정상,https://pcmap.place.naver.com/restaurant/19677696/review/visitor#,부산진구,개금동,개금동 두지식당,개금동 두지식당 051-8940212
90,골목식당,한식,051803-3850,부산광역시 부산진구 부전동 516-3번지,부산광역시 부산진구 가야대로784번길 46 (부전동),387374.063893677,185971.618384397,영업/정상,,부산진구,부전동,부전동 골목식당,부전동 골목식당 051803-3850
91,서면포항돼지국밥,한식,051-808-4268,부산광역시 부산진구 부전동 255-13 지상1층,"부산광역시 부산진구 서면로68번길 25, 지상1층 (부전동)",387506.051197927,186021.226927286,영업/정상,,부산진구,부전동,부전동 서면포항돼지국밥,부전동 서면포항돼지국밥 051-808-4268
92,큰집돼지국밥,한식,051-8953795,부산광역시 부산진구 당감동 244-7,부산광역시 부산진구 백양대로60번길 18 (당감동),386051.287854312,186795.068012578,영업/정상,https://pcmap.place.naver.com/restaurant/1553218357/review/visitor#,부산진구,당감동,당감동 큰집돼지국밥,당감동 큰집돼지국밥 051-8953795
93,포항횟집,횟집,051-6357296,부산광역시 부산진구 범천동 840번지,,,,영업/정상,,부산진구,범천동,범천동 포항횟집,범천동 포항횟집 051-6357296
94,흥화반점,중국식,051-809-3202,부산광역시 부산진구 전포동 637-5,"부산광역시 부산진구 서전로47번길 52-1, 1,2층 (전포동)",388076.346181514,186510.975179857,영업/정상,,부산진구,전포동,전포동 흥화반점,전포동 흥화반점 051-809-3202
95,한솥도시락 서면교보생명앞점,김밥(도시락),,부산광역시 부산진구 부전동 535-27번지 교보생명앞점,"부산광역시 부산진구 중앙대로 655 (부전동, 교보생명앞점)",387552.257354524,185502.250401079,영업/정상,,부산진구,부전동,부전동 한솥도시락 서면교보생명앞점,부전동 한솥도시락 서면교보생명앞점 
96,청해생복집,한식,051-8960366,부산광역시 부산진구 당감동 282-68번지,부산광역시 부산진구 동평로95번길 7-1 (당감동),385769.690697563,187097.032765495,영업/정상,https://pcmap.place.naver.com/restaurant/16467586/review/visitor#,부산진구,당감동,당감동 청해생복집,당감동 청해생복집 051-8960366
97,로데오,호프/통닭,051-8912707,부산광역시 부산진구 가야동 416-2번지,부산광역시 부산진구 대학로 77 (가야동),385350.312081306,185205.797111274,영업/정상,,부산진구,가야동,가야동 로데오,가야동 로데오 051-8912707
98,크라상점,기타,051802-5695,부산광역시 부산진구 부전동 198-12번지 지상1층,"부산광역시 부산진구 중앙대로680번길 19, 지상1층 (부전동)",387666.222462684,185769.637999299,영업/정상,,부산진구,부전동,부전동 크라상점,부전동 크라상점 051802-5695
99,더벤티,분식,051-8068853,부산광역시 부산진구 부전동 198-12번지 지상1층,"부산광역시 부산진구 중앙대로680번길 19, 지상1층 (부전동)",387666.222462684,185769.637999299,영업/정상,,부산진구,부전동,부전동 더벤티,부전동 더벤티 051-8068853
100,당감국수,분식,051-897-5055,부산광역시 부산진구 당감동 381-3번지,부산광역시 부산진구 당감서로 47 (당감동),385495.427087914,186948.748589068,영업/정상,,부산진구,당감동,당감동 당감국수,당감동 당감국수 051-897-5055
101,봉선화,호프/통닭,051-819-3379,부산광역시 부산진구 부전동 396-10번지,부산광역시 부산진구 새싹로 16-1 (부전동),387446.249301605,186419.424152962,영업/정상,https://pcmap.place.naver.com/restaurant/1183576798/review/visitor#,부산진구,부전동,부전동 봉선화,부전동 봉선화 051-819-3379
102,팔공티,기타,051-8068224,부산광역시 부산진구 부전동 187-3번지 지상1층,"부산광역시 부산진구 중앙대로680번가길 31, 지상1층 (부전동)",387704.39418778,185902.27401842,영업/정상,,부산진구,부전동,부전동 팔공티,부전동 팔공티 051-8068224
103,프띠르,기타,,부산광역시 부산진구 부전동 172-1,부산광역시 부산진구 중앙대로692번길 45-7 (부전동),387783.110280974,185907.206429187,영업/정상,https://pcmap.place.naver.com/restaurant/1708158374/review/visitor#,부산진구,부전동,부전동 프띠르,부전동 프띠르 
104,다드림,한식,051-8970488,부산광역시 부산진구 개금동 540-242,부산광역시 부산진구 복지로 48 (개금동),384036.893259342,185172.467713624,영업/정상,,부산진구,개금동,개금동 다드림,개금동 다드림 051-8970488
105,경복분식,분식,,부산광역시 부산진구 부전동 198-12번지,부산광역시 부산진구 중앙대로680번길 19 (부전동),387666.222462684,185769.637999299,영업/정상,,부산진구,부전동,부전동 경복분식,부전동 경복분식 
106,정담숯불갈비,한식,051-8952526,부산광역시 부산진구 당감동 282-20,부산광역시 부산진구 동평로94번길 10 (당감동),385785.520032615,187001.002805465,영업/정상,https://pcmap.place.naver.com/restaurant/13100142/review/visitor#,부산진구,당감동,당감동 정담숯불갈비,당감동 정담숯불갈비 051-8952526
107,서민불닭발,한식,051-8195741,부산광역시 부산진구 연지동 71-2,,387162.695185642,187863.757965066,영업/정상,https://pcmap.place.naver.com/restaurant/1364551283/review/visitor#,부산진구,연지동,연지동 서민불닭발,연지동 서민불닭발 051-8195741
108,유원트,한식,051-8059900,부산광역시 부산진구 부전동 156-46 지상1층,"부산광역시 부산진구 서전로10번길 22-4, 지상1층 (부전동)",387655.681421563,186141.045657992,영업/정상,https://pcmap.place.naver.com/restaurant/1780484872/review/visitor#,부산진구,부전동,부전동 유원트,부전동 유원트 051-8059900
109,애니핑거,기타,,부산광역시 부산진구 양정동 276-14번지,부산광역시 부산진구 동평로405번길 73 (양정동),388636.067237627,188363.260932822,영업/정상,https://pcmap.place.naver.com/restaurant/1524567241/review/visitor#,부산진구,양정동,양정동 애니핑거,양정동 애니핑거 
110,이야우와,횟집,,부산광역시 부산진구 부전동 168-110 (1층),"부산광역시 부산진구 동천로85번길 31-20 (부전동,(1층))",387689.540394034,186044.579195763,영업/정상,https://pcmap.place.naver.com/restaurant/1001997790/review/visitor#,부산진구,부전동,부전동 이야우와,부전동 이야우와 
111,(주)풀무원푸드앤컬처 한국전력부산울산본부,한식,051-8012283,부산광역시 부산진구 부전동 224-7,부산광역시 부산진구 중앙대로666번길 43 (부전동),387768.651397445,185663.196881454,영업/정상,,부산진구,부전동,부전동 (주)풀무원푸드앤컬처 한국전력부산울산본부,부전동 (주)풀무원푸드앤컬처 한국전력부산울산본부 051-8012283
112,주식회사급행장,한식,051-8070087,부산광역시 부산진구 부전동 485-19,"부산광역시 부산진구 서면문화로5번길 29, 1층 (부전동)",387271.507465622,186260.7524376,영업/정상,,부산진구,부전동,부전동 주식회사급행장,부전동 주식회사급행장 051-8070087
113,오늘 더 달달해,한식,,부산광역시 부산진구 가야동 227-5,부산광역시 부산진구 가야대로556번길 7 (가야동),385183.757095137,185724.57521822,영업/정상,,부산진구,가야동,가야동 오늘 더 달달해,가야동 오늘 더 달달해 
114,우정분식,분식,051802-6282,부산광역시 부산진구 부전동 172-1번지,부산광역시 부산진구 중앙대로692번길 45-7 (부전동),387783.110280974,185907.206429187,영업/정상,https://pcmap.place.naver.com/restaurant/1402008369/review/visitor#,부산진구,부전동,부전동 우정분식,부전동 우정분식 051802-6282
115,도날드돈까스,경양식,051-902-4545,부산광역시 부산진구 당감동 768-1 (1층),"부산광역시 부산진구 백양순환로 51, 5동 103호 (당감동)",385128.267010139,187522.892070661,영업/정상,,부산진구,당감동,당감동 도날드돈까스,당감동 도날드돈까스 051-902-4545
116,반핀(Ban Pin),기타,,부산광역시 부산진구 전포동 660-15,부산광역시 부산진구 동천로108번길 9 (전포동),387885.861365401,186305.599500261,영업/정상,https://pcmap.place.naver.com/restaurant/1147781983/review/visitor#,부산진구,전포동,전포동 반핀(Ban Pin),전포동 반핀(Ban Pin) 
117,일미리금계찜닭부산당감점,한식,051-898-0092,부산광역시 부산진구 당감동 175-2 서면삼익아파트,"부산광역시 부산진구 당감로 5, 서면삼익아파트 18동 202-1호 (당감동)",385699.435124042,186652.915622764,영업/정상,,부산진구,당감동,당감동 일미리금계찜닭부산당감점,당감동 일미리금계찜닭부산당감점 051-898-0092
118,장우동,분식,051-8029173,부산광역시 부산진구 부전동 191-1 지하1층,"부산광역시 부산진구 서전로10번길 60 (부전동,지하1층)",387616.817538047,185949.643943291,영업/정상,,부산진구,부전동,부전동 장우동,부전동 장우동 051-8029173
119,미즈,호프/통닭,,부산광역시 부산진구 양정동 94-5번지 (지하1층),"부산광역시 부산진구 연수로 18 (양정동,(지하1층))",388811.599866148,188002.003974532,영업/정상,,부산진구,양정동,양정동 미즈,양정동 미즈 
120,삼한우사골곰탕,탕류(보신용),051-8613428,부산광역시 부산진구 양정동 369-22,부산광역시 부산진구 동평로420번길 5 (양정동),388543.713206158,187920.345149188,영업/정상,https://pcmap.place.naver.com/restaurant/1377888452/review/visitor#,부산진구,양정동,양정동 삼한우사골곰탕,양정동 삼한우사골곰탕 051-8613428
121,대박생생오리,한식,051-8174600,부산광역시 부산진구 부전동 265-2,부산광역시 부산진구 새싹로8번길 37 (부전동),387608.706873208,186470.336906513,영업/정상,,부산진구,부전동,부전동 대박생생오리,부전동 대박생생오리 051-8174600
122,진영곱창,한식,051-6428333,부산광역시 부산진구 범천동 847-29,부산광역시 부산진구 골드테마길 61 (범천동),387652.432071162,184752.658279438,영업/정상,https://pcmap.place.naver.com/restaurant/16777160/review/visitor#,부산진구,범천동,범천동 진영곱창,범천동 진영곱창 051-6428333
123,안정들깨삼계탕,한식,051-8949868,부산광역시 부산진구 개금동 629-1번지,부산광역시 부산진구 진사로61번길 29 (개금동),383936.541812435,184898.870216422,영업/정상,https://pcmap.place.naver.com/restaurant/1977617099/review/visitor#,부산진구,개금동,개금동 안정들깨삼계탕,개금동 안정들깨삼계탕 051-8949868
124,도조도모,일식,,부산광역시 부산진구 부전동 168-155 지상1층,"부산광역시 부산진구 서전로10번길 31-14, 지상1층 (부전동)",387660.389876615,186042.153731845,영업/정상,https://pcmap.place.naver.com/restaurant/1904026138/review/visitor#,부산진구,부전동,부전동 도조도모,부전동 도조도모 
125,기장산곰장어,한식,051-8028039,부산광역시 부산진구 부전동 346-39번지,부산광역시 부산진구 부전로 169 (부전동),387564.040089999,186820.439571175,영업/정상,,부산진구,부전동,부전동 기장산곰장어,부전동 기장산곰장어 051-8028039
126,용문반점,중국식,,부산광역시 부산진구 연지동 231-16번지,부산광역시 부산진구 연지로 35-1 (연지동),387001.78592503,187802.131864331,영업/정상,,부산진구,연지동,연지동 용문반점,연지동 용문반점 
127,중국관,중국식,,부산광역시 부산진구 개금동 277-7번지,부산광역시 부산진구 백양대로 253 (개금동),384306.540123564,185953.050871462,영업/정상,,부산진구,개금동,개금동 중국관,개금동 중국관 
128,국민,횟집,051-891-1353,부산광역시 부산진구 개금동 208-43 외19,부산광역시 부산진구 백양대로 265 (개금동),384219.031360307,185872.378891957,영업/정상,,부산진구,개금동,개금동 국민,개금동 국민 051-891-1353
129,회국수할매집,한식,051-817-9260,부산광역시 부산진구 부전동 486-1,부산광역시 부산진구 서면문화로 5 (부전동),387410.691268352,186276.867082262,영업/정상,https://pcmap.place.naver.com/restaurant/31150359/review/visitor#,부산진구,부전동,부전동 회국수할매집,부전동 회국수할매집 051-817-9260
130,장우동,한식,051-8975477,부산광역시 부산진구 당감동 730-64,부산광역시 부산진구 당감로 53-2 (당감동),385680.059960656,187164.821595635,영업/정상,https://pcmap.place.naver.com/restaurant/1764196150/review/visitor#,부산진구,당감동,당감동 장우동,당감동 장우동 051-8975477
131,대명반점,중국식,051-8096722,부산광역시 부산진구 부전동 266-9,부산광역시 부산진구 중앙대로755번길 5 (부전동),387659.505711894,186470.676679198,영업/정상,https://pcmap.place.naver.com/restaurant/37943551/review/visitor#,부산진구,부전동,부전동 대명반점,부전동 대명반점 051-8096722
132,나온다식당,한식,051-8963675,부산광역시 부산진구 당감동 279-1번지,부산광역시 부산진구 당감로25번길 8 (당감동),385721.700092875,186902.383744345,영업/정상,,부산진구,당감동,당감동 나온다식당,당감동 나온다식당 051-8963675
133,부자부자횟집,횟집,051-8192893,부산광역시 부산진구 당감동 984번지,"부산광역시 부산진구 가야대로703번길 6, 1층 (당감동)",386599.076468986,186168.038794384,영업/정상,https://pcmap.place.naver.com/restaurant/16426527/review/visitor#,부산진구,당감동,당감동 부자부자횟집,당감동 부자부자횟집 051-8192893
134,해물왕거제도굴구이,한식,051-8068898,부산광역시 부산진구 부전동 519-24번지,"부산광역시 부산진구 가야대로784번길 56-14, 지상1층 (부전동)",387319.912919459,185921.5472897,영업/정상,,부산진구,부전동,부전동 해물왕거제도굴구이,부전동 해물왕거제도굴구이 051-8068898
135,팔각도 부산서면롯데점,한식,051-8066369,부산광역시 부산진구 부전동 517-22,부산광역시 부산진구 가야대로784번길 45 (부전동),387401.48245793,185961.471243693,영업/정상,,부산진구,부전동,부전동 팔각도 부산서면롯데점,부전동 팔각도 부산서면롯데점 051-8066369
136,울산식당,한식,051-809-5492,부산광역시 부산진구 전포동 588-6번지,"부산광역시 부산진구 동성로 130, 1층 (전포동)",388070.313685213,186596.285101665,영업/정상,,부산진구,전포동,전포동 울산식당,전포동 울산식당 051-809-5492
137,시장분식센타,분식,,부산광역시 부산진구 부전동 256-6번지,부산광역시 부산진구 서면로 56 (부전동),387468.48013598,185990.346086723,영업/정상,,부산진구,부전동,부전동 시장분식센타,부전동 시장분식센타 
138,선미식당,호프/통닭,051-8179827,부산광역시 부산진구 부암동 393-5번지,부산광역시 부산진구 백양순환로164번가길 8 (부암동),385842.731546839,187230.209017816,영업/정상,,부산진구,부암동,부암동 선미식당,부암동 선미식당 051-8179827
139,현대포차,기타,051-638-9292,부산광역시 부산진구 범천동 885-16,"부산광역시 부산진구 범일로153번길 15, 1층 (범천동)",387516.307765017,184656.852272345,영업/정상,https://pcmap.place.naver.com/restaurant/1577524581/review/visitor#,부산진구,범천동,범천동 현대포차,범천동 현대포차 051-638-9292
140,이치방(전포점),호프/통닭,051-8191344,부산광역시 부산진구 전포동 631-2번지,부산광역시 부산진구 동천로132번길 23-1 (전포동),387970.792531768,186572.179873858,영업/정상,https://pcmap.place.naver.com/restaurant/298832509/review/visitor#,부산진구,전포동,전포동 이치방(전포점),전포동 이치방(전포점) 051-8191344
141,산정,기타,,부산광역시 부산진구 부전동 520-9번지 지상1층,"부산광역시 부산진구 가야대로784번길 64, 지상1층 (부전동)",387360.876626953,185881.969747609,영업/정상,https://pcmap.place.naver.com/restaurant/1397726817/review/visitor#,부산진구,부전동,부전동 산정,부전동 산정 
142,선산반점,중국식,,부산광역시 부산진구 개금동 201-58 번지,"부산광역시 부산진구 가야대로 471-7 (개금동,번지)",384317.079029857,185712.212798448,영업/정상,https://pcmap.place.naver.com/restaurant/1378291307/review/visitor#,부산진구,개금동,개금동 선산반점,개금동 선산반점 
143,단골식당,한식,,부산광역시 부산진구 범천동 865-0번지,,387439.427588947,185345.209698019,영업/정상,https://pcmap.place.naver.com/restaurant/1841653165/review/visitor#,부산진구,범천동,범천동 단골식당,범천동 단골식당 
144,현대식당,한식,,부산광역시 부산진구 개금동 171-153번지,부산광역시 부산진구 복지로13번길 68 (개금동),384372.996012461,185517.221302729,영업/정상,,부산진구,개금동,개금동 현대식당,개금동 현대식당 
145,명가숯불갈비,한식,051-8984008,부산광역시 부산진구 개금동 25-4번지 (1층),"부산광역시 부산진구 개금본동로22번길 6, 1층 (개금동)",384402.310997297,186356.83407176,영업/정상,,부산진구,개금동,개금동 명가숯불갈비,개금동 명가숯불갈비 051-8984008
146,역전할머니맥주,호프/통닭,,부산광역시 부산진구 부전동 240-4번지,부산광역시 부산진구 서면로 36 (부전동),387464.484122547,185789.884543961,영업/정상,,부산진구,부전동,부전동 역전할머니맥주,부전동 역전할머니맥주 
147,가치,분식,051-868-2639,부산광역시 부산진구 양정동 394-12,부산광역시 부산진구 중앙대로909번길 9 (양정동),388462.788825134,187781.10321542,영업/정상,,부산진구,양정동,양정동 가치,양정동 가치 051-868-2639
148,(주)해인코리아 무봤나 촌닭 태화점,한식,051-8046108,부산광역시 부산진구 부전동 217-2번지,부산광역시 부산진구 중앙대로692번길 34 (부전동),387741.742557855,185850.095122852,영업/정상,,부산진구,부전동,부전동 (주)해인코리아 무봤나 촌닭 태화점,부전동 (주)해인코리아 무봤나 촌닭 태화점 051-8046108
149,생일반점,중국식,051-8071183,부산광역시 부산진구 전포동 229-13번지,부산광역시 부산진구 서전로68번길 51 (전포동),388304.838613275,185995.952128519,영업/정상,https://pcmap.place.naver.com/restaurant/16764660/review/visitor#,부산진구,전포동,전포동 생일반점,전포동 생일반점 051-8071183
150,한일반점,중국식,051-8912800,부산광역시 부산진구 가야동 645-14번지,부산광역시 부산진구 냉정로252번길 5 (가야동),384666.94987191,185362.521653393,영업/정상,,부산진구,가야동,가야동 한일반점,가야동 한일반점 051-8912800
151,고미고미,식육(숯불구이),051-808-0892,부산광역시 부산진구 부전동 168-147,부산광역시 부산진구 서전로10번길 31-10 (부전동),387654.896808763,186051.885355182,영업/정상,,부산진구,부전동,부전동 고미고미,부전동 고미고미 051-808-0892
152,3번가(3rdstreet),경양식,051-909-2770,부산광역시 부산진구 양정동 370-24,부산광역시 부산진구 동평로420번길 6 (양정동),388529.477018269,187935.091789948,영업/정상,https://pcmap.place.naver.com/restaurant/1598130404/review/visitor#,부산진구,양정동,양정동 3번가(3rdstreet),양정동 3번가(3rdstreet) 051-909-2770
153,도림,중국식,051-8101000,"부산광역시 부산진구 부전동 503-15 지상41층, 부산롯데호텔","부산광역시 부산진구 가야대로 772, 지상41층 (부전동, 부산롯데호텔)",387271.299492377,186099.137533193,영업/정상,https://pcmap.place.naver.com/restaurant/33875335/review/visitor#,부산진구,부전동,부전동 도림,부전동 도림 051-8101000
154,진주복국집,한식,,부산광역시 부산진구 부전동 168-117번지,부산광역시 부산진구 서전로10번길 31-11 (부전동),387673.783634511,186051.328298281,영업/정상,,부산진구,부전동,부전동 진주복국집,부전동 진주복국집 
155,POOL CAFE&BAR(풀카페&바),경양식,051-8101000,부산광역시 부산진구 부전동 503-15 부산롯데호텔,"부산광역시 부산진구 가야대로 772, 부산롯데호텔 7,8층 (부전동)",387271.299492377,186099.137533193,영업/정상,https://pcmap.place.naver.com/restaurant/1368542485/review/visitor#,부산진구,부전동,부전동 POOL CAFE&BAR(풀카페&바),부전동 POOL CAFE&BAR(풀카페&바) 051-8101000
156,모모야마무궁화,일식,051-8106360,부산광역시 부산진구 부전동 503-15 지상41층 부산롯데호텔,"부산광역시 부산진구 가야대로 772, 지상41층 (부전동, 부산롯데호텔)",387271.299492377,186099.137533193,영업/정상,,부산진구,부전동,부전동 모모야마무궁화,부전동 모모야마무궁화 051-8106360
157,지코바치킨,호프/통닭,051-8071306,부산광역시 부산진구 부암동 414-7번지,부산광역시 부산진구 백양순환로 126 (부암동),385816.835544991,187501.842892095,영업/정상,,부산진구,부암동,부암동 지코바치킨,부암동 지코바치킨 051-8071306
158,청진동감자탕,한식,051-8082112,부산광역시 부산진구 부전동 520-23,부산광역시 부산진구 중앙대로691번길 42 (부전동),387349.894110581,185872.536138586,영업/정상,,부산진구,부전동,부전동 청진동감자탕,부전동 청진동감자탕 051-8082112
159,바다장어구이,한식,051-817-6641,부산광역시 부산진구 초읍동 645-18번지,부산광역시 부산진구 초읍천로 111 (초읍동),386347.645313191,188884.565122763,영업/정상,,부산진구,초읍동,초읍동 바다장어구이,초읍동 바다장어구이 051-817-6641
160,청진동아구찜,한식,051-807-5292,부산광역시 부산진구 부전동 403-19번지,부산광역시 부산진구 서면문화로 38-1 (부전동),387251.041025383,186526.369921677,영업/정상,,부산진구,부전동,부전동 청진동아구찜,부전동 청진동아구찜 051-807-5292
161,신암회센타,횟집,051-8935382,부산광역시 부산진구 범천동 1255-8번지,부산광역시 부산진구 신암로 76 (범천동),387116.263328065,185181.589555803,영업/정상,https://pcmap.place.naver.com/restaurant/16779731/review/visitor#,부산진구,범천동,범천동 신암회센타,범천동 신암회센타 051-8935382
162,우열반점,중국식,,부산광역시 부산진구 전포동 148-3 목화장여관,"부산광역시 부산진구 전포대로306번길 46, 지상1층 (전포동)",388247.338202996,187193.292016246,영업/정상,https://pcmap.place.naver.com/restaurant/16459700/review/visitor#,부산진구,전포동,전포동 우열반점,전포동 우열반점 
163,당감점굽네치킨,통닭(치킨),051-8973007,부산광역시 부산진구 당감동 768-16번지,부산광역시 부산진구 당감서로 118-1 (당감동),385217.483440124,187455.816482927,영업/정상,,부산진구,당감동,당감동 당감점굽네치킨,당감동 당감점굽네치킨 051-8973007
164,중국관,중국식,,부산광역시 부산진구 초읍동 529-70번지,부산광역시 부산진구 성지로74번길 74 (초읍동),387314.709638535,188601.829740477,영업/정상,,부산진구,초읍동,초읍동 중국관,초읍동 중국관 
165,소미돈까스,분식,051-8091401,부산광역시 부산진구 연지동 70-21,부산광역시 부산진구 성지로 24 (연지동),387156.40307567,187890.913244921,영업/정상,https://pcmap.place.naver.com/restaurant/21491341/review/visitor#,부산진구,연지동,연지동 소미돈까스,연지동 소미돈까스 051-8091401
166,불로만바베큐,한식,,부산광역시 부산진구 개금동 554-107번지 지상1층,"부산광역시 부산진구 가야대로482번길 60 (개금동, 지상1층)",384413.458654515,185346.987110356,영업/정상,,부산진구,개금동,개금동 불로만바베큐,개금동 불로만바베큐 
167,더펄,한식,051-647-5467,부산광역시 부산진구 범천동 853-1번지,부산광역시 부산진구 황령대로 24 (범천동),387857.937907203,185118.293933554,영업/정상,https://pcmap.place.naver.com/restaurant/1813742303/review/visitor#,부산진구,범천동,범천동 더펄,범천동 더펄 051-647-5467
168,중앙돼지국밥,한식,051-635-9502,"부산광역시 부산진구 범천동 845-6번지 ,78","부산광역시 부산진구 범일로154번길 28 (범천동,,78)",387749.616712958,184666.41268782,영업/정상,https://pcmap.place.naver.com/restaurant/37202895/review/visitor#,부산진구,범천동,범천동 중앙돼지국밥,범천동 중앙돼지국밥 051-635-9502
169,감포숯불장어구이,한식,,부산광역시 부산진구 개금동 540-99,부산광역시 부산진구 복지로 51 (개금동),384088.860896432,185134.283680357,영업/정상,https://pcmap.place.naver.com/restaurant/16479190/review/visitor#,부산진구,개금동,개금동 감포숯불장어구이,개금동 감포숯불장어구이 
170,송원식당,한식,051-8075522,부산광역시 부산진구 부전동 93-8번지,부산광역시 부산진구 서전로9번길 57 (부전동),387791.471966412,186498.844592269,영업/정상,,부산진구,부전동,부전동 송원식당,부전동 송원식당 051-8075522
171,대원식당,한식,,부산광역시 부산진구 범천동 851-5번지,부산광역시 부산진구 범일로192번길 54 (범천동),387856.808854691,184914.352507156,영업/정상,https://pcmap.place.naver.com/restaurant/16488473/review/visitor#,부산진구,범천동,범천동 대원식당,범천동 대원식당 
172,동남여객구내식당,한식,051-8938679,부산광역시 부산진구 개금동 783,부산광역시 부산진구 진사로 78-11 (개금동),383639.366283349,184648.238332188,영업/정상,,부산진구,개금동,개금동 동남여객구내식당,개금동 동남여객구내식당 051-8938679
173,샤브테이,한식,,부산광역시 부산진구 부전동 172-1,"부산광역시 부산진구 중앙대로692번길 45-7, 지상2층 (부전동)",387783.110280974,185907.206429187,영업/정상,https://pcmap.place.naver.com/restaurant/1869028975/review/visitor#,부산진구,부전동,부전동 샤브테이,부전동 샤브테이 
174,미누식당,기타,051-802-2765,부산광역시 부산진구 부전동 168-168번지,"부산광역시 부산진구 중앙대로702번길 27-7, 지상1층 (부전동)",387683.467239377,186000.599150772,영업/정상,https://pcmap.place.naver.com/restaurant/71691204/review/visitor#,부산진구,부전동,부전동 미누식당,부전동 미누식당 051-802-2765
175,구이경지의대화숯불가든,한식,051-8190092,부산광역시 부산진구 부전동 398-17번지,부산광역시 부산진구 서면문화로 22-11 (부전동),387344.000276563,186428.929548014,영업/정상,,부산진구,부전동,부전동 구이경지의대화숯불가든,부전동 구이경지의대화숯불가든 051-8190092
176,정원,중국식,,부산광역시 부산진구 전포동 205-3번지,부산광역시 부산진구 서전로 74-1 (전포동),388346.173209596,186234.62853769,영업/정상,,부산진구,전포동,전포동 정원,전포동 정원 
177,보리수,기타,,부산광역시 부산진구 당감동 319-4번지,부산광역시 부산진구 당감로64번길 16 (당감동),385756.274345334,187286.000057799,영업/정상,https://pcmap.place.naver.com/restaurant/1027886454/review/visitor#,부산진구,당감동,당감동 보리수,당감동 보리수 
178,부전삼계탕,한식,051-8197979,부산광역시 부산진구 부전동 267-19,부산광역시 부산진구 중앙대로755번길 10 (부전동),387666.12706233,186499.349069279,영업/정상,,부산진구,부전동,부전동 부전삼계탕,부전동 부전삼계탕 051-8197979
179,가야반점,중국식,,부산광역시 부산진구 가야동 343-15,부산광역시 부산진구 대학로36번길 5 (가야동),385427.985738139,185591.680581018,영업/정상,,부산진구,가야동,가야동 가야반점,가야동 가야반점 
180,다온,중국식,,부산광역시 부산진구 당감동 302-11번지 (1층),"부산광역시 부산진구 동평로 101 (당감동,(1층))",385847.568438111,187098.912831672,영업/정상,,부산진구,당감동,당감동 다온,당감동 다온 
181,시골장터우정의집,한식,051-896-0408,부산광역시 부산진구 당감동 302-11번지,부산광역시 부산진구 동평로 101 (당감동),385847.568438111,187098.912831672,영업/정상,https://pcmap.place.naver.com/restaurant/34033595/review/visitor#,부산진구,당감동,당감동 시골장터우정의집,당감동 시골장터우정의집 051-896-0408
182,동해식당,한식,051-8192718,부산광역시 부산진구 전포동 340-15번지,부산광역시 부산진구 서전로58번길 79 (전포동),388211.258015834,185847.379478977,영업/정상,,부산진구,전포동,전포동 동해식당,전포동 동해식당 051-8192718
183,우리두리호프,한식,051-6462742,부산광역시 부산진구 범천동 845-70번지,"부산광역시 부산진구 중앙번영로20번길 42, 2층 (범천동)",387772.138423895,184585.541086337,영업/정상,,부산진구,범천동,범천동 우리두리호프,범천동 우리두리호프 051-6462742
184,동근이숯불두마리치킨 당감점,호프/통닭,051-8952282,부산광역시 부산진구 당감동 792-12,부산광역시 부산진구 백양관문로 84 (당감동),384771.350501072,187151.786979683,영업/정상,,부산진구,당감동,당감동 동근이숯불두마리치킨 당감점,당감동 동근이숯불두마리치킨 당감점 051-8952282
185,본죽양정점,기타,051-8688860,부산광역시 부산진구 양정동 508-2번지,부산광역시 부산진구 동평로 367 (양정동),388094.050753781,188155.482760419,영업/정상,https://pcmap.place.naver.com/restaurant/13029596/review/visitor#,부산진구,양정동,양정동 본죽양정점,양정동 본죽양정점 051-8688860
186,기와집아구찜,한식,051-6457489,부산광역시 부산진구 범천동 1302-363번지,부산광역시 부산진구 만리산로 3 (범천동),387163.051347776,184493.71804744,영업/정상,https://pcmap.place.naver.com/restaurant/1588102136/review/visitor#,부산진구,범천동,범천동 기와집아구찜,범천동 기와집아구찜 051-6457489
187,팝콘,경양식,051-8197171,부산광역시 부산진구 초읍동 291-1,부산광역시 부산진구 성지로 159 (초읍동),386421.104258838,188879.397822859,영업/정상,,부산진구,초읍동,초읍동 팝콘,초읍동 팝콘 051-8197171
188,야래향,중국식,051-8921233,부산광역시 부산진구 개금동 628-1번지,부산광역시 부산진구 진사로61번길 29 (개금동),383828.062799657,184898.760523013,영업/정상,https://pcmap.place.naver.com/restaurant/16480467/review/visitor#,부산진구,개금동,개금동 야래향,개금동 야래향 051-8921233
189,남해수산횟집,횟집,051818-9898,부산광역시 부산진구 부전동 475-4,부산광역시 부산진구 서면문화로 11-1 (부전동),387377.885057322,186314.282251138,영업/정상,https://pcmap.place.naver.com/restaurant/16437073/review/visitor#,부산진구,부전동,부전동 남해수산횟집,부전동 남해수산횟집 051818-9898
190,호호감자탕 서면1번가점,한식,,부산광역시 부산진구 부전동 524-1,"부산광역시 부산진구 중앙대로691번길 41, 1층 (부전동)",387348.234193345,185842.175563668,영업/정상,,부산진구,부전동,부전동 호호감자탕 서면1번가점,부전동 호호감자탕 서면1번가점 
191,한식의유혹,한식,,부산광역시 부산진구 전포동 31-6,"부산광역시 부산진구 동성로112번길 77, 지하1층 (전포동)",388306.616708217,186865.517975461,영업/정상,,부산진구,전포동,전포동 한식의유혹,전포동 한식의유혹 
192,슬로우캘리 서면역점,기타,,부산광역시 부산진구 부전동 117-1,"부산광역시 부산진구 서전로9번길 20, 1층 102호 (부전동)",387733.937788925,186337.403456708,영업/정상,,부산진구,부전동,부전동 슬로우캘리 서면역점,부전동 슬로우캘리 서면역점 
193,아메리칸 키친 by121(American Kitchen by121),경양식,,부산광역시 부산진구 부전동 503-15 롯데백화점부산본점,"부산광역시 부산진구 가야대로 772, 롯데백화점부산본점 지하2층 (부전동)",387271.299492377,186099.137533193,영업/정상,https://pcmap.place.naver.com/restaurant/1406906805/review/visitor#,부산진구,부전동,부전동 아메리칸 키친 by121(American Kitchen by121),부전동 아메리칸 키친 by121(American Kitchen by121) 
194,신보영,중국식,,부산광역시 부산진구 당감동 516 주공아파트3단지 나상가동 나상가3호,"부산광역시 부산진구 백양관문로 10, 나상가동 나상가3호 (당감동, 주공아파트3단지)",385131.532073813,186553.007795525,영업/정상,https://pcmap.place.naver.com/restaurant/16470627/review/visitor#,부산진구,당감동,당감동 신보영,당감동 신보영 
195,더블유함바그(Whamburg),경양식,,부산광역시 부산진구 전포동 663-7,"부산광역시 부산진구 서전로37번길 14-1, 1층 9호, 10호 (전포동)",388014.99032019,186309.668968399,영업/정상,https://pcmap.place.naver.com/restaurant/1189165408/review/visitor#,부산진구,전포동,전포동 더블유함바그(Whamburg),전포동 더블유함바그(Whamburg) 
196,요타쿠마,일식,,부산광역시 부산진구 부전동 515-11,"부산광역시 부산진구 중앙대로691번가길 5, 1,2층 (부전동)",387261.956732821,185871.693585718,영업/정상,https://pcmap.place.naver.com/restaurant/1295688555/review/visitor#,부산진구,부전동,부전동 요타쿠마,부전동 요타쿠마 
197,나는맛있다 푸드연구소,한식,,부산광역시 부산진구 부전동 256-5,"부산광역시 부산진구 서면로68번길 20, 1층 (부전동)",387477.675529825,186047.516310664,영업/정상,https://pcmap.place.naver.com/restaurant/1257115084/review/visitor#,부산진구,부전동,부전동 나는맛있다 푸드연구소,부전동 나는맛있다 푸드연구소 
198,부산막고기,식육(숯불구이),,부산광역시 부산진구 전포동 197-8 1층 일부,"부산광역시 부산진구 서전로67번길 27-9, 1층 일부 (전포동)",388247.52387959,186374.14420323,영업/정상,,부산진구,전포동,전포동 부산막고기,전포동 부산막고기 
199,둥지,한식,,부산광역시 부산진구 전포동 306-21 1층 일부,"부산광역시 부산진구 서전로68번길 38-6, 1층 일부 (전포동)",388268.116331072,186080.307714722,영업/정상,,부산진구,전포동,전포동 둥지,전포동 둥지 
200,오월가,한식,051-6451906,부산광역시 부산진구 범천동 847-2,"부산광역시 부산진구 범일로 158, 104동 1층 101호 (범천동)",387641.682113215,184715.319562849,영업/정상,https://pcmap.place.naver.com/restaurant/1771473031/review/visitor#,부산진구,범천동,범천동 오월가,범천동 오월가 051-6451906
201,옥섬,한식,,부산광역시 부산진구 전포동 220-1,"부산광역시 부산진구 서전로68번길 39, 2층 (전포동)",388301.92886077,186051.669993947,영업/정상,https://pcmap.place.naver.com/restaurant/1412923990/review/visitor#,부산진구,전포동,전포동 옥섬,전포동 옥섬 
202,993루프탑,기타,051-996-2000,부산광역시 부산진구 양정동 321-2,"부산광역시 부산진구 거제대로 70, 11층 (양정동)",388361.019913516,188140.258492077,영업/정상,https://pcmap.place.naver.com/restaurant/1331987384/review/visitor#,부산진구,양정동,양정동 993루프탑,양정동 993루프탑 051-996-2000
203,993 루프탑,기타,051-304-4477,부산광역시 부산진구 양정동 321-2,"부산광역시 부산진구 거제대로 70, 10층 (양정동)",388361.019913516,188140.258492077,영업/정상,https://pcmap.place.naver.com/restaurant/1331987384/review/visitor#,부산진구,양정동,양정동 993 루프탑,양정동 993 루프탑 051-304-4477
204,불러바드,한식,,부산광역시 부산진구 전포동 344-13,"부산광역시 부산진구 동성로39번길 31-1, 1층 (전포동)",388249.189689532,185805.47612673,영업/정상,https://pcmap.place.naver.com/restaurant/1901300016/review/visitor#,부산진구,전포동,전포동 불러바드,전포동 불러바드 
205,홍콩가든,중국식,,부산광역시 부산진구 전포동 312-12,"부산광역시 부산진구 전포대로 206-2, 1층 (전포동)",388157.395545883,185942.570706636,영업/정상,https://pcmap.place.naver.com/restaurant/1196417466/review/visitor#,부산진구,전포동,전포동 홍콩가든,전포동 홍콩가든 
206,빨판(서면점),기타,051-637-7114,부산광역시 부산진구 범천동 869-20,"부산광역시 부산진구 신천대로65번길 37, 1층 (범천동)",387485.581067449,185202.274681768,영업/정상,,부산진구,범천동,범천동 빨판(서면점),범천동 빨판(서면점) 051-637-7114
207,비에이,기타,,부산광역시 부산진구 전포동 364-2,"부산광역시 부산진구 동성로15번길 25, 4층 (전포동)",388292.271103609,185578.265510644,영업/정상,https://pcmap.place.naver.com/restaurant/1465593199/review/visitor#,부산진구,전포동,전포동 비에이,전포동 비에이 
208,효도쿡123 진구점,기타,,부산광역시 부산진구 개금동 428-4,"부산광역시 부산진구 백양대로 266, 1층 (개금동)",384178.490735608,185924.320146116,영업/정상,,부산진구,개금동,개금동 효도쿡123 진구점,개금동 효도쿡123 진구점 
209,다운트 (주)서림서면2지점,기타,,부산광역시 부산진구 부전동 153-1,"부산광역시 부산진구 서전로 12, 1층 (부전동)",387713.106201967,186204.742341071,영업/정상,,부산진구,부전동,부전동 다운트 (주)서림서면2지점,부전동 다운트 (주)서림서면2지점 
210,날곳,한식,,부산광역시 부산진구 부전동 513-2 101호 일부,"부산광역시 부산진구 부전로65번길 7, 101호 일부 (부전동)",387127.658119724,185999.849924444,영업/정상,,부산진구,부전동,부전동 날곳,부전동 날곳 
211,도모라멘,일식,,부산광역시 부산진구 개금동 501-3,"부산광역시 부산진구 복지로8번길 18, 2층 3호 (개금동)",383940.229489297,185507.025656272,영업/정상,,부산진구,개금동,개금동 도모라멘,개금동 도모라멘 
212,인트로INTRO,한식,,부산광역시 부산진구 전포동 300-17,"부산광역시 부산진구 서전로58번길 13, 2층 (전포동)",388199.966478874,186182.329913418,영업/정상,https://pcmap.place.naver.com/restaurant/1255071975/review/visitor#,부산진구,전포동,전포동 인트로INTRO,전포동 인트로INTRO 
213,디베르티티,경양식,,부산광역시 부산진구 전포동 360-16,"부산광역시 부산진구 전포대로176번길 28, 1층 (전포동)",388292.9334644,185617.192276311,영업/정상,https://pcmap.place.naver.com/restaurant/1568701872/review/visitor#,부산진구,전포동,전포동 디베르티티,전포동 디베르티티 
214,화목,한식,,부산광역시 부산진구 부전동 512-9,"부산광역시 부산진구 부전로 75-5, 1층 (부전동)",387115.643349713,186093.850190845,영업/정상,,부산진구,부전동,부전동 화목,부전동 화목 
215,"파레토,PARETO",기타,,부산광역시 부산진구 전포동 307-26,"부산광역시 부산진구 서전로58번길 37-10, 2층 (전포동)",388244.160259762,186047.936808622,영업/정상,https://pcmap.place.naver.com/restaurant/1487860102/review/visitor#,부산진구,전포동,"전포동 파레토,PARETO","전포동 파레토,PARETO "
216,용이네김밥&반찬,분식,,부산광역시 부산진구 범천동 1196-10,"부산광역시 부산진구 신암로 117, 1층 (범천동)",386834.935764701,185473.43270535,영업/정상,,부산진구,범천동,범천동 용이네김밥&반찬,범천동 용이네김밥&반찬 
217,송가네식당,한식,,부산광역시 부산진구 개금동 615-16,"부산광역시 부산진구 엄광로 15, 1층 4호 (개금동)",383814.505388622,185126.258747445,영업/정상,https://pcmap.place.naver.com/restaurant/1332528360/review/visitor#,부산진구,개금동,개금동 송가네식당,개금동 송가네식당 
218,해룸,일식,,부산광역시 부산진구 전포동 680-12,부산광역시 부산진구 서전로38번길 35-12 (전포동),388038.390000384,186037.869261997,영업/정상,https://pcmap.place.naver.com/restaurant/1726137692/review/visitor#,부산진구,전포동,전포동 해룸,전포동 해룸 
219,36.2(삼십육점이),기타,,부산광역시 부산진구 전포동 685-8,"부산광역시 부산진구 전포대로199번길 36, 2층 (전포동)",387936.146483933,185892.456948776,영업/정상,,부산진구,전포동,전포동 36.2(삼십육점이),전포동 36.2(삼십육점이) 
220,개금아구찜,한식,,부산광역시 부산진구 개금동 501-3,"부산광역시 부산진구 복지로8번길 18, 2층 11호 (개금동)",383940.229489297,185507.025656272,영업/정상,,부산진구,개금동,개금동 개금아구찜,개금동 개금아구찜 
221,도형민식당 부산본점,경양식,,부산광역시 부산진구 전포동 347-23,"부산광역시 부산진구 전포대로186번길 11, 2층 (전포동)",388213.068094063,185733.04506902,영업/정상,,부산진구,전포동,전포동 도형민식당 부산본점,전포동 도형민식당 부산본점 
222,부싼치킨,호프/통닭,,부산광역시 부산진구 부전동 405-41,"부산광역시 부산진구 부전로 117-10, 1층 (부전동)",387128.683805944,186579.587824529,영업/정상,,부산진구,부전동,부전동 부싼치킨,부전동 부싼치킨 
223,컨버터,경양식,,부산광역시 부산진구 부전동 503-15 롯데백화점부산본점,"부산광역시 부산진구 가야대로 772, 롯데백화점부산본점 지하2층 (부전동)",387271.299492377,186099.137533193,영업/정상,,부산진구,부전동,부전동 컨버터,부전동 컨버터 
224,애착,한식,,부산광역시 부산진구 전포동 340-38 2층 일부,"부산광역시 부산진구 서전로68번길 78, 2층 일부 (전포동)",388289.532104278,185857.518349156,영업/정상,https://pcmap.place.naver.com/restaurant/1394108775/review/visitor#,부산진구,전포동,전포동 애착,전포동 애착 
225,올수록,경양식,,부산광역시 부산진구 범천동 855-6,"부산광역시 부산진구 황령대로 2, 1층 (범천동)",387654.159900539,185077.533356191,영업/정상,https://pcmap.place.naver.com/restaurant/1692992454/review/visitor#,부산진구,범천동,범천동 올수록,범천동 올수록 
226,새로데시벨,기타,,부산광역시 부산진구 부전동 515-36,"부산광역시 부산진구 부전로 58-1, 3층 (부전동)",387189.649619875,185953.714251698,영업/정상,https://pcmap.place.naver.com/restaurant/1418538719/review/visitor#,부산진구,부전동,부전동 새로데시벨,부전동 새로데시벨 
227,꼬이꼬이 전포점,일식,,부산광역시 부산진구 전포동 309-44,"부산광역시 부산진구 전포대로216번길 4, 1층 (전포동)",388166.914542083,186014.400154722,영업/정상,https://pcmap.place.naver.com/restaurant/1122982964/review/visitor#,부산진구,전포동,전포동 꼬이꼬이 전포점,전포동 꼬이꼬이 전포점 
228,켄코,기타,051-204-7667,부산광역시 부산진구 범천동 839-412,"부산광역시 부산진구 자유평화로 15, 2층 201호 (범천동)",387809.300188761,184440.436978231,영업/정상,https://pcmap.place.naver.com/restaurant/1888411410/review/visitor#,부산진구,범천동,범천동 켄코,범천동 켄코 051-204-7667
229,샤부,한식,,부산광역시 부산진구 개금동 554-238,"부산광역시 부산진구 복지로41번길 5, 1층 (개금동)",384074.439119589,185252.024998147,영업/정상,,부산진구,개금동,개금동 샤부,개금동 샤부 
230,파동波動,한식,,부산광역시 부산진구 전포동 309-5 경남빌딩,"부산광역시 부산진구 전포대로216번길 7, 경남빌딩 2층 일부 (전포동)",388183.470795901,186033.387710388,영업/정상,,부산진구,전포동,전포동 파동波動,전포동 파동波動 
231,코코로미,일식,,"부산광역시 부산진구 전포동 334-40 2층, 3층","부산광역시 부산진구 전포대로210번길 38, 2층, 3층 (전포동)",388331.048878894,185975.854515439,영업/정상,https://pcmap.place.naver.com/restaurant/1199523033/review/visitor#,부산진구,전포동,전포동 코코로미,전포동 코코로미 
232,넉잔,한식,,부산광역시 부산진구 전포동 207-4,부산광역시 부산진구 전포대로 226-13 (전포동),388158.593972001,186182.529191693,영업/정상,https://pcmap.place.naver.com/restaurant/1214029556/review/visitor#,부산진구,전포동,전포동 넉잔,전포동 넉잔 
233,텐사쿠,일식,,부산광역시 부산진구 전포동 312-1,"부산광역시 부산진구 전포대로210번길 8, 1층 (전포동)",388184.550482427,185970.657957448,영업/정상,https://pcmap.place.naver.com/restaurant/1798877609/review/visitor#,부산진구,전포동,전포동 텐사쿠,전포동 텐사쿠 
234,오꾸닭 동의대역점,호프/통닭,,부산광역시 부산진구 가야동 186 가야 롯데캐슬 골드아너,"부산광역시 부산진구 가야대로 538, 상가1동 지하1층 101호 (가야동, 가야 롯데캐슬 골드아너)",384998.156253505,185638.712482347,영업/정상,,부산진구,가야동,가야동 오꾸닭 동의대역점,가야동 오꾸닭 동의대역점 
235,칙바이칙 서면점,기타,,부산광역시 부산진구 부전동 535-4,"부산광역시 부산진구 중앙대로 663, 1층 (부전동)",387542.119327034,185585.098930111,영업/정상,https://pcmap.place.naver.com/restaurant/1555424470/review/visitor#,부산진구,부전동,부전동 칙바이칙 서면점,부전동 칙바이칙 서면점 
236,남다른썬치킨 범천1호점,호프/통닭,,부산광역시 부산진구 범천동 1652 e편한세상 서면 더센트럴,"부산광역시 부산진구 신암로 133, 401동 지하2층 5호 (범천동, e편한세상 서면 더센트럴)",386691.13201286,185556.097572644,영업/정상,,부산진구,범천동,범천동 남다른썬치킨 범천1호점,범천동 남다른썬치킨 범천1호점 
237,조개대교 전포점,한식,,부산광역시 부산진구 전포동 312-2,"부산광역시 부산진구 전포대로210번길 6, 2,3층 (전포동)",388170.530035231,185968.78355794,영업/정상,https://pcmap.place.naver.com/restaurant/1125624496/review/visitor#,부산진구,전포동,전포동 조개대교 전포점,전포동 조개대교 전포점 
238,댓츠라이프,기타,,부산광역시 부산진구 전포동 356-16,"부산광역시 부산진구 전포대로176번길 27, 2층 (전포동)",388292.550985041,185639.63604422,영업/정상,https://pcmap.place.naver.com/restaurant/1994775119/review/visitor#,부산진구,전포동,전포동 댓츠라이프,전포동 댓츠라이프 
239,계곱주,한식,,부산광역시 부산진구 전포동 312-2 1층 일부,"부산광역시 부산진구 전포대로210번길 6, 1층 일부 (전포동)",388170.530035231,185968.78355794,영업/정상,https://pcmap.place.naver.com/restaurant/1978318395/review/visitor#,부산진구,전포동,전포동 계곱주,전포동 계곱주 
240,전포연가2,한식,,부산광역시 부산진구 전포동 308-8,"부산광역시 부산진구 서전로58번길 47, 2층 (전포동)",388205.378344947,186008.578401518,영업/정상,,부산진구,전포동,전포동 전포연가2,전포동 전포연가2 
241,마딛따,한식,,부산광역시 부산진구 전포동 334-49,"부산광역시 부산진구 동성로49번길 20, 2층 (전포동)",388306.067015512,185946.423156458,영업/정상,https://pcmap.place.naver.com/restaurant/1591056151/review/visitor#,부산진구,전포동,전포동 마딛따,전포동 마딛따 
242,변곡점스탠드,기타,,부산광역시 부산진구 전포동 349-5,"부산광역시 부산진구 동성로 31, 1층 (전포동)",388393.718996704,185749.309632412,영업/정상,https://pcmap.place.naver.com/restaurant/1030966840/review/visitor#,부산진구,전포동,전포동 변곡점스탠드,전포동 변곡점스탠드 
243,비엣소셜클럽,"외국음식전문점(인도,태국등)",,부산광역시 부산진구 전포동 196-24,"부산광역시 부산진구 전포대로256번길 20-4, 1층 (전포동)",388208.681510862,186405.181358304,영업/정상,https://pcmap.place.naver.com/restaurant/1233399495/review/visitor#,부산진구,전포동,전포동 비엣소셜클럽,전포동 비엣소셜클럽 
244,국수야,한식,,부산광역시 부산진구 부전동 398-16,"부산광역시 부산진구 새싹로 21-18, 1층 (부전동)",387350.234156239,186433.182078164,영업/정상,,부산진구,부전동,부전동 국수야,부전동 국수야 
245,구름계란덮밥 서면점,한식,,부산광역시 부산진구 전포동 362-65,"부산광역시 부산진구 전포대로 148, 1층 105호 (전포동)",388192.102300884,185380.835444601,영업/정상,https://pcmap.place.naver.com/restaurant/1880742611/review/visitor#,부산진구,전포동,전포동 구름계란덮밥 서면점,전포동 구름계란덮밥 서면점 
246,찜이랑도시락,한식,,부산광역시 부산진구 가야동 13-9,"부산광역시 부산진구 가야대로668번길 30, 1층 (가야동)",386224.301292326,185876.248233538,영업/정상,,부산진구,가야동,가야동 찜이랑도시락,가야동 찜이랑도시락 
247,리조트인더시티,기타,,부산광역시 부산진구 부전동 198-3,"부산광역시 부산진구 중앙대로680번길 23, 4층 (부전동)",387693.941356588,185770.316675488,영업/정상,,부산진구,부전동,부전동 리조트인더시티,부전동 리조트인더시티 
248,음주가:밀 전포,기타,,부산광역시 부산진구 전포동 882-11,"부산광역시 부산진구 동천로24번길 26, 1층 (전포동)",387892.47224053,185597.401766434,영업/정상,https://pcmap.place.naver.com/restaurant/1099385736/review/visitor#,부산진구,전포동,전포동 음주가:밀 전포,전포동 음주가:밀 전포 
249,동이아구찜,한식,,부산광역시 부산진구 가야동 343-20,"부산광역시 부산진구 대학로 38-10, 1층 (가야동)",385388.029621973,185580.889820245,영업/정상,https://pcmap.place.naver.com/restaurant/1375529288/review/visitor#,부산진구,가야동,가야동 동이아구찜,가야동 동이아구찜 
250,다니아키친,한식,,부산광역시 부산진구 가야동 643-20,"부산광역시 부산진구 냉정로 239, 2층 (가야동)",384543.914004424,185425.648362063,영업/정상,,부산진구,가야동,가야동 다니아키친,가야동 다니아키친 
251,오뎅끼데쓰까,기타,,부산광역시 부산진구 부전동 516-5,"부산광역시 부산진구 가야대로784번길 46-14, 1층 101호 (부전동)",387313.976851835,185976.730590974,영업/정상,https://pcmap.place.naver.com/restaurant/1352561317/review/visitor#,부산진구,부전동,부전동 오뎅끼데쓰까,부전동 오뎅끼데쓰까 
252,영광할매집,한식,,부산광역시 부산진구 부전동 398-25,"부산광역시 부산진구 서면문화로 22-1, 1층 (부전동)",387329.610633738,186407.524563249,영업/정상,https://pcmap.place.naver.com/restaurant/1808005768/review/visitor#,부산진구,부전동,부전동 영광할매집,부전동 영광할매집 
253,난바이,일식,,부산광역시 부산진구 전포동 203-11,"부산광역시 부산진구 동성로 89, 1층 (전포동)",388354.876077133,186324.435344739,영업/정상,https://pcmap.place.naver.com/restaurant/1670679573/review/visitor#,부산진구,전포동,전포동 난바이,전포동 난바이 
254,명란김밥,한식,,부산광역시 부산진구 부전동 573-3 부전시장,"부산광역시 부산진구 중앙대로783번길 23, 부전시장 1층 32563-72,73호 (부전동)",387713.995735189,186850.240379432,영업/정상,https://pcmap.place.naver.com/restaurant/1833851386/review/visitor#,부산진구,부전동,부전동 명란김밥,부전동 명란김밥 
255,언노운피자,경양식,,부산광역시 부산진구 전포동 903 부산전포사랑으로부영 상가동 104호,"부산광역시 부산진구 동성로 82, 상가동 104호 (전포동, 부산전포사랑으로부영)",388447.267051314,186285.997333193,영업/정상,https://pcmap.place.naver.com/restaurant/1722803236/review/visitor#,부산진구,전포동,전포동 언노운피자,전포동 언노운피자 
256,레이어,기타,,부산광역시 부산진구 부전동 168-459 우목빌딩Ⅱ,"부산광역시 부산진구 중앙대로680번가길 74, 우목빌딩Ⅱ 4층 (부전동)",387735.440664991,186112.846288405,영업/정상,https://pcmap.place.naver.com/restaurant/1886211693/review/visitor#,부산진구,부전동,부전동 레이어,부전동 레이어 
257,엄마부페(반찬)오후소주방,한식,,부산광역시 부산진구 전포동 908 서면아이파크아파트 상가1동 7호,"부산광역시 부산진구 동성로 50, 상가1동 7호 (전포동, 서면아이파크아파트)",388546.11676027,186038.10613501,영업/정상,,부산진구,전포동,전포동 엄마부페(반찬)오후소주방,전포동 엄마부페(반찬)오후소주방 
258,닭발쏘옥,한식,,부산광역시 부산진구 전포동 379-18,"부산광역시 부산진구 황령대로98번길 65, 2층 (전포동)",388345.798913963,185269.13637578,영업/정상,https://pcmap.place.naver.com/restaurant/1079105505/review/visitor#,부산진구,전포동,전포동 닭발쏘옥,전포동 닭발쏘옥 
259,치퀸사계 양정점,호프/통닭,,부산광역시 부산진구 양정동 353-13,"부산광역시 부산진구 양지로5번길 17, 3층 (양정동)",388509.510411548,187657.322977134,영업/정상,https://pcmap.place.naver.com/restaurant/1508467756/review/visitor#,부산진구,양정동,양정동 치퀸사계 양정점,양정동 치퀸사계 양정점 
260,갓구운 치킨,호프/통닭,,부산광역시 부산진구 부암동 124-58,"부산광역시 부산진구 신천대로204번길 20, 1층 (부암동)",386846.085356796,186482.155152622,영업/정상,https://pcmap.place.naver.com/restaurant/1546756444/review/visitor#,부산진구,부암동,부암동 갓구운 치킨,부암동 갓구운 치킨 
261,무화(moohwa),경양식,,부산광역시 부산진구 전포동 197-8 1층 일부,"부산광역시 부산진구 서전로67번길 27-9, 1층 일부 (전포동)",388247.52387959,186374.14420323,영업/정상,https://pcmap.place.naver.com/restaurant/1943916454/review/visitor#,부산진구,전포동,전포동 무화(moohwa),전포동 무화(moohwa) 
262,아지양 서면점,식육(숯불구이),,부산광역시 부산진구 부전동 398-17 1층 일부,"부산광역시 부산진구 서면문화로 22-9, 1층 일부 (부전동)",387344.000276563,186428.929548014,영업/정상,https://pcmap.place.naver.com/restaurant/1886964869/review/visitor#,부산진구,부전동,부전동 아지양 서면점,부전동 아지양 서면점 
263,호두가,한식,,부산광역시 부산진구 부전동 502-10,"부산광역시 부산진구 서면로 63, 1층 (부전동)",387416.959585392,186068.743218689,영업/정상,https://pcmap.place.naver.com/restaurant/1863475068/review/visitor#,부산진구,부전동,부전동 호두가,부전동 호두가 
264,낫낫럭키,한식,,부산광역시 부산진구 전포동 205-63,"부산광역시 부산진구 서전로 70, 2층 (전포동)",388299.910367353,186232.696658402,영업/정상,https://pcmap.place.naver.com/restaurant/1013194731/review/visitor#,부산진구,전포동,전포동 낫낫럭키,전포동 낫낫럭키 
265,방방곡곡,기타,,부산광역시 부산진구 전포동 205-63 1층 일부,"부산광역시 부산진구 서전로 70, 1층 일부 (전포동)",388299.910367353,186232.696658402,영업/정상,https://pcmap.place.naver.com/restaurant/1097333607/review/visitor#,부산진구,전포동,전포동 방방곡곡,전포동 방방곡곡 
266,삼시세끼,한식,,부산광역시 부산진구 전포동 196-1 1층 일부,"부산광역시 부산진구 전포대로256번길 30, 1층 일부 (전포동)",388276.490485541,186418.423794477,영업/정상,,부산진구,전포동,전포동 삼시세끼,전포동 삼시세끼 
267,옛날장터,한식,,부산광역시 부산진구 가야동 50-23,"부산광역시 부산진구 가야대로 631, 지하1층 (가야동)",385885.67877338,185973.787504964,영업/정상,https://pcmap.place.naver.com/restaurant/38275959/review/visitor#,부산진구,가야동,가야동 옛날장터,가야동 옛날장터 
268,워킹홀리데이 전포,경양식,,부산광역시 부산진구 전포동 300-37,"부산광역시 부산진구 동성로71번길 24, 1층 (전포동)",388266.311564461,186155.108809328,영업/정상,https://pcmap.place.naver.com/restaurant/1212372768/review/visitor#,부산진구,전포동,전포동 워킹홀리데이 전포,전포동 워킹홀리데이 전포 
269,지성감족,한식,,부산광역시 부산진구 부전동 269-4,"부산광역시 부산진구 새싹로14번길 52, 1층 (부전동)",387604.677968411,186596.068981959,영업/정상,https://pcmap.place.naver.com/restaurant/1298282928/review/visitor#,부산진구,부전동,부전동 지성감족,부전동 지성감족 
270,벧엘,한식,,부산광역시 부산진구 부전동 268-2,"부산광역시 부산진구 부전로158번길 50, 1층 (부전동)",387613.445389826,186549.993848568,영업/정상,,부산진구,부전동,부전동 벧엘,부전동 벧엘 
271,시골할매쌈밥,한식,,부산광역시 부산진구 부전동 532-51,"부산광역시 부산진구 신천대로78번길 18-4, 1층 (부전동)",387354.010788414,185527.145022001,영업/정상,,부산진구,부전동,부전동 시골할매쌈밥,부전동 시골할매쌈밥 
272,불티,한식,,부산광역시 부산진구 전포동 193-18,"부산광역시 부산진구 전포대로 264-1, 1층 (전포동)",388141.796405111,186511.803647456,영업/정상,https://pcmap.place.naver.com/restaurant/1036989775/review/visitor#,부산진구,전포동,전포동 불티,전포동 불티 
273,노월당,한식,,부산광역시 부산진구 전포동 334-49,"부산광역시 부산진구 동성로49번길 20, 1층 (전포동)",388306.067015512,185946.423156458,영업/정상,https://pcmap.place.naver.com/restaurant/1883733532/review/visitor#,부산진구,전포동,전포동 노월당,전포동 노월당 
274,다섯시반(530),한식,070-75763262,부산광역시 부산진구 전포동 300-37,"부산광역시 부산진구 동성로71번길 24, 2층 (전포동)",388266.311564461,186155.108809328,영업/정상,,부산진구,전포동,전포동 다섯시반(530),전포동 다섯시반(530) 070-75763262
275,광복동 일광집,기타,,부산광역시 부산진구 부전동 515-6,"부산광역시 부산진구 중앙대로691번가길 21, 2층 (부전동)",387228.691759783,185939.216484774,영업/정상,https://pcmap.place.naver.com/restaurant/1941414545/review/visitor#,부산진구,부전동,부전동 광복동 일광집,부전동 광복동 일광집 
276,포스터바,경양식,,부산광역시 부산진구 전포동 671-1,"부산광역시 부산진구 전포대로223번길 20, C동 106호, 107호, 108호 (전포동)",388004.551080853,186121.431303263,영업/정상,https://pcmap.place.naver.com/restaurant/1282424644/review/visitor#,부산진구,전포동,전포동 포스터바,전포동 포스터바 
277,(주)송원 부암점,한식,,부산광역시 부산진구 당감동 703-12,"부산광역시 부산진구 백양순환로28번길 44, 1층 (당감동)",385332.081602559,187330.415736008,영업/정상,,부산진구,당감동,당감동 (주)송원 부암점,당감동 (주)송원 부암점 
278,해바라기도너츠,기타,,부산광역시 부산진구 당감동 251-3,"부산광역시 부산진구 백양대로78번길 19, 1층 (당감동)",385868.400311482,186745.023014182,영업/정상,,부산진구,당감동,당감동 해바라기도너츠,당감동 해바라기도너츠 
279,로만,기타,,부산광역시 부산진구 부전동 168-92,"부산광역시 부산진구 중앙대로702번길 27, 1층 (부전동)",387706.922857463,185972.593059189,영업/정상,,부산진구,부전동,부전동 로만,부전동 로만 
280,나스,경양식,,부산광역시 부산진구 전포동 309-5 경남빌딩,"부산광역시 부산진구 전포대로216번길 7, 경남빌딩 2층 (전포동)",388183.470795901,186033.387710388,영업/정상,,부산진구,전포동,전포동 나스,전포동 나스 
281,치키파이 전포점,경양식,,부산광역시 부산진구 전포동 344-9 1층 일부,"부산광역시 부산진구 전포대로190번길 15, 1층 일부 (전포동)",388224.680950587,185779.908428475,영업/정상,https://pcmap.place.naver.com/restaurant/1355763311/review/visitor#,부산진구,전포동,전포동 치키파이 전포점,전포동 치키파이 전포점 
282,쏠트앤버터(Salt&Butter),경양식,,부산광역시 부산진구 전포동 359-54,"부산광역시 부산진구 동성로 19, 2층 (전포동)",388397.704637849,185619.152505089,영업/정상,,부산진구,전포동,전포동 쏠트앤버터(Salt&Butter),전포동 쏠트앤버터(Salt&Butter) 
283,더(the)마시자,기타,,부산광역시 부산진구 개금동 540-158,"부산광역시 부산진구 엄광로 50, 1층 (개금동)",384152.75760416,185077.198343913,영업/정상,https://pcmap.place.naver.com/restaurant/1674135116/review/visitor#,부산진구,개금동,개금동 더(the)마시자,개금동 더(the)마시자 
284,훅트포케 서면점,기타,,부산광역시 부산진구 부전동 486-30,"부산광역시 부산진구 가야대로 779-2, 2층 (부전동)",387356.167037592,186239.544981915,영업/정상,https://pcmap.place.naver.com/restaurant/1718119003/review/visitor#,부산진구,부전동,부전동 훅트포케 서면점,부전동 훅트포케 서면점 
285,젤라또무까,기타,,부산광역시 부산진구 범전동 212-55,"부산광역시 부산진구 새싹로 86, 1층 (범전동)",387064.650802324,186983.823969409,영업/정상,https://pcmap.place.naver.com/restaurant/1331647315/review/visitor#,부산진구,범전동,범전동 젤라또무까,범전동 젤라또무까 
286,옥두꺼비,식육(숯불구이),,부산광역시 부산진구 전포동 339-28,부산광역시 부산진구 전포대로200번길 19 (전포동),388248.60834025,185896.104186306,영업/정상,https://pcmap.place.naver.com/restaurant/1865242124/review/visitor#,부산진구,전포동,전포동 옥두꺼비,전포동 옥두꺼비 
287,보루,한식,,부산광역시 부산진구 전포동 660-13,"부산광역시 부산진구 동천로 108, 1층 (전포동)",387859.895954883,186305.860314406,영업/정상,,부산진구,전포동,전포동 보루,전포동 보루 
288,다누(danu),경양식,,부산광역시 부산진구 전포동 364-7,"부산광역시 부산진구 전포대로162번가길 14, 1층 (전포동)",388270.094071152,185544.493179714,영업/정상,https://pcmap.place.naver.com/restaurant/1389369747/review/visitor#,부산진구,전포동,전포동 다누(danu),전포동 다누(danu) 
289,유지,기타,,부산광역시 부산진구 부전동 151-3,"부산광역시 부산진구 동천로95번길 14, 지하1층 (부전동)",387764.912141972,186184.941917713,영업/정상,,부산진구,부전동,부전동 유지,부전동 유지 
290,효율,한식,,부산광역시 부산진구 전포동 660-2 1층 일부,"부산광역시 부산진구 전포대로255번길 43-8, 1층 일부 (전포동)",387887.744187139,186380.209236745,영업/정상,,부산진구,전포동,전포동 효율,전포동 효율 
291,"오늘,우리",호프/통닭,,부산광역시 부산진구 개금동 523-71,"부산광역시 부산진구 복지로 21, 1층 (개금동)",384037.900929699,185419.467874896,영업/정상,https://pcmap.place.naver.com/restaurant/1725277237/review/visitor#,부산진구,개금동,"개금동 오늘,우리","개금동 오늘,우리 "
292,아리랑,식육(숯불구이),070-41891009,부산광역시 부산진구 전포동 198-60,"부산광역시 부산진구 서전로67번길 28-1, 1층 (전포동)",388304.806646218,186383.6848006,영업/정상,,부산진구,전포동,전포동 아리랑,전포동 아리랑 070-41891009
293,뚜두뱅,경양식,,부산광역시 부산진구 연지동 73-5,"부산광역시 부산진구 성지로 23, 1층 (연지동)",387122.887602256,187890.378986994,영업/정상,https://pcmap.place.naver.com/restaurant/1473086151/review/visitor#,부산진구,연지동,연지동 뚜두뱅,연지동 뚜두뱅 
294,압구정 패밀리,기타,,부산광역시 부산진구 부전동 168-5,"부산광역시 부산진구 동천로95번길 21, 2층 (부전동)",387728.37048179,186164.618196994,영업/정상,https://pcmap.place.naver.com/restaurant/1179176777/review/visitor#,부산진구,부전동,부전동 압구정 패밀리,부전동 압구정 패밀리 
295,소모임,식육(숯불구이),,부산광역시 부산진구 부전동 515-6,"부산광역시 부산진구 중앙대로691번가길 21, 3층 (부전동)",387228.691759783,185939.216484774,영업/정상,,부산진구,부전동,부전동 소모임,부전동 소모임 
296,홉(HOPE),한식,,부산광역시 부산진구 전포동 193-6,"부산광역시 부산진구 전포대로256번길 3, 1층 (전포동)",388152.604446288,186431.158177929,영업/정상,,부산진구,전포동,전포동 홉(HOPE),전포동 홉(HOPE) 
297,브라다나스,기타,,부산광역시 부산진구 부암동 304-1 마제스타워 서면,"부산광역시 부산진구 동평로 197, 1층 103호 (부암동, 마제스타워 서면)",386668.359286683,187377.490521828,영업/정상,https://pcmap.place.naver.com/restaurant/1156498773/review/visitor#,부산진구,부암동,부암동 브라다나스,부암동 브라다나스 
298,욱이네,분식,,부산광역시 부산진구 개금동 615-2,"부산광역시 부산진구 가야대로424번길 90, 1층 (개금동)",383873.35994141,185137.760657416,영업/정상,https://pcmap.place.naver.com/restaurant/1089737414/review/visitor#,부산진구,개금동,개금동 욱이네,개금동 욱이네 
299,비베러디쉬,경양식,02-6959-9682,부산광역시 부산진구 부전동 521-1 KT&G 상상마당부산,"부산광역시 부산진구 서면로 39, KT&G 상상마당부산 13층 (부전동)",387394.967970419,185837.316568408,영업/정상,,부산진구,부전동,부전동 비베러디쉬,부전동 비베러디쉬 02-6959-9682
300,텐마일,식육(숯불구이),,부산광역시 부산진구 개금동 53-3 개금주공상가,"부산광역시 부산진구 백양관문로 3, 개금주공상가 지하1층 14-2호 (개금동)",385002.870304631,186361.24583842,영업/정상,,부산진구,개금동,개금동 텐마일,개금동 텐마일 
301,캄캄(calmcalm),일식,,부산광역시 부산진구 전포동 301-34,"부산광역시 부산진구 서전로68번길 15, 1층 (전포동)",388300.877338456,186177.948887298,영업/정상,https://pcmap.place.naver.com/restaurant/1985716213/review/visitor#,부산진구,전포동,전포동 캄캄(calmcalm),전포동 캄캄(calmcalm) 
302,행복식당,한식,,부산광역시 부산진구 초읍동 205-6 원진빌라트,"부산광역시 부산진구 성지로113번길 23, 원진빌라트 1층 100호 (초읍동)",386819.708215001,188586.384640311,영업/정상,,부산진구,초읍동,초읍동 행복식당,초읍동 행복식당 
303,까로치아,한식,,부산광역시 부산진구 부전동 394-16 경동파크타워,"부산광역시 부산진구 새싹로 30, 1층 108호 (부전동, 경동파크타워)",387381.306373128,186540.205085093,영업/정상,https://pcmap.place.naver.com/restaurant/1991170037/review/visitor#,부산진구,부전동,부전동 까로치아,부전동 까로치아 
304,명가네,한식,051-896-1030,부산광역시 부산진구 당감동 292-127,"부산광역시 부산진구 백양대로60번길 56, 1층 (당감동)",386004.158842408,186985.411190433,영업/정상,,부산진구,당감동,당감동 명가네,당감동 명가네 051-896-1030
305,우인당,한식,,부산광역시 부산진구 전포동 197-24,"부산광역시 부산진구 전포대로246번길 21, 1층 (전포동)",388245.306068318,186343.810083358,영업/정상,https://pcmap.place.naver.com/restaurant/1841302008/review/visitor#,부산진구,전포동,전포동 우인당,전포동 우인당 
306,지포스부페,한식,,부산광역시 부산진구 양정동 40-13,"부산광역시 부산진구 진남로 553-1, 1층 (양정동)",388948.97846193,187851.094195885,영업/정상,https://pcmap.place.naver.com/restaurant/1543937167/review/visitor#,부산진구,양정동,양정동 지포스부페,양정동 지포스부페 
307,프랭크버거부전역점,기타,051-804-3033,부산광역시 부산진구 전포동 876-1,"부산광역시 부산진구 중앙대로 790, 삼영빌딩 1층 (전포동)",387905.749078673,186724.429654741,영업/정상,,부산진구,전포동,전포동 프랭크버거부전역점,전포동 프랭크버거부전역점 051-804-3033
308,씨지브이서면상상마당,기타,,부산광역시 부산진구 부전동 521-1 KT&G 상상마당부산,"부산광역시 부산진구 서면로 39, KT&G 상상마당부산 8층 (부전동)",387394.967970419,185837.316568408,영업/정상,https://pcmap.place.naver.com/restaurant/1099666169/review/visitor#,부산진구,부전동,부전동 씨지브이서면상상마당,부전동 씨지브이서면상상마당 
309,닭꼬치에 올인 서면직영점,호프/통닭,,부산광역시 부산진구 전포동 660-1 한신밴,"부산광역시 부산진구 동천로 116, 한신밴 지하1층 125호 (전포동)",387869.134317928,186381.28184674,영업/정상,,부산진구,전포동,전포동 닭꼬치에 올인 서면직영점,전포동 닭꼬치에 올인 서면직영점 
310,범일맥주,호프/통닭,,부산광역시 부산진구 범천동 837-25,"부산광역시 부산진구 범일로142번길 34-14, 2층 (범천동)",387732.392183379,184513.646808743,영업/정상,,부산진구,범천동,범천동 범일맥주,범천동 범일맥주 
311,매초롬,경양식,,부산광역시 부산진구 전포동 358-44,"부산광역시 부산진구 봉수로 3, 1층 일부호 (전포동)",388435.551678863,185455.199113873,영업/정상,https://pcmap.place.naver.com/restaurant/1461143856/review/visitor#,부산진구,전포동,전포동 매초롬,전포동 매초롬 
312,먼슬리델리,경양식,,부산광역시 부산진구 전포동 313-53,"부산광역시 부산진구 서전로68번길 58, 1층 (전포동)",388287.69622368,185963.304470506,영업/정상,https://pcmap.place.naver.com/restaurant/1156324916/review/visitor#,부산진구,전포동,전포동 먼슬리델리,전포동 먼슬리델리 
313,탄화와주,한식,,부산광역시 부산진구 전포동 334-2,"부산광역시 부산진구 전포대로210번길 44, 1층 (전포동)",388367.08244979,185976.754643055,영업/정상,https://pcmap.place.naver.com/restaurant/1486601696/review/visitor#,부산진구,전포동,전포동 탄화와주,전포동 탄화와주 
314,구훈,경양식,,부산광역시 부산진구 전포동 307-20,"부산광역시 부산진구 전포대로216번길 21, 1층 (전포동)",388246.587848138,186031.656967375,영업/정상,https://pcmap.place.naver.com/restaurant/1080138422/review/visitor#,부산진구,전포동,전포동 구훈,전포동 구훈 
315,김해뒷고기,식육(숯불구이),,부산광역시 부산진구 개금동 615-20,"부산광역시 부산진구 엄광로 15, 1층 10호 (개금동)",383835.888859872,185126.091169869,영업/정상,,부산진구,개금동,개금동 김해뒷고기,개금동 김해뒷고기 
316,슬로우 라이프,한식,,부산광역시 부산진구 전포동 307-20,"부산광역시 부산진구 전포대로216번길 21, 2층 (전포동)",388246.587848138,186031.656967375,영업/정상,,부산진구,전포동,전포동 슬로우 라이프,전포동 슬로우 라이프 
317,딤타오,중국식,,부산광역시 부산진구 부전동 227-2 삼정타워,"부산광역시 부산진구 중앙대로 672, 삼정타워 601호 (부전동)",387608.014165034,185703.079007724,영업/정상,https://pcmap.place.naver.com/restaurant/1370189020/review/visitor#,부산진구,부전동,부전동 딤타오,부전동 딤타오 
318,모아쏭,한식,,부산광역시 부산진구 범전동 450 삼한골든뷰 센트럴파크,"부산광역시 부산진구 중앙대로 821, 201동 1층 139호 (범전동, 삼한골든뷰 센트럴파크)",387939.473018603,187062.522735753,영업/정상,,부산진구,범전동,범전동 모아쏭,범전동 모아쏭 
319,지즈(Jeez),경양식,,부산광역시 부산진구 전포동 309-3,"부산광역시 부산진구 서전로58번길 34-1, 1층 (전포동)",388175.445141893,186076.775734404,영업/정상,https://pcmap.place.naver.com/restaurant/1633668734/review/visitor#,부산진구,전포동,전포동 지즈(Jeez),전포동 지즈(Jeez) 
320,비에이치씨(BHC)부암점,호프/통닭,,부산광역시 부산진구 부암동 48-3 타워베르빌,"부산광역시 부산진구 시민공원로19번길 65, 1층 107,108호 (부암동, 타워베르빌)",386781.223304313,187128.267326264,영업/정상,,부산진구,부암동,부암동 비에이치씨(BHC)부암점,부암동 비에이치씨(BHC)부암점 
321,푸드웨이브,기타,,부산광역시 부산진구 부전동 521-1 KT&G 상상마당부산,"부산광역시 부산진구 서면로 39, KT&G 상상마당부산 8층 (부전동)",387394.967970419,185837.316568408,영업/정상,,부산진구,부전동,부전동 푸드웨이브,부전동 푸드웨이브 
322,"CAFE, 여기",기타,,부산광역시 부산진구 부전동 521-1 KT&G 상상마당부산,"부산광역시 부산진구 서면로 39, KT&G 상상마당부산 8층 (부전동)",387394.967970419,185837.316568408,영업/정상,,부산진구,부전동,"부전동 CAFE, 여기","부전동 CAFE, 여기 "
323,연화덮밥,한식,,부산광역시 부산진구 부전동 521-1 KT&G 상상마당부산,"부산광역시 부산진구 서면로 39, KT&G 상상마당부산 8층 (부전동)",387394.967970419,185837.316568408,영업/정상,https://pcmap.place.naver.com/restaurant/1780389500/review/visitor#,부산진구,부전동,부전동 연화덮밥,부전동 연화덮밥 
324,허밍비어,기타,,부산광역시 부산진구 당감동 814-93,"부산광역시 부산진구 신천대로185번길 25, 1층 (당감동)",386613.328646264,186297.725697218,영업/정상,https://pcmap.place.naver.com/restaurant/1442734406/review/visitor#,부산진구,당감동,당감동 허밍비어,당감동 허밍비어 
325,야키토리이치에,일식,,부산광역시 부산진구 전포동 309-26,"부산광역시 부산진구 서전로58번길 34-2, 1층 (전포동)",388164.608732342,186077.847970269,영업/정상,https://pcmap.place.naver.com/restaurant/1104681231/review/visitor#,부산진구,전포동,전포동 야키토리이치에,전포동 야키토리이치에 
326,현푸드,한식,,부산광역시 부산진구 개금동 501-3,"부산광역시 부산진구 복지로8번길 18, 2층 10호 (개금동)",383940.229489297,185507.025656272,영업/정상,,부산진구,개금동,개금동 현푸드,개금동 현푸드 
327,줄벼락,한식,,부산광역시 부산진구 양정동 361-1,"부산광역시 부산진구 양지로11번길 16, 1층 (양정동)",388551.555118044,187567.403851048,영업/정상,,부산진구,양정동,양정동 줄벼락,양정동 줄벼락 
328,원초김밥,분식,,부산광역시 부산진구 전포동 181-1 서면대우디오빌2,"부산광역시 부산진구 전포대로 274, 1층 109호 (전포동, 서면대우디오빌2)",388153.839025721,186593.504685927,영업/정상,,부산진구,전포동,전포동 원초김밥,전포동 원초김밥 
329,투윈(2WIN),경양식,,부산광역시 부산진구 부전동 168-94,"부산광역시 부산진구 중앙대로680번가길 47, 2층 (부전동)",387705.122197119,185985.097420325,영업/정상,,부산진구,부전동,부전동 투윈(2WIN),부전동 투윈(2WIN) 
330,충렬통닭,기타,,부산광역시 부산진구 양정동 358-5,"부산광역시 부산진구 진남로 498, 1층 (양정동)",388582.00175569,187434.50395579,영업/정상,https://pcmap.place.naver.com/restaurant/1063481474/review/visitor#,부산진구,양정동,양정동 충렬통닭,양정동 충렬통닭 
331,덕수파스타 부산양정점,경양식,,부산광역시 부산진구 양정동 361-1,"부산광역시 부산진구 양지로11번길 16, 1층 (양정동)",388551.555118044,187567.403851048,영업/정상,,부산진구,양정동,양정동 덕수파스타 부산양정점,양정동 덕수파스타 부산양정점 
332,&meet(앤미트),기타,,부산광역시 부산진구 개금동 53-3 개금주공상가,"부산광역시 부산진구 백양관문로 3, 개금주공상가 지하1층 14호 (개금동)",385002.870304631,186361.24583842,영업/정상,,부산진구,개금동,개금동 &meet(앤미트),개금동 &meet(앤미트) 
333,PlusPlusMinus(플플마),경양식,,부산광역시 부산진구 전포동 361-3,"부산광역시 부산진구 전포대로162번가길 25-1, 1층 (전포동)",388246.896275675,185613.327414378,영업/정상,https://pcmap.place.naver.com/restaurant/1382918097/review/visitor#,부산진구,전포동,전포동 PlusPlusMinus(플플마),전포동 PlusPlusMinus(플플마) 
334,운커피(WOON COFFEE),기타,,부산광역시 부산진구 전포동 356-10,"부산광역시 부산진구 전포대로176번길 23, 1층 (전포동)",388268.39760305,185642.770738808,영업/정상,,부산진구,전포동,전포동 운커피(WOON COFFEE),전포동 운커피(WOON COFFEE) 
335,팔도씨(8℃),기타,,부산광역시 부산진구 당감동 362-20,"부산광역시 부산진구 동평로66번길 8, 1층 (당감동)",385478.80496255,186972.99150447,영업/정상,,부산진구,당감동,당감동 팔도씨(8℃),당감동 팔도씨(8℃) 
336,오데뜨정육점,식육(숯불구이),,부산광역시 부산진구 부전동 240-12,"부산광역시 부산진구 신천대로62번길 61, 1층 (부전동)",387485.193082533,185761.086399974,영업/정상,https://pcmap.place.naver.com/restaurant/1472374989/review/visitor#,부산진구,부전동,부전동 오데뜨정육점,부전동 오데뜨정육점 
337,삼다진족 양정점,한식,,부산광역시 부산진구 양정동 507-13,"부산광역시 부산진구 동평로 368-1, 1층 (양정동)",388095.660158723,188104.17786381,영업/정상,https://pcmap.place.naver.com/restaurant/1617612604/review/visitor#,부산진구,양정동,양정동 삼다진족 양정점,양정동 삼다진족 양정점 
338,조선닭볶음탕,한식,,부산광역시 부산진구 가야동 355-26,"부산광역시 부산진구 엄광로 230-1, 1층 (가야동)",385579.728122143,185463.595873173,영업/정상,,부산진구,가야동,가야동 조선닭볶음탕,가야동 조선닭볶음탕 
339,바른식탁,한식,,부산광역시 부산진구 양정동 361-1,"부산광역시 부산진구 양지로11번길 16, 1층 (양정동)",388551.555118044,187567.403851048,영업/정상,,부산진구,양정동,양정동 바른식탁,양정동 바른식탁 
340,국대불총 서면점,한식,,부산광역시 부산진구 전포동 175-28,"부산광역시 부산진구 전포대로276번길 15, 1층 (전포동)",388196.746169944,186651.276563925,영업/정상,,부산진구,전포동,전포동 국대불총 서면점,전포동 국대불총 서면점 
341,사회복지법인 청전 웰빙건강수레 5호점,한식,051-622-9155,부산광역시 부산진구 초읍동 산 52-1 부산광역시립시민도서관,"부산광역시 부산진구 월드컵대로 462, 부산광역시립시민도서관 지하1층 (초읍동)",386632.105786397,189076.774476438,영업/정상,,부산진구,초읍동,초읍동 사회복지법인 청전 웰빙건강수레 5호점,초읍동 사회복지법인 청전 웰빙건강수레 5호점 051-622-9155
342,조새호장마차 서면본점,한식,051-818-1902,부산광역시 부산진구 전포동 638-8,"부산광역시 부산진구 서전로47번길 46, 1층 (전포동)",388077.322213585,186476.528567301,영업/정상,https://pcmap.place.naver.com/restaurant/1882263210/review/visitor#,부산진구,전포동,전포동 조새호장마차 서면본점,전포동 조새호장마차 서면본점 051-818-1902
343,스프링캔,경양식,,부산광역시 부산진구 전포동 188-3,"부산광역시 부산진구 진남로373번길 41, 3층 (전포동)",388479.466714898,186403.411667864,영업/정상,https://pcmap.place.naver.com/restaurant/1739071131/review/visitor#,부산진구,전포동,전포동 스프링캔,전포동 스프링캔 
344,호현돈까스 롯데부산점,중국식,,부산광역시 부산진구 부암동 257 롯데키즈마트,"부산광역시 부산진구 신천대로 241, 롯데키즈마트 4층 (부암동)",386646.262710145,186822.941472238,영업/정상,,부산진구,부암동,부암동 호현돈까스 롯데부산점,부암동 호현돈까스 롯데부산점 
345,꽃가람,한식,,부산광역시 부산진구 부전동 117-3,"부산광역시 부산진구 서전로9번길 18, 1층 (부전동)",387705.578443048,186320.165622482,영업/정상,,부산진구,부전동,부전동 꽃가람,부전동 꽃가람 
346,써니국밥앤코다리찜,한식,,부산광역시 부산진구 전포동 197-22,"부산광역시 부산진구 서전로67번길 21, 1층 (전포동)",388276.226737516,186345.922667569,영업/정상,,부산진구,전포동,전포동 써니국밥앤코다리찜,전포동 써니국밥앤코다리찜 
347,아일랑트2,경양식,,부산광역시 부산진구 전포동 653-12,"부산광역시 부산진구 서전로37번길 28-5, 2층 (전포동)",388003.084612556,186386.571480713,영업/정상,,부산진구,전포동,전포동 아일랑트2,전포동 아일랑트2 
348,칠링아웃샵 전포점,경양식,,부산광역시 부산진구 전포동 305-1,"부산광역시 부산진구 서전로68번길 22, 1층 (전포동)",388282.401317197,186138.901451953,영업/정상,https://pcmap.place.naver.com/restaurant/1491629669/review/visitor#,부산진구,전포동,전포동 칠링아웃샵 전포점,전포동 칠링아웃샵 전포점 
349,더머그(THE MUG),기타,,부산광역시 부산진구 당감동 807-4번지 당감동일스위트,"부산광역시 부산진구 백양관문로 115-1, 당감동일스위트상가2동 1층 102호 (당감동)",384460.569449362,187301.069825166,영업/정상,https://pcmap.place.naver.com/restaurant/1150389411/review/visitor#,부산진구,당감동,당감동 더머그(THE MUG),당감동 더머그(THE MUG) 
350,가마치통닭 부암점,호프/통닭,,부산광역시 부산진구 부암동 304-1 마제스타워 서면,"부산광역시 부산진구 동평로 197, 1층 103호 (부암동, 마제스타워 서면)",386668.359286683,187377.490521828,영업/정상,,부산진구,부암동,부암동 가마치통닭 부암점,부암동 가마치통닭 부암점 
351,불닭발땡초동대문엽기떡볶이부산당감점,분식,,부산광역시 부산진구 당감동 730-64번지,"부산광역시 부산진구 당감로 53-2, 2층 (당감동)",385680.059960656,187164.821595635,영업/정상,,부산진구,당감동,당감동 불닭발땡초동대문엽기떡볶이부산당감점,당감동 불닭발땡초동대문엽기떡볶이부산당감점 
352,멘즈키(MENZUKI),한식,,부산광역시 부산진구 전포동 313-26,"부산광역시 부산진구 동성로49번길 34, 1층 우측호 (전포동)",388232.28412211,185940.927341849,영업/정상,https://pcmap.place.naver.com/restaurant/1408171914/review/visitor#,부산진구,전포동,전포동 멘즈키(MENZUKI),전포동 멘즈키(MENZUKI) 
353,내공초밥,일식,,부산광역시 부산진구 전포동 673-12,"부산광역시 부산진구 서전로46번길 14, 1층 일부우측호 (전포동)",388063.704326429,186162.499095052,영업/정상,https://pcmap.place.naver.com/restaurant/1756546379/review/visitor#,부산진구,전포동,전포동 내공초밥,전포동 내공초밥 
354,해물장터,횟집,,부산광역시 부산진구 당감동 379-8,"부산광역시 부산진구 당감서로 43, 1층 (당감동)",385489.27415776,186920.258545948,영업/정상,,부산진구,당감동,당감동 해물장터,당감동 해물장터 
355,교촌치킨 부암1호점,호프/통닭,,부산광역시 부산진구 부암동 301-33번지,부산광역시 부산진구 동평로 184 (부암동),386612.187694637,187217.757709835,영업/정상,,부산진구,부암동,부암동 교촌치킨 부암1호점,부암동 교촌치킨 부암1호점 
356,무무추부전점,기타,,부산광역시 부산진구 부전동 94-1 동명빌딩,"부산광역시 부산진구 중앙대로 762, 동명빌딩 1층 (부전동)",387752.850137339,186489.964081701,영업/정상,,부산진구,부전동,부전동 무무추부전점,부전동 무무추부전점 
357,숙이비어,호프/통닭,,부산광역시 부산진구 개금동 167-10번지,"부산광역시 부산진구 가야공원로14번길 72, 카사펠리체 1층 101호 (개금동)",384528.321603915,185540.569438292,영업/정상,https://pcmap.place.naver.com/restaurant/1021847434/review/visitor#,부산진구,개금동,개금동 숙이비어,개금동 숙이비어 
358,담선수제순대국밥,한식,,부산광역시 부산진구 개금동 540-236,"부산광역시 부산진구 엄광로 36-7, 107,108호 (개금동)",384022.032307615,185058.950891149,영업/정상,https://pcmap.place.naver.com/restaurant/1064979838/review/visitor#,부산진구,개금동,개금동 담선수제순대국밥,개금동 담선수제순대국밥 
359,다울파티,김밥(도시락),,부산광역시 부산진구 부암동 725번지 당감뜨란채아파트,"부산광역시 부산진구 백양산로 59, 당감뜨란채아파트 주상가동 4층 402,402-1호 (부암동)",384844.062263577,188042.940722543,영업/정상,https://pcmap.place.naver.com/restaurant/1049028492/review/visitor#,부산진구,부암동,부암동 다울파티,부암동 다울파티 
360,지미지미(JimmyJimmy),기타,,부산광역시 부산진구 전포동 356-8,"부산광역시 부산진구 동성로25번길 29, 2층 일부호 (전포동)",388255.328353939,185670.25717398,영업/정상,https://pcmap.place.naver.com/restaurant/1372461929/review/visitor#,부산진구,전포동,전포동 지미지미(JimmyJimmy),전포동 지미지미(JimmyJimmy) 
361,친구엄마 김치찌개,한식,,부산광역시 부산진구 개금동 668,"부산광역시 부산진구 진사로 5-2, 1층 (개금동)",383674.922044299,185396.491943284,영업/정상,,부산진구,개금동,개금동 친구엄마 김치찌개,개금동 친구엄마 김치찌개 
362,멈칫,경양식,,부산광역시 부산진구 당감동 773-1번지,"부산광역시 부산진구 당감서로94번길 33, 1층 (당감동)",385335.537188666,187506.354370796,영업/정상,https://pcmap.place.naver.com/restaurant/1426745625/review/visitor#,부산진구,당감동,당감동 멈칫,당감동 멈칫 
363,배떡 서면점,분식,,부산광역시 부산진구 부전동 417-10,"부산광역시 부산진구 부전로111번길 5, 2층 (부전동)",387122.750258213,186452.005337012,영업/정상,,부산진구,부전동,부전동 배떡 서면점,부전동 배떡 서면점 
364,하나돈까스 연지점,한식,,부산광역시 부산진구 초읍동 263-2,"부산광역시 부산진구 새싹로230번길 6, 1층 (초읍동)",386561.150737598,188288.07896395,영업/정상,,부산진구,초읍동,초읍동 하나돈까스 연지점,초읍동 하나돈까스 연지점 
365,월남면반 시청점,한식,,부산광역시 부산진구 양정동 255-5,"부산광역시 부산진구 거제천로40번길 15, 1층 (양정동)",388711.941720339,188558.433591977,영업/정상,https://pcmap.place.naver.com/restaurant/1458503356/review/visitor#,부산진구,양정동,양정동 월남면반 시청점,양정동 월남면반 시청점 
366,김밥산책,분식,,부산광역시 부산진구 초읍동 173-14,"부산광역시 부산진구 성지로 124-1, 1층 (초읍동)",386744.715520975,188772.710387672,영업/정상,https://pcmap.place.naver.com/restaurant/1104070297/review/visitor#,부산진구,초읍동,초읍동 김밥산책,초읍동 김밥산책 
367,자갈치,횟집,,부산광역시 부산진구 양정동 116-7,"부산광역시 부산진구 양연로6번길 30, 2층 (양정동)",389166.752857576,188137.432235715,영업/정상,,부산진구,양정동,양정동 자갈치,양정동 자갈치 
368,자갈치도매시장산꼼장어대게,횟집,051-852-1167,부산광역시 부산진구 양정동 116-7번지,"부산광역시 부산진구 양연로6번길 30, 1층 (양정동)",389166.752857576,188137.432235715,영업/정상,,부산진구,양정동,양정동 자갈치도매시장산꼼장어대게,양정동 자갈치도매시장산꼼장어대게 051-852-1167
369,스토리491,기타,,부산광역시 부산진구 범천동 1517-8번지 범천동만리산공영주차장,"부산광역시 부산진구 엄광로 491, 범천동만리산공영주차장 4층 (범천동)",386863.644318556,184712.515883948,영업/정상,,부산진구,범천동,범천동 스토리491,범천동 스토리491 
370,스테이88(stay88),기타,,부산광역시 부산진구 전포동 309-57,"부산광역시 부산진구 전포대로210번길 3, 2층 (전포동)",388156.76574422,185987.22777069,영업/정상,https://pcmap.place.naver.com/restaurant/1289499045/review/visitor#,부산진구,전포동,전포동 스테이88(stay88),전포동 스테이88(stay88) 
371,요기오면,한식,,부산광역시 부산진구 부암동 220-4,"부산광역시 부산진구 백양대로18번길 43, 1층 (부암동)",386404.012696877,186935.577362806,영업/정상,https://pcmap.place.naver.com/restaurant/1130201565/review/visitor#,부산진구,부암동,부암동 요기오면,부암동 요기오면 
372,프레드피자,경양식,,부산광역시 부산진구 부전동 415-27,"부산광역시 부산진구 부전로111번길 23, 1층 (부전동)",387026.29478629,186448.397646433,영업/정상,https://pcmap.place.naver.com/restaurant/1266307082/review/visitor#,부산진구,부전동,부전동 프레드피자,부전동 프레드피자 
373,여니네,분식,,부산광역시 부산진구 개금동 356-11번지,"부산광역시 부산진구 백양대로 232-2, 1층 (개금동)",384443.746546665,186156.168019044,영업/정상,https://pcmap.place.naver.com/restaurant/1667138438/review/visitor#,부산진구,개금동,개금동 여니네,개금동 여니네 
374,부용당별,기타,,부산광역시 부산진구 양정동 166-5번지,"부산광역시 부산진구 중앙대로989번길 33, 1층 (양정동)",388795.6499358,188526.573406482,영업/정상,,부산진구,양정동,양정동 부용당별,양정동 부용당별 
375,달인의 찜닭(전포점),한식,,부산광역시 부산진구 전포동 190-51 대동연립,"부산광역시 부산진구 진남로 405, 1층 101호 (전포동, 대동연립)",388551.986970053,186598.399626626,영업/정상,,부산진구,전포동,전포동 달인의 찜닭(전포점),전포동 달인의 찜닭(전포점) 
376,옛날아우내순대,한식,051-868-3383,부산광역시 부산진구 양정동 273-46,"부산광역시 부산진구 동평로405번길 28, 1층 (양정동)",388531.509636149,188149.288542758,영업/정상,,부산진구,양정동,양정동 옛날아우내순대,양정동 옛날아우내순대 051-868-3383
377,유기체,기타,,부산광역시 부산진구 전포동 673-5번지,"부산광역시 부산진구 서전로46번길 10-7, 4층 (전포동)",388041.989205122,186175.712386406,영업/정상,https://pcmap.place.naver.com/restaurant/1215302595/review/visitor#,부산진구,전포동,전포동 유기체,전포동 유기체 
378,훈이네고집야식,한식,,부산광역시 부산진구 부전동 280-29번지,"부산광역시 부산진구 부전로 169-12, 1층 (부전동)",387565.735758483,186843.933100736,영업/정상,https://pcmap.place.naver.com/restaurant/1113357749/review/visitor#,부산진구,부전동,부전동 훈이네고집야식,부전동 훈이네고집야식 
379,최강부엌,한식,,부산광역시 부산진구 전포동 198-11,"부산광역시 부산진구 서전로67번길 20, 1층 (전포동)",388298.403543879,186352.254897108,영업/정상,,부산진구,전포동,전포동 최강부엌,전포동 최강부엌 
380,하삼동 부암점,기타,,부산광역시 부산진구 부암동 724 백양상가,"부산광역시 부산진구 백양산로 55, 백양상가 1층 102호 (부암동)",384934.150182719,187957.275515304,영업/정상,https://pcmap.place.naver.com/restaurant/1132077825/review/visitor#,부산진구,부암동,부암동 하삼동 부암점,부암동 하삼동 부암점 
381,부산설렁탕,한식,,부산광역시 부산진구 부전동 254-10,"부산광역시 부산진구 서면로68번길 43, 1층 (부전동)",387507.350171264,185925.409482326,영업/정상,,부산진구,부전동,부전동 부산설렁탕,부전동 부산설렁탕 
382,브로스부리부리,한식,,부산광역시 부산진구 전포동 885-17,"부산광역시 부산진구 동천로 36-1, 1층 (전포동)",387877.620462052,185579.665164709,영업/정상,,부산진구,전포동,전포동 브로스부리부리,전포동 브로스부리부리 
383,"안녕,파스타",기타,,부산광역시 부산진구 전포동 689-11 비동,"부산광역시 부산진구 서전로46번길 79, 비동 2층 (전포동)",388092.159382964,185838.226867849,영업/정상,https://pcmap.place.naver.com/restaurant/1113016349/review/visitor#,부산진구,전포동,"전포동 안녕,파스타","전포동 안녕,파스타 "
384,하람스시,일식,,부산광역시 부산진구 전포동 361-1,"부산광역시 부산진구 전포대로176번길 20, 1층 일부호 (전포동)",388248.823455581,185621.620938404,영업/정상,https://pcmap.place.naver.com/restaurant/1039685382/review/visitor#,부산진구,전포동,전포동 하람스시,전포동 하람스시 
385,빨간다리,한식,,부산광역시 부산진구 개금동 177-112,"부산광역시 부산진구 복지로13번길 34, 1층 (개금동)",384206.285573566,185510.384254759,영업/정상,https://pcmap.place.naver.com/restaurant/1542273039/review/visitor#,부산진구,개금동,개금동 빨간다리,개금동 빨간다리 
386,오로지(ORO.G),분식,,부산광역시 부산진구 당감동 495-9번지 무궁화아파트,"부산광역시 부산진구 당감로17번길 90, 2층 201, 203, 206호 (당감동, 무궁화아파트)",385323.726674055,186705.375143922,영업/정상,,부산진구,당감동,당감동 오로지(ORO.G),당감동 오로지(ORO.G) 
387,양산도 롯데백화점부산본점,한식,,부산광역시 부산진구 부전동 503-15,"부산광역시 부산진구 가야대로 772, 9층 (부전동)",387271.299492377,186099.137533193,영업/정상,https://pcmap.place.naver.com/restaurant/1144035909/review/visitor#,부산진구,부전동,부전동 양산도 롯데백화점부산본점,부전동 양산도 롯데백화점부산본점 
388,댄싱컵 개금점,기타,,부산광역시 부산진구 개금동 523-27,"부산광역시 부산진구 복지로 15, 1층 104호 (개금동)",384055.773497364,185489.628981402,영업/정상,https://pcmap.place.naver.com/restaurant/1526725062/review/visitor#,부산진구,개금동,개금동 댄싱컵 개금점,개금동 댄싱컵 개금점 
389,온정 칼국수,식육(숯불구이),,부산광역시 부산진구 범천동 847-8,"부산광역시 부산진구 골드테마길 47, A동 1층 일부호 (범천동)",387652.920915243,184689.935589624,영업/정상,https://pcmap.place.naver.com/restaurant/1112740785/review/visitor#,부산진구,범천동,범천동 온정 칼국수,범천동 온정 칼국수 
390,원마라가,기타,,부산광역시 부산진구 양정동 362-4,"부산광역시 부산진구 양지로5번길 8, 1층 (양정동)",388510.559098729,187607.47569151,영업/정상,https://pcmap.place.naver.com/restaurant/1014980488/review/visitor#,부산진구,양정동,양정동 원마라가,양정동 원마라가 
391,싱싱활어천국,한식,,부산광역시 부산진구 범천동 1263-6,"부산광역시 부산진구 신암로 59-1, 1층 (범천동)",387172.69589521,185019.820665025,영업/정상,,부산진구,범천동,범천동 싱싱활어천국,범천동 싱싱활어천국 
392,진스김밥앤우동,분식,,부산광역시 부산진구 당감동 797-6번지,"부산광역시 부산진구 당감서로 171, 천지빌딩 1층 102호 (당감동)",384779.450976572,187680.901699544,영업/정상,,부산진구,당감동,당감동 진스김밥앤우동,당감동 진스김밥앤우동 
393,초연뜰,한식,,부산광역시 부산진구 초읍동 206-123번지,"부산광역시 부산진구 성지로113번길 33, 1층 (초읍동)",386835.304125867,188538.576073861,영업/정상,https://pcmap.place.naver.com/restaurant/1955326686/review/visitor#,부산진구,초읍동,초읍동 초연뜰,초읍동 초연뜰 
394,홍주방(양정점),중국식,,부산광역시 부산진구 양정동 361-25,"부산광역시 부산진구 양지로 13-1, 1층 (양정동)",388516.029554927,187511.652447976,영업/정상,https://pcmap.place.naver.com/restaurant/1812586528/review/visitor#,부산진구,양정동,양정동 홍주방(양정점),양정동 홍주방(양정점) 
395,집밥한그릇,한식,,부산광역시 부산진구 범천동 869-15번지 대휘빌딩,"부산광역시 부산진구 중앙대로 629-10, 대휘빌딩 1층 101호 (범천동)",387525.764548199,185255.305459549,영업/정상,https://pcmap.place.naver.com/restaurant/21244367/review/visitor#,부산진구,범천동,범천동 집밥한그릇,범천동 집밥한그릇 
396,몬베튼(Mountbatten),기타,,부산광역시 부산진구 전포동 312-25,"부산광역시 부산진구 서전로58번길 62, 1층 (전포동)",388186.17970669,185935.352932673,영업/정상,https://pcmap.place.naver.com/restaurant/1061063683/review/visitor#,부산진구,전포동,전포동 몬베튼(Mountbatten),전포동 몬베튼(Mountbatten) 
397,자이콥21,기타,,부산광역시 부산진구 전포동 361-21,"부산광역시 부산진구 전포대로176번길 12-7, 1~2층 (전포동)",388237.790389536,185608.54394526,영업/정상,https://pcmap.place.naver.com/restaurant/1084149570/review/visitor#,부산진구,전포동,전포동 자이콥21,전포동 자이콥21 
398,멕시카나 개금본점,호프/통닭,051-8989293,부산광역시 부산진구 개금동 371-47,"부산광역시 부산진구 백양대로238번길 18, 1층 (개금동)",384354.74348231,186177.554083919,영업/정상,,부산진구,개금동,개금동 멕시카나 개금본점,개금동 멕시카나 개금본점 051-8989293
399,라라샹즈,한식,051-8168878,부산광역시 부산진구 부전동 224-15,"부산광역시 부산진구 동천로 45, 1층 (부전동)",387843.112685859,185690.543603168,영업/정상,https://pcmap.place.naver.com/restaurant/1695518122/review/visitor#,부산진구,부전동,부전동 라라샹즈,부전동 라라샹즈 051-8168878
400,형제닭도리 양정점,한식,,부산광역시 부산진구 양정동 394-30,"부산광역시 부산진구 동평로406번길 61, 1층 (양정동)",388423.702491093,187727.993640008,영업/정상,https://pcmap.place.naver.com/restaurant/1759319060/review/visitor#,부산진구,양정동,양정동 형제닭도리 양정점,양정동 형제닭도리 양정점 
401,미진축산 전포점,기타,,부산광역시 부산진구 전포동 638-7,"부산광역시 부산진구 서전로47번길 48, 1층 (전포동)",388076.913608566,186486.568930694,영업/정상,,부산진구,전포동,전포동 미진축산 전포점,전포동 미진축산 전포점 
402,한끗,한식,,부산광역시 부산진구 부전동 168-41번지,"부산광역시 부산진구 서전로10번길 17, 1층 (부전동)",387682.634368182,186142.9175552,영업/정상,,부산진구,부전동,부전동 한끗,부전동 한끗 
403,만선호프3,호프/통닭,,부산광역시 부산진구 부전동 241-27,"부산광역시 부산진구 중앙대로 685-1, 5층 (부전동)",387525.37063652,185810.639047595,영업/정상,https://pcmap.place.naver.com/restaurant/1899292645/review/visitor#,부산진구,부전동,부전동 만선호프3,부전동 만선호프3 
404,만선호프2,호프/통닭,,부산광역시 부산진구 부전동 241-27,"부산광역시 부산진구 중앙대로 685-1, 3층 (부전동)",387525.37063652,185810.639047595,영업/정상,https://pcmap.place.naver.com/restaurant/1899292645/review/visitor#,부산진구,부전동,부전동 만선호프2,부전동 만선호프2 
405,린선 DINING,중국식,,부산광역시 부산진구 부전동 524-5 황제주차빌딩,"부산광역시 부산진구 부전로 34, 1층 (부전동)",387328.542159139,185716.205053727,영업/정상,https://pcmap.place.naver.com/restaurant/1991153735/review/visitor#,부산진구,부전동,부전동 린선 DINING,부전동 린선 DINING 
406,이태리살롱,경양식,,부산광역시 부산진구 개금동 177-252번지,"부산광역시 부산진구 복지로13번길 21, 1층 일부호 (개금동)",384134.089881622,185526.588471624,영업/정상,https://pcmap.place.naver.com/restaurant/1999060158/review/visitor#,부산진구,개금동,개금동 이태리살롱,개금동 이태리살롱 
407,남도분식 서면삼정타워점,한식,,부산광역시 부산진구 부전동 227-2 삼정타워,"부산광역시 부산진구 중앙대로 672, 삼정타워 5층 (부전동)",387608.014165034,185703.079007724,영업/정상,,부산진구,부전동,부전동 남도분식 서면삼정타워점,부전동 남도분식 서면삼정타워점 
408,텐바,호프/통닭,,부산광역시 부산진구 부전동 254-8번지,"부산광역시 부산진구 서면로68번길 53, 4층 (부전동)",387508.41679406,185882.757046935,영업/정상,https://pcmap.place.naver.com/restaurant/1260012584/review/visitor#,부산진구,부전동,부전동 텐바,부전동 텐바 
409,사심초밥,일식,,부산광역시 부산진구 전포동 663-6,"부산광역시 부산진구 서전로37번길 14, 1층 107-108호 (전포동)",387995.070168789,186309.298920442,영업/정상,https://pcmap.place.naver.com/restaurant/1353881383/review/visitor#,부산진구,전포동,전포동 사심초밥,전포동 사심초밥 
410,스테이크어스NC서면점,경양식,,부산광역시 부산진구 전포동 668-1,"부산광역시 부산진구 동천로 92, 엔씨백화점 6층 (전포동)",387920.292113406,186157.316240541,영업/정상,https://pcmap.place.naver.com/restaurant/1963448293/review/visitor#,부산진구,전포동,전포동 스테이크어스NC서면점,전포동 스테이크어스NC서면점 
411,개금칼국수,분식,,부산광역시 부산진구 개금동 764번지,"부산광역시 부산진구 진사로48번길 5, 1층 (개금동)",383666.421655948,184952.341260045,영업/정상,,부산진구,개금동,개금동 개금칼국수,개금동 개금칼국수 
412,부전설렁탕,한식,051-930-1777,부산광역시 부산진구 부전동 573-7번지 서면호텔 복합시설,"부산광역시 부산진구 중앙대로 777, 서면호텔 복합시설 1층 101(일부)호 (부전동)",387795.767511559,186686.460990556,영업/정상,,부산진구,부전동,부전동 부전설렁탕,부전동 부전설렁탕 051-930-1777
413,미나토,호프/통닭,,부산광역시 부산진구 전포동 903 부산전포사랑으로부영 상가동 101호,"부산광역시 부산진구 동성로 82, 상가동 1층 101호 (전포동, 부산전포사랑으로부영)",388447.267051314,186285.997333193,영업/정상,https://pcmap.place.naver.com/restaurant/1902626909/review/visitor#,부산진구,전포동,전포동 미나토,전포동 미나토 
414,"헤이주드(Hey,jude)",기타,,부산광역시 부산진구 전포동 355-3번지,"부산광역시 부산진구 서전로68번길 110, 2층 (전포동)",388298.805777284,185696.478683206,영업/정상,https://pcmap.place.naver.com/restaurant/1720284071/review/visitor#,부산진구,전포동,"전포동 헤이주드(Hey,jude)","전포동 헤이주드(Hey,jude) "
415,루나카페,기타,,부산광역시 부산진구 범천동 858-43번지,"부산광역시 부산진구 황령대로 15, 2층 (범천동)",387766.337176068,185168.553135043,영업/정상,https://pcmap.place.naver.com/restaurant/1391395302/review/visitor#,부산진구,범천동,범천동 루나카페,범천동 루나카페 
416,한치대첩,한식,,부산광역시 부산진구 초읍동 281-32번지,"부산광역시 부산진구 새싹로 267-4, 1층 (초읍동)",386425.098411352,188676.335949736,영업/정상,https://pcmap.place.naver.com/restaurant/1343725484/review/visitor#,부산진구,초읍동,초읍동 한치대첩,초읍동 한치대첩 
417,구드만,기타,,부산광역시 부산진구 전포동 308-22,"부산광역시 부산진구 전포대로210번길 27, 2층 (전포동)",388277.394306294,185992.902035086,영업/정상,https://pcmap.place.naver.com/restaurant/1283579801/review/visitor#,부산진구,전포동,전포동 구드만,전포동 구드만 
418,닭서방통다리치킨(개금점),호프/통닭,051-898-9200,부산광역시 부산진구 개금동 447-43,"부산광역시 부산진구 백양대로 319, 2층 (개금동)",383699.001789409,185711.400343244,영업/정상,https://pcmap.place.naver.com/restaurant/1099560869/review/visitor#,부산진구,개금동,개금동 닭서방통다리치킨(개금점),개금동 닭서방통다리치킨(개금점) 051-898-9200
419,준분식,분식,,부산광역시 부산진구 전포동 903번지 부산전포사랑으로부영,"부산광역시 부산진구 동성로 82, 1층 101일부호 (전포동, 부산전포사랑으로부영)",388447.267051314,186285.997333193,영업/정상,https://pcmap.place.naver.com/restaurant/1874115900/review/visitor#,부산진구,전포동,전포동 준분식,전포동 준분식 
420,장모족발,식육(숯불구이),051-8065858,부산광역시 부산진구 전포동 658-9번지,"부산광역시 부산진구 동천로132번길 6, 1층 (전포동)",387870.565199166,186539.094246698,영업/정상,https://pcmap.place.naver.com/restaurant/1939096528/review/visitor#,부산진구,전포동,전포동 장모족발,전포동 장모족발 051-8065858
421,12열차,한식,051-804-6866,부산광역시 부산진구 부전동 263-26,"부산광역시 부산진구 새싹로8번길 27, 1층 (부전동)",387577.289822238,186422.883624465,영업/정상,,부산진구,부전동,부전동 12열차,부전동 12열차 051-804-6866
422,드림에프엔디,한식,,부산광역시 부산진구 부전동 526-8번지,"부산광역시 부산진구 신천대로102번길 28, 1층 (부전동)",387238.872059323,185721.496049729,영업/정상,https://pcmap.place.naver.com/restaurant/1656801274/review/visitor#,부산진구,부전동,부전동 드림에프엔디,부전동 드림에프엔디 
423,합천식당,한식,,부산광역시 부산진구 범천동 839-42번지,"부산광역시 부산진구 자유평화로 17, 1층 (범천동)",387829.164455802,184442.667108134,영업/정상,,부산진구,범천동,범천동 합천식당,범천동 합천식당 
424,하삼동커피 서면부전점,한식,,부산광역시 부산진구 부전동 55-2,"부산광역시 부산진구 중앙대로783번길 8, 1층 (부전동)",387837.335714573,186746.745584884,영업/정상,,부산진구,부전동,부전동 하삼동커피 서면부전점,부전동 하삼동커피 서면부전점 
425,팔딱추어탕,한식,051-817-1955,부산광역시 부산진구 전포동 591-17번지 (1층),"부산광역시 부산진구 동성로 132 (전포동,(1층))",388045.56597667,186587.325353976,영업/정상,https://pcmap.place.naver.com/restaurant/21108205/review/visitor#,부산진구,전포동,전포동 팔딱추어탕,전포동 팔딱추어탕 051-817-1955
426,OK암소갈비,한식,051-817-2762,부산광역시 부산진구 부암동 401-4번지,부산광역시 부산진구 당감로64번길 30 (부암동),385805.812606358,187306.751367824,영업/정상,https://pcmap.place.naver.com/restaurant/36498730/review/visitor#,부산진구,부암동,부암동 OK암소갈비,부암동 OK암소갈비 051-817-2762
427,벽산아구찜,한식,051-8947735,부산광역시 부산진구 개금동 563-1번지,부산광역시 부산진구 엄광로 63 (개금동),384293.040701316,185082.287145238,영업/정상,https://pcmap.place.naver.com/restaurant/16800685/review/visitor#,부산진구,개금동,개금동 벽산아구찜,개금동 벽산아구찜 051-8947735
428,진미식당,한식,,부산광역시 부산진구 가야동 150-27번지,부산광역시 부산진구 가야공원로 20 (가야동),384880.404489823,185495.413430904,영업/정상,,부산진구,가야동,가야동 진미식당,가야동 진미식당 
429,유남주(돼지구이전문점),횟집,051-802-7894,부산광역시 부산진구 전포동 882-1번지 (1층),"부산광역시 부산진구 전포대로175번길 45, 1층 (전포동)",387888.353444113,185606.79046424,영업/정상,https://pcmap.place.naver.com/restaurant/1275984125/review/visitor#,부산진구,전포동,전포동 유남주(돼지구이전문점),전포동 유남주(돼지구이전문점) 051-802-7894
430,양통촌국수,분식,051-897-7407,부산광역시 부산진구 가야동 484-14번지,부산광역시 부산진구 엄광로 135-1 (가야동),384904.147961278,185040.603890514,영업/정상,https://pcmap.place.naver.com/restaurant/13574122/review/visitor#,부산진구,가야동,가야동 양통촌국수,가야동 양통촌국수 051-897-7407
431,경동아구찜,한식,051816-0730,부산광역시 부산진구 전포동 657-4,부산광역시 부산진구 동천로132번길 22-6 (전포동),387922.928223865,186511.483018314,영업/정상,https://pcmap.place.naver.com/restaurant/1480415515/review/visitor#,부산진구,전포동,전포동 경동아구찜,전포동 경동아구찜 051816-0730
432,장충동족발,한식,051-8066769,부산광역시 부산진구 부전동 232-4번지,"부산광역시 부산진구 신천대로62번길 42, 1층 (부전동)",387515.491572096,185650.770399264,영업/정상,,부산진구,부전동,부전동 장충동족발,부전동 장충동족발 051-8066769
433,교촌치킨 초읍대공원점,통닭(치킨),051-8073492,부산광역시 부산진구 초읍동 288-6번지,부산광역시 부산진구 새싹로 274-1 (초읍동),386440.10693554,188739.754014187,영업/정상,,부산진구,초읍동,초읍동 교촌치킨 초읍대공원점,초읍동 교촌치킨 초읍대공원점 051-8073492
434,가야한방밀면,한식,051-8026888,부산광역시 부산진구 부전동 265-6,부산광역시 부산진구 중앙대로755번길 25 (부전동),387576.329222334,186522.015066566,영업/정상,https://pcmap.place.naver.com/restaurant/16429581/review/visitor#,부산진구,부전동,부전동 가야한방밀면,부전동 가야한방밀면 051-8026888
435,(주)부산롯데호텔(주주방),한식,051-8105601,"부산광역시 부산진구 부전동 503-15 롯데호텔부산, 지하1층","부산광역시 부산진구 가야대로 772, 지하1층 (부전동)",387271.299492377,186099.137533193,영업/정상,,부산진구,부전동,부전동 (주)부산롯데호텔(주주방),부전동 (주)부산롯데호텔(주주방) 051-8105601
436,가비,한식,,부산광역시 부산진구 부전동 266-25번지,부산광역시 부산진구 중앙대로743번길 6 (부전동),387614.216143518,186395.965233142,영업/정상,https://pcmap.place.naver.com/restaurant/1232049301/review/visitor#,부산진구,부전동,부전동 가비,부전동 가비 
437,행복한식탁,한식,051-8623460,부산광역시 부산진구 양정동 386-2번지 (1층),"부산광역시 부산진구 동평로 396 (양정동,(1층))",388344.111907025,188068.73850848,영업/정상,https://pcmap.place.naver.com/restaurant/1735757762/review/visitor#,부산진구,양정동,양정동 행복한식탁,양정동 행복한식탁 051-8623460
438,네네치킨,통닭(치킨),051-8049281,부산광역시 부산진구 범전동 63-6번지,부산광역시 부산진구 범양로 43 (범전동),387880.651275419,187442.896034538,영업/정상,,부산진구,범전동,범전동 네네치킨,범전동 네네치킨 051-8049281
439,朴서방네 도야지,한식,8175115,부산광역시 부산진구 전포동 340-1번지,부산광역시 부산진구 전포대로200번길 28 (전포동),388289.141145802,185869.026604064,영업/정상,,부산진구,전포동,전포동 朴서방네 도야지,전포동 朴서방네 도야지 8175115
440,건강제일바다장어,한식,051-8086773,부산광역시 부산진구 부전동 261-1번지 (1층),"부산광역시 부산진구 새싹로14번길 4 (부전동,(1층))",387480.209971212,186399.641831647,영업/정상,https://pcmap.place.naver.com/restaurant/16432325/review/visitor#,부산진구,부전동,부전동 건강제일바다장어,부전동 건강제일바다장어 051-8086773
441,세명코아,중국식,,부산광역시 부산진구 부전동 573-1번지,부산광역시 부산진구 서면문화로 54 (부전동),387618.822819678,186273.478853335,영업/정상,,부산진구,부전동,부전동 세명코아,부전동 세명코아 
442,흥미원,한식,051-6380552,부산광역시 부산진구 범천동 854-23번지,부산광역시 부산진구 범일로192번길 23 (범천동),387760.841295089,185036.087880993,영업/정상,,부산진구,범천동,범천동 흥미원,범천동 흥미원 051-6380552
443,도촌,한식,051-8064845,부산광역시 부산진구 부전동 524-18번지,부산광역시 부산진구 중앙대로691번길 55 (부전동),387273.823822869,185836.770575664,영업/정상,https://pcmap.place.naver.com/restaurant/16443752/review/visitor#,부산진구,부전동,부전동 도촌,부전동 도촌 051-8064845
444,라 퀴진 드 마리,경양식,051-809-8990,부산광역시 부산진구 전포동 361-9,"부산광역시 부산진구 전포대로176번길 12-5, 1층 (전포동)",388235.119213594,185612.479750668,영업/정상,https://pcmap.place.naver.com/restaurant/1758250651/review/visitor#,부산진구,전포동,전포동 라 퀴진 드 마리,전포동 라 퀴진 드 마리 051-809-8990
445,사계절포장마차산꼼장어,한식,051-8050396,부산광역시 부산진구 전포동 183-24,부산광역시 부산진구 동성로118번길 8 (전포동),388189.934676141,186545.331239719,영업/정상,,부산진구,전포동,전포동 사계절포장마차산꼼장어,전포동 사계절포장마차산꼼장어 051-8050396
446,요달의찜닭(서면점),한식,051-642-0423,부산광역시 부산진구 전포동 379-12,부산광역시 부산진구 황령대로74번길 27 (전포동),388345.986807373,185222.00975018,영업/정상,https://pcmap.place.naver.com/restaurant/1701120930/review/visitor#,부산진구,전포동,전포동 요달의찜닭(서면점),전포동 요달의찜닭(서면점) 051-642-0423
447,가정집밥상,한식,051-802-9455,부산광역시 부산진구 연지동 31-29번지,부산광역시 부산진구 성지로34번길 3 (연지동),387156.855870269,187993.499991361,영업/정상,https://pcmap.place.naver.com/restaurant/1290350150/review/visitor#,부산진구,연지동,연지동 가정집밥상,연지동 가정집밥상 051-802-9455
448,부산가야대패삼겹&밀면,식육(숯불구이),,부산광역시 부산진구 가야동 450-2,"부산광역시 부산진구 대학로 66, 2층 (가야동)",385307.140933194,185334.798554277,영업/정상,https://pcmap.place.naver.com/restaurant/1057601318/review/visitor#,부산진구,가야동,가야동 부산가야대패삼겹&밀면,가야동 부산가야대패삼겹&밀면 
449,일공이,중국식,051-8684543,부산광역시 부산진구 양정동 365-22번지,부산광역시 부산진구 양지로 18 (양정동),388506.45349817,187482.15756683,영업/정상,,부산진구,양정동,양정동 일공이,양정동 일공이 051-8684543
450,덮집회의,한식,051-893-7796,부산광역시 부산진구 가야동 462-5 1층,"부산광역시 부산진구 엄광로182번길 6, 지상1층 (가야동)",385339.690819801,185040.602935455,영업/정상,https://pcmap.place.naver.com/restaurant/1891636230/review/visitor#,부산진구,가야동,가야동 덮집회의,가야동 덮집회의 051-893-7796
451,한우고집,한식,051-8920731,부산광역시 부산진구 가야동 490,"부산광역시 부산진구 엄광로 134, 1-2층 (가야동)",384877.425241438,185024.83350212,영업/정상,https://pcmap.place.naver.com/restaurant/16474631/review/visitor#,부산진구,가야동,가야동 한우고집,가야동 한우고집 051-8920731
452,돌아온영웅,경양식,051-8928285,부산광역시 부산진구 당감동 619-12번지 지상2층,"부산광역시 부산진구 동평로27번길 6, 지상2층 (당감동)",385090.51797911,186990.025823678,영업/정상,,부산진구,당감동,당감동 돌아온영웅,당감동 돌아온영웅 051-8928285
453,부전분식,분식,051-8058068,부산광역시 부산진구 부전동 266-13번지,부산광역시 부산진구 새싹로8번길 42 (부전동),387642.281079114,186475.101320084,영업/정상,,부산진구,부전동,부전동 부전분식,부전동 부전분식 051-8058068
454,굽네치킨범천점,호프/통닭,,부산광역시 부산진구 범천동 851-1 대원상가,"부산광역시 부산진구 범일로192번길 54, 대원상가 1층 101,102호 (범천동)",387834.714347587,184965.427400521,영업/정상,,부산진구,범천동,범천동 굽네치킨범천점,범천동 굽네치킨범천점 
455,이모네김밥,김밥(도시락),,부산광역시 부산진구 가야동 150-29번지,"부산광역시 부산진구 가야공원로 22, 지상1층 (가야동)",384883.719685769,185478.722821063,영업/정상,https://pcmap.place.naver.com/restaurant/37955149/review/visitor#,부산진구,가야동,가야동 이모네김밥,가야동 이모네김밥 
456,푸라닭 부산서면전포점,호프/통닭,,부산광역시 부산진구 전포동 886-1,"부산광역시 부산진구 동천로 34-1, 1층 (전포동)",387878.236508562,185557.632888378,영업/정상,,부산진구,전포동,전포동 푸라닭 부산서면전포점,전포동 푸라닭 부산서면전포점 
457,도우개러지(dough garage),기타,051-804-6747,부산광역시 부산진구 전포동 674-15,"부산광역시 부산진구 서전로46번길 8, 1층 (전포동)",388064.306172994,186192.635813114,영업/정상,https://pcmap.place.naver.com/restaurant/1049952321/review/visitor#,부산진구,전포동,전포동 도우개러지(dough garage),전포동 도우개러지(dough garage) 051-804-6747
458,처갓집양념치킨더블유개금점,호프/통닭,051893-1116,부산광역시 부산진구 개금동 451-12번지,"부산광역시 부산진구 가야대로 411, 1층 105호 (개금동, 개금역스마트더블유)",383768.357671759,185583.326288318,영업/정상,,부산진구,개금동,개금동 처갓집양념치킨더블유개금점,개금동 처갓집양념치킨더블유개금점 051893-1116
459,선미정,한식,051-8928181,부산광역시 부산진구 개금동 566-16번지 외1필지,"부산광역시 부산진구 엄광로44번길 32 (개금동,외1필지)",384133.453577714,184944.946784813,영업/정상,https://pcmap.place.naver.com/restaurant/37966180/review/visitor#,부산진구,개금동,개금동 선미정,개금동 선미정 051-8928181
460,남도식당,한식,051-637-7702,부산광역시 부산진구 범천동 839-16번지,"부산광역시 부산진구 자유평화로 21-14, 1층 (범천동)",387885.702655073,184512.415231238,영업/정상,,부산진구,범천동,범천동 남도식당,범천동 남도식당 051-637-7702
461,303초읍,한식,,부산광역시 부산진구 초읍동 296-46,"부산광역시 부산진구 월드컵대로 466, 2층 (초읍동)",386656.328921799,188978.356660867,영업/정상,,부산진구,초읍동,초읍동 303초읍,초읍동 303초읍 
462,애월,한식,,부산광역시 부산진구 부전동 117-8번지,"부산광역시 부산진구 동천로107번길 26, 1,2층 (부전동)",387708.56572388,186295.233836859,영업/정상,https://pcmap.place.naver.com/restaurant/1341891005/review/visitor#,부산진구,부전동,부전동 애월,부전동 애월 
463,투뿔한우,횟집,,부산광역시 부산진구 부전동 526-12,"부산광역시 부산진구 부전로 35, 1층 (부전동)",387266.861129807,185738.889834082,영업/정상,,부산진구,부전동,부전동 투뿔한우,부전동 투뿔한우 
464,가야정,한식,,부산광역시 부산진구 가야동 136-46번지,"부산광역시 부산진구 가야대로 527, 1층 (가야동)",384870.233374275,185736.420009323,영업/정상,,부산진구,가야동,가야동 가야정,가야동 가야정 
465,셰르라이프앤스타일(Cher Life&Style),기타,,부산광역시 부산진구 전포동 307-27,"부산광역시 부산진구 서전로68번길 40, 2층 (전포동)",388287.403981968,186054.504221163,영업/정상,https://pcmap.place.naver.com/restaurant/1040434982/review/visitor#,부산진구,전포동,전포동 셰르라이프앤스타일(Cher Life&Style),전포동 셰르라이프앤스타일(Cher Life&Style) 
466,동백국밥,한식,,부산광역시 부산진구 전포동 346-13,"부산광역시 부산진구 서전로58번길 118, 1층 (전포동)",388195.326148903,185655.521896815,영업/정상,https://pcmap.place.naver.com/restaurant/1795833998/review/visitor#,부산진구,전포동,전포동 동백국밥,전포동 동백국밥 
467,빨간병아리 서면본점,한식,051-819-9888,부산광역시 부산진구 범천동 868-33,"부산광역시 부산진구 신천대로65번길 38, 2층 (범천동)",387464.197740822,185208.539655943,영업/정상,,부산진구,범천동,범천동 빨간병아리 서면본점,범천동 빨간병아리 서면본점 051-819-9888
468,꿀배미할매 김치찌개,한식,,부산광역시 부산진구 범전동 26-72,"부산광역시 부산진구 경마장로 15, 2층 일부호 (범전동)",387983.769071166,187326.330354313,영업/정상,https://pcmap.place.naver.com/restaurant/1925936063/review/visitor#,부산진구,범전동,범전동 꿀배미할매 김치찌개,범전동 꿀배미할매 김치찌개 
469,라마앤바바나,"외국음식전문점(인도,태국등)",051-8175518,부산광역시 부산진구 부전동 225-1번지,"부산광역시 부산진구 중앙대로680번길 38, 2층 (부전동)",387745.487200248,185731.732471732,영업/정상,https://pcmap.place.naver.com/restaurant/31424496/review/visitor#,부산진구,부전동,부전동 라마앤바바나,부전동 라마앤바바나 051-8175518
470,니가아는술집 아차(ach.cha),분식,,"부산광역시 부산진구 부전동 187-6 ,9","부산광역시 부산진구 중앙대로680번가길 33-3 (부전동,,9)",387687.063868058,185909.603134702,영업/정상,,부산진구,부전동,부전동 니가아는술집 아차(ach.cha),부전동 니가아는술집 아차(ach.cha) 
471,불막열삼 개금점,한식,051-8955876,부산광역시 부산진구 개금동 167-8,부산광역시 부산진구 가야공원로14번길 66 (개금동),384549.306760363,185546.373566909,영업/정상,,부산진구,개금동,개금동 불막열삼 개금점,개금동 불막열삼 개금점 051-8955876
472,연지식당,한식,051-818-8127,부산광역시 부산진구 연지동 72-15번지 (1층),"부산광역시 부산진구 성지로14번길 8, 1층 (연지동)",387200.22502883,187771.583916807,영업/정상,,부산진구,연지동,연지동 연지식당,연지동 연지식당 051-818-8127
473,남경반점,중국식,051-8661241,부산광역시 부산진구 양정동 445-316번지,부산광역시 부산진구 양성로59번길 15 (양정동),387924.735360175,187698.120721915,영업/정상,https://pcmap.place.naver.com/restaurant/16447865/review/visitor#,부산진구,양정동,양정동 남경반점,양정동 남경반점 051-8661241
474,투껍스,기타,051-8971621,부산광역시 부산진구 당감동 334-3,부산광역시 부산진구 당감서로 60 (당감동),385505.381544738,187077.789959577,영업/정상,https://pcmap.place.naver.com/restaurant/1372002022/review/visitor#,부산진구,당감동,당감동 투껍스,당감동 투껍스 051-8971621
475,알쭈 당감점,식육(숯불구이),051-9144151,부산광역시 부산진구 당감동 387-3,부산광역시 부산진구 당감서로 56 (당감동),385520.367652076,187048.281539004,영업/정상,,부산진구,당감동,당감동 알쭈 당감점,당감동 알쭈 당감점 051-9144151
476,테모리,한식,051-8925386,부산광역시 부산진구 개금동 850 지상1층 일부,"부산광역시 부산진구 복지로 44 (개금동, 지상1층 일부)",384034.596577574,185206.363514817,영업/정상,https://pcmap.place.naver.com/restaurant/1238820598/review/visitor#,부산진구,개금동,개금동 테모리,개금동 테모리 051-8925386
477,창연횟집,횟집,051-8024465,부산광역시 부산진구 전포동 202-13번지,부산광역시 부산진구 서전로 63 (전포동),388239.651707069,186258.574228923,영업/정상,https://pcmap.place.naver.com/restaurant/16461412/review/visitor#,부산진구,전포동,전포동 창연횟집,전포동 창연횟집 051-8024465
478,서울손칼국수,분식,051-6476898,부산광역시 부산진구 범천동 881-9,부산광역시 부산진구 범일로131번길 79 (범천동),387529.2224894,184789.004483263,영업/정상,https://pcmap.place.naver.com/restaurant/19695848/review/visitor#,부산진구,범천동,범천동 서울손칼국수,범천동 서울손칼국수 051-6476898
479,주모의주방,호프/통닭,051-8057660,부산광역시 부산진구 연지동 30-11번지,부산광역시 부산진구 성지로 35 (연지동),387112.744952661,187993.914010667,영업/정상,https://pcmap.place.naver.com/restaurant/1952730158/review/visitor#,부산진구,연지동,연지동 주모의주방,연지동 주모의주방 051-8057660
480,화승곱창,한식,051-8057720,부산광역시 부산진구 전포동 660-17번지,부산광역시 부산진구 전포대로255번길 43-10 (전포동),387888.095445737,186366.578539165,영업/정상,https://pcmap.place.naver.com/restaurant/37952170/review/visitor#,부산진구,전포동,전포동 화승곱창,전포동 화승곱창 051-8057720
481,타카라멘,일식,,부산광역시 부산진구 부전동 515-37 지상1층,"부산광역시 부산진구 중앙대로691번가길 25-5, 지상1층 (부전동)",387197.970461389,185959.085979968,영업/정상,https://pcmap.place.naver.com/restaurant/1725445256/review/visitor#,부산진구,부전동,부전동 타카라멘,부전동 타카라멘 
482,원카츠(당감점),일식,,부산광역시 부산진구 당감동 269-41,부산광역시 부산진구 당감로34번길 21 (당감동),385832.259170241,187002.42620511,영업/정상,,부산진구,당감동,당감동 원카츠(당감점),당감동 원카츠(당감점) 
483,장(張)참치,일식,051-805-8765,부산광역시 부산진구 부전동 474-108 (1층),"부산광역시 부산진구 부전로96번길 11 (부전동,(1층))",387211.224901582,186332.458849117,영업/정상,,부산진구,부전동,부전동 장(張)참치,부전동 장(張)참치 051-805-8765
484,동굴식당,한식,051-6327117,부산광역시 부산진구 범천동 845-126번지,"부산광역시 부산진구 범일로154번길 24, 지상1일부층 (범천동)",387727.262230289,184659.397394524,영업/정상,,부산진구,범천동,범천동 동굴식당,범천동 동굴식당 051-6327117
485,오말짜비어,호프/통닭,,부산광역시 부산진구 당감동 393-1번지,부산광역시 부산진구 동평로 69 (당감동),385528.644875866,187034.032390631,영업/정상,https://pcmap.place.naver.com/restaurant/37039372/review/visitor#,부산진구,당감동,당감동 오말짜비어,당감동 오말짜비어 
486,고기면 구으리,한식,051-8074789,부산광역시 부산진구 부전동 172-4번지,부산광역시 부산진구 중앙대로680번가길 34 (부전동),387737.409426845,185908.552891815,영업/정상,,부산진구,부전동,부전동 고기면 구으리,부전동 고기면 구으리 051-8074789
487,서면연탄갈비,한식,051-809-3848,부산광역시 부산진구 부전동 524-35번지 1층,"부산광역시 부산진구 부전로 46, 1층 (부전동)",387259.151778274,185827.382168526,영업/정상,https://pcmap.place.naver.com/restaurant/16441749/review/visitor#,부산진구,부전동,부전동 서면연탄갈비,부전동 서면연탄갈비 051-809-3848
488,제일식당,한식,,부산광역시 부산진구 부전동 516-31,부산광역시 부산진구 부전로66번길 36-3 (부전동),387339.134123623,185997.321972998,영업/정상,,부산진구,부전동,부전동 제일식당,부전동 제일식당 
489,봉구비어(양정점),호프/통닭,051-864-3560,부산광역시 부산진구 양정동 397-19 (1층),"부산광역시 부산진구 동평로406번길 40 (양정동,(1층))",388400.131851933,187829.261200409,영업/정상,,부산진구,양정동,양정동 봉구비어(양정점),양정동 봉구비어(양정점) 051-864-3560
490,푸르티아,기타,,부산광역시 부산진구 연지동 72-8 (1층),"부산광역시 부산진구 성지로 12 (연지동,(1층))",387173.384667787,187760.224166181,영업/정상,https://pcmap.place.naver.com/restaurant/1025137221/review/visitor#,부산진구,연지동,연지동 푸르티아,연지동 푸르티아 
491,삼성반점,중국식,,부산광역시 부산진구 범천동 1234-24번지,부산광역시 부산진구 신암로83번길 12 (범천동),387000.589156994,185200.429463834,영업/정상,https://pcmap.place.naver.com/restaurant/37568395/review/visitor#,부산진구,범천동,범천동 삼성반점,범천동 삼성반점 
492,할매충무김밥,분식,051-8031296,부산광역시 부산진구 부전동 502-5번지,부산광역시 부산진구 서면로 67 (부전동),387410.001263978,186112.626979305,영업/정상,,부산진구,부전동,부전동 할매충무김밥,부전동 할매충무김밥 051-8031296
493,수구레국밥,한식,07040280722,부산광역시 부산진구 가야동 343-32,부산광역시 부산진구 대학로36번길 6 (가야동),385425.683711231,185609.491710221,영업/정상,,부산진구,가야동,가야동 수구레국밥,가야동 수구레국밥 07040280722
494,희정양곱창,식육(숯불구이),051-8172572,부산광역시 부산진구 부전동 398-9,부산광역시 부산진구 서면문화로 22-3 (부전동),387329.82025915,186433.095674139,영업/정상,https://pcmap.place.naver.com/restaurant/16429915/review/visitor#,부산진구,부전동,부전동 희정양곱창,부전동 희정양곱창 051-8172572
495,녹두밭빈대떡,한식,051-8079083,"부산광역시 부산진구 부전동 264-26번지 ,27","부산광역시 부산진구 부전로152번길 41 (부전동,,27)",387474.968039214,186515.191806682,영업/정상,,부산진구,부전동,부전동 녹두밭빈대떡,부전동 녹두밭빈대떡 051-8079083
496,멕시칸통닭,통닭(치킨),,부산광역시 부산진구 연지동 199-7번지,부산광역시 부산진구 연지로 24-1 (연지동),386908.803564763,187726.524870325,영업/정상,,부산진구,연지동,연지동 멕시칸통닭,연지동 멕시칸통닭 
497,항아리보쌈,한식,051-803-3453,부산광역시 부산진구 부전동 519-15번지,부산광역시 부산진구 가야대로784번길 56-4 (부전동),387365.805964869,185925.43998747,영업/정상,https://pcmap.place.naver.com/restaurant/1166415736/review/visitor#,부산진구,부전동,부전동 항아리보쌈,부전동 항아리보쌈 051-803-3453
498,양산꼬꼬,통닭(치킨),051-8061634,부산광역시 부산진구 부전동 242-20 지상1층,"부산광역시 부산진구 서면로 52, 지상1층 (부전동)",387460.316364572,185948.966458176,영업/정상,https://pcmap.place.naver.com/restaurant/16441230/review/visitor#,부산진구,부전동,부전동 양산꼬꼬,부전동 양산꼬꼬 051-8061634
499,백경해물탕,한식,051-8972487,부산광역시 부산진구 개금동 산 52-6번지,부산광역시 부산진구 엄광로44번길 21 (개금동),384194.732190297,184973.64279778,영업/정상,https://pcmap.place.naver.com/restaurant/1116779292/review/visitor#,부산진구,개금동,개금동 백경해물탕,개금동 백경해물탕 051-8972487
