restaurant_name,category,dong
전포동 베이비치크,양식,전포동
전포동 제이에스푸드,한식,전포동
양정동 론도테이블,"카페,디저트",양정동
전포동 하업트(HAUPT),바(BAR),전포동
부전동 야타이 수,이자카야,부전동
개금동 위대한밥상,한식뷔페,개금동
개금동 금돼지식당,한식,개금동
전포동 베리풀,"다이어트,샐러드",전포동
전포동 올드라벨,브런치카페,전포동
전포동 코즈키,이자카야,전포동
부전동 우미오모루,일식당,부전동
가야동 개금 골목포차,포장마차,가야동
전포동 고상,요리주점,전포동
전포동 소소리,이자카야,전포동
부전동 오로르,"카페,디저트",부전동
전포동 미네,술집,전포동
전포동 연화림,케이크전문,전포동
부전동 우시야,소고기구이,부전동
전포동 카츠 김선도,돈가스,전포동
부전동 마후닭,"치킨,닭강정",부전동
당감동 둥지밀면,국수,당감동
전포동 촉팜,"카페,디저트",전포동
전포동 힙피,"카페,디저트",전포동
양정동 형아우삼계탕,"백숙,삼계탕",양정동
범천동 미담돈,"육류,고기요리",범천동
전포동 바리치,이자카야,전포동
전포동 요키크라브,이자카야,전포동
부전동 해운대복어불고기&속시원한대구탕,복어요리,부전동
전포동 미올(MYOL),"카페,디저트",전포동
부전동 오십사,"육류,고기요리",부전동
연지동 도마샌드,샌드위치,연지동
전포동 배키욘방 부산서면점,일식당,전포동
전포동 로봇초밥마켓 부산본점,"초밥,롤",전포동
전포동 캔유라이크(Canyoulike),"카페,디저트",전포동
개금동 사보이 개금점,양식,개금동
양정동 신토김밥,김밥,양정동
가야동 우서방쭈삼이,주꾸미요리,가야동
전포동 꽁테무아(Quant a moi),카페,전포동
전포동 트와엣모아,"카페,디저트",전포동
부전동 개미집 서면센트럴스타점,낙지요리,부전동
부전동 삼다진족 서면점,"족발,보쌈",부전동
전포동 베트커피웍스,"카페,디저트",전포동
전포동 토오루,일식당,전포동
양정동 댄디커피,"카페,디저트",양정동
전포동 깨진벽,술집,전포동
전포동 유어타입,브런치,전포동
전포동 요행,요리주점,전포동
전포동 굿타운,바(BAR),전포동
부전동 18번완당,한식,부전동
개금동 이춘봉인생치킨(부산개금점),"치킨,닭강정",개금동
양정동 헤이휴,카페,양정동
당감동 소풍경당감부암점,종합분식,당감동
전포동 노캡,"카페,디저트",전포동
부전동 일일시호주,이자카야,부전동
전포동 모쿠816,"카페,디저트",전포동
부전동 지금하루,이자카야,부전동
전포동 비스트로바이지니케이트,"스파게티,파스타전문",전포동
가야동 저번에그,"족발,보쌈",가야동
당감동 호동포차,포장마차,당감동
초읍동 하이오커피 부산연지점,"카페,디저트",초읍동
부암동 광주식당,한식,부암동
당감동 감자븐분식,종합분식,당감동
부전동 구스타보,와인,부전동
개금동 도란도란,생선회,개금동
범천동 오로지 국밥,한식,범천동
전포동 덱스커피 전포점,카페,전포동
양정동 미누반점,중식당,양정동
전포동 구프(goof),"카페,디저트",전포동
전포동 서서주방,술집,전포동
전포동 베이시스옵,"카페,디저트",전포동
전포동 겟럭키(Get Lucky),"카페,디저트",전포동
부암동 쭈대가제육대가 서면점,한식,부암동
전포동 뉴욕보틀서면1호점,"카페,디저트",전포동
전포동 바게뜨양,"카페,디저트",전포동
개금동 온클라우드나인,"스파게티,파스타전문",개금동
전포동 노이알트,"카페,디저트",전포동
전포동 무구희,샤브샤브,전포동
전포동 템므,바(BAR),전포동
부전동 족발먹어보쌈,"족발,보쌈",부전동
가야동 모도리초밥,"초밥,롤",가야동
초읍동 리토스,햄버거,초읍동
부전동 불고기300,한식,부전동
전포동 히토우(HITOU),이자카야,전포동
전포동 묵묵-로스팅웨어,카페,전포동
전포동 뎃판스기,이자카야,전포동
양정동 골목안오리,오리요리,양정동
가야동 다락,"전,빈대떡",가야동
범천동 우정밥상,한식,범천동
개금동 철따라계절따라2호점,생선회,개금동
부전동 남해죽집,죽,부전동
부암동 아수라(ASURA),보드카페,부암동
양정동 요기요,"전통,민속주점",양정동
개금동 곱전,한식,개금동
전포동 웨이다오,이자카야,전포동
범천동 돈다리족발,"족발,보쌈",범천동
부전동 맨도롱,이자카야,부전동
가야동 필드키친부산진구점,한식,가야동
전포동 코즈믹버거 전포점,햄버거,전포동
부암동 원스,식료품,부암동
양정동 럭키라이스,덮밥,양정동
부전동 우가네족발,"족발,보쌈",부전동
전포동 키친바바,양식,전포동
당감동 피자스톰 부산진구점,피자,당감동
가야동 다온돼지,한식,가야동
당감동 연산할매국수,국수,당감동
부전동 주지민아빠감자탕,한식,부전동
전포동 덕수파스타 부산 전포 직영점,양식,전포동
부전동 제줏간-서면점,돼지고기구이,부전동
전포동 코르 파스타 바,와인,전포동
양정동 몬도일커피(MONDO1.COFFEE),카페,양정동
부전동 마선생얼큰국밥 부산서면점,한식,부전동
전포동 동포전,"전통,민속주점",전포동
범전동 빈스킹토스트 시민공원점,토스트,범전동
부암동 수제맥주집 부암점,"맥주,호프",부암동
부전동 어랏투고 영광도서점,"카페,디저트",부전동
부전동 비에이치씨bhc 부산부전점,"치킨,닭강정",부전동
부전동 언양닭칼국수(서면부전점),"칼국수,만두",부전동
부전동 통영한일김밥부산본점,김밥,부전동
부전동 상상피자 서면본점,피자,부전동
부전동 미미타코,일식당,부전동
부전동 킥애스 서면점,"카페,디저트",부전동
전포동 푯,돼지고기구이,전포동
전포동 오굳띵,"카페,디저트",전포동
양정동 노브레이크,요리주점,양정동
전포동 주심,요리주점,전포동
가야동 아구듬뿍알곤마니 가야개금점,"아귀찜,해물찜",가야동
전포동 Halo(헤일로),바(BAR),전포동
개금동 세아 작업실,일식당,개금동
전포동 무채 로스터리,"카페,디저트",전포동
전포동 리액트(react),"카페,디저트",전포동
전포동 펙(peck),바(BAR),전포동
초읍동 동방축산 초읍점,"육류,고기요리",초읍동
양정동 대패한상,"육류,고기요리",양정동
전포동 플로레스타,"스파게티,파스타전문",전포동
전포동 코쿠씨(kokku.c),브런치카페,전포동
전포동 치보,와인,전포동
전포동 페이퍼가든,인테리어소품,전포동
부전동 제이엠티카페 서면로점,"카페,디저트",부전동
전포동 수프올샐러드,브런치,전포동
전포동 후타츠 부산점,일본식라면,전포동
가야동 가야블루스,"맥주,호프",가야동
전포동 빗센,양식,전포동
연지동 통통회,일식당,연지동
개금동 요고양식,양식,개금동
전포동 육담도,"육류,고기요리",전포동
전포동 버드나무집,한식,전포동
연지동 이춘봉인생치킨 연지점,"치킨,닭강정",연지동
전포동 인터문샤인(intermoonshine),바(BAR),전포동
부전동 뉴러우멘관즈 서면점,아시아음식,부전동
개금동 삼냥제과,"카페,디저트",개금동
전포동 피셋(Phises),태국음식,전포동
개금동 오리랑,한식,개금동
전포동 어풋홀드,바(BAR),전포동
당감동 맛있는바다,생선회,당감동
전포동 정성카츠,돈가스,전포동
당감동 남다른 썬치킨 당감1호점,"치킨,닭강정",당감동
당감동 오계절밀면,한식,당감동
전포동 코베야,이자카야,전포동
당감동 인정후라이드 당감점,"치킨,닭강정",당감동
전포동 우모레,"카페,디저트",전포동
전포동 니사,바(BAR),전포동
범천동 기프티(giftea),"카페,디저트",범천동
부전동 슬림비빔밥,비빔밥,부전동
전포동 굿위크,"카페,디저트",전포동
양정동 양정맛국,한식,양정동
개금동 낙지명가 아낙촌 개금점,"해물,생선요리",개금동
전포동 북샵(Book Shop),바(BAR),전포동
전포동 굿손 전포점,베트남음식,전포동
전포동 GWC 갱상남도 위스키클럽,주류,전포동
전포동 전포 상제씨,한식,전포동
당감동 거북이 동네 당감점,돼지고기구이,당감동
개금동 동대앞 신석쇠구이 개금점,닭요리,개금동
전포동 아일랑트,"카페,디저트",전포동
초읍동 다로숲,"카페,디저트",초읍동
부전동 취기,요리주점,부전동
부전동 4계절카페,"카페,디저트",부전동
전포동 건강한집밥다미,"백반,가정식",전포동
전포동 무야,이자카야,전포동
전포동 NALO,술집,전포동
부전동 챔치,생선회,부전동
가야동 삼양분식,한식,가야동
부전동 영월댁,"칼국수,만두",부전동
부전동 수라상,"육류,고기요리",부전동
전포동 고더샵,브런치,전포동
전포동 놀이터(PLAYGROUND),"이벤트,파티",전포동
초읍동 울엄마곱창,"곱창,막창,양",초읍동
가야동 퀸시,카페,가야동
전포동 카페 까미노,"카페,디저트",전포동
전포동 바오나이트마켓,요리주점,전포동
부전동 코코로스터스,"카페,디저트",부전동
부전동 월하미인,양식,부전동
가야동 자연초갈비,돼지고기구이,가야동
가야동 정일식육식당,"육류,고기요리",가야동
가야동 심청이왕족발,"족발,보쌈",가야동
전포동 가평보리밥집,보리밥,전포동
당감동 백양산하얀농원,"육류,고기요리",당감동
당감동 풍종다슬기,한식,당감동
당감동 금홍,중식당,당감동
부암동 가마솥돼지국밥,국밥,부암동
부전동 하이바,"맥주,호프",부전동
개금동 양가손만두,만두,개금동
양정동 우성각,중식당,양정동
부전동 추억만들기2020,"맥주,호프",부전동
양정동 산내방,한식,양정동
당감동 정든밥집,한식,당감동
양정동 만만,요리주점,양정동
부전동 부산쪽쪽갈비,"육류,고기요리",부전동
부전동 곱테랑,"곱창,막창,양",부전동
양정동 윤식당,한식,양정동
부암동 부산반점,중식당,부암동
가야동 박가네 대박집,한식,가야동
부전동 본죽 서면시장점,죽,부전동
부전동 진칼국수,"칼국수,만두",부전동
개금동 동촌식당,한식,개금동
양정동 양산할매국시,국수,양정동
당감동 승승(당감3호점),돼지고기구이,당감동
양정동 안한정식,한정식,양정동
부전동 갈비에반해찜,"육류,고기요리",부전동
당감동 하루가,"육류,고기요리",당감동
초읍동 다금,한식,초읍동
양정동 다올막창,"곱창,막창,양",양정동
양정동 양정곱창마을,"곱창,막창,양",양정동
부전동 (주)사미헌,"육류,고기요리",부전동
부전동 초원곰탕 서면점,"곰탕,설렁탕",부전동
범천동 우체국옆2층,종합분식,범천동
부전동 서면숯불갈비,"육류,고기요리",부전동
부전동 더블린 데이,"맥주,호프",부전동
당감동 속보이는만두,만두,당감동
당감동 우리집아구찜,"아귀찜,해물찜",당감동
부전동 다도해,"초밥,롤",부전동
부전동 기장멸치전문점,국수,부전동
초읍동 고향맛순두부,두부요리,초읍동
부전동 선희구이,생선회,부전동
개금동 명성식당,생선회,개금동
부전동 시더스초밥,"초밥,롤",부전동
당감동 맛손칼국수,"칼국수,만두",당감동
범천동 갈매기식당,"백반,가정식",범천동
부전동 한방장어구이,한식,부전동
전포동 상호미지수,"육류,고기요리",전포동
개금동 먹음직뼈 감자탕,감자탕,개금동
부암동 돼지zone,돼지고기구이,부암동
부전동 미미루,중식당,부전동
개금동 물꽁과꽃게,"아귀찜,해물찜",개금동
부전동 대복성,중식당,부전동
양정동 시소식당,한식,양정동
부전동 만배아리랑보쌈,"족발,보쌈",부전동
부전동 히든 홀덤펍,"맥주,호프",부전동
부전동 카페이떼,"카페,디저트",부전동
부전동 카오짜이,태국음식,부전동
부전동 발해양꼬치,양꼬치,부전동
가야동 더하다 가야점,"육류,고기요리",가야동
부전동 호맥 서면1번가점,"맥주,호프",부전동
가야동 진지한술집,요리주점,가야동
부전동 소제이,"육류,고기요리",부전동
부전동 중앙선술,이자카야,부전동
부전동 수리랑,"해물,생선요리",부전동
양정동 변상은메기탕추어탕,추어탕,양정동
범천동 장수유황생오리,오리요리,범천동
부전동 모어샌드위치 서면점,샌드위치,부전동
부전동 소원아귀찜,한식,부전동
부암동 당감동오매가매 아구찜,한식,부암동
부전동 초대갈비,"육류,고기요리",부전동
개금동 골목갈비 개금점,"육류,고기요리",개금동
당감동 진짜배기남원추어탕,추어탕,당감동
범천동 선진식당,"육류,고기요리",범천동
개금동 (주)용화집,한식,개금동
부전동 이병우설농탕,"곰탕,설렁탕",부전동
양정동 전통음식점 원양,한식,양정동
부전동 함만,요리주점,부전동
부전동 향토버섯매운탕,"매운탕,해물탕",부전동
부전동 태산분식,두부요리,부전동
양정동 양정서울칼국수,"칼국수,만두",양정동
개금동 원조소토촌추어탕,추어탕,개금동
부전동 이모집양곱창,"곱창,막창,양",부전동
범천동 본가낙지,낙지요리,범천동
부전동 부산농원,한식,부전동
부암동 아서원,중식당,부암동
부전동 갓파스시 서면점,"초밥,롤",부전동
범천동 자연바다횟집,생선회,범천동
부전동 신풍국밥&가야밀면,국밥,부전동
부전동 열정국밥,국밥,부전동
부전동 꽃새우일번가,"해물,생선요리",부전동
부전동 코리(kori),이자카야,부전동
양정동 이가월남쌀국수양정점,베트남음식,양정동
개금동 대동반점,중식당,개금동
개금동 배가네쭈꾸미,한식,개금동
부전동 기장칼국수,"칼국수,만두",부전동
당감동 화성왕족발,"족발,보쌈",당감동
초읍동 엄마손국수,국수,초읍동
전포동 구땡식당,돼지고기구이,전포동
가야동 은성이네양곱창,"곱창,막창,양",가야동
전포동 지지무디,와인,전포동
전포동 탐식,한식,전포동
전포동 파도림,요리주점,전포동
부전동 류아포마라탕,마라탕,부전동
양정동 행복한상,"육류,고기요리",양정동
"가야동 오,토끼","카페,디저트",가야동
부전동 로타리국밥,국밥,부전동
개금동 이모야밥집,한식,개금동
전포동 비주류,바(BAR),전포동
전포동 고빨,요리주점,전포동
개금동 커피콜121,카페,개금동
양정동 우삼겹 비빔국수,요리주점,양정동
전포동 정희네,한식,전포동
가야동 만세통닭,"치킨,닭강정",가야동
전포동 감동먹태,"맥주,호프",전포동
전포동 피플웍스(PEOPLE WORKS),"멕시코,남미음식",전포동
부암동 롯데한식뷔페,한식뷔페,부암동
전포동 컵플(CUPPLE),"카페,디저트",전포동
부암동 싸돼지의 품격,돼지고기구이,부암동
부전동 캠퍼스컵밥,"도시락,컵밥",부전동
전포동 포그(POGG),"카페,디저트",전포동
부암동 미카페(MECAFE),"카페,디저트",부암동
전포동 행담,일식당,전포동
전포동 그레이풀,"카페,디저트",전포동
범천동 그린돈까스,돈가스,범천동
초읍동 통영뒷고기,"육류,고기요리",초읍동
전포동 키친물고기,"초밥,롤",전포동
전포동 보니따(Bonitta),"카페,디저트",전포동
부암동 뿔난닭숯불두마리,"치킨,닭강정",부암동
범천동 아우리버,"카페,디저트",범천동
전포동 얼쓰케이크(EARTHCAKE),케이크전문,전포동
당감동 청담불백정식,한식,당감동
전포동 백양육식장,"육류,고기요리",전포동
전포동 구씨떡볶이,종합분식,전포동
가야동 남바완돈카츠가야점,돈가스,가야동
전포동 테이블세터 전포,요리주점,전포동
부전동 숯꾸돈,돼지고기구이,부전동
전포동 로울,"육류,고기요리",전포동
전포동 행복을주는가게,"이불,담요",전포동
양정동 더블원커피로스터스,"카페,디저트",양정동
전포동 우츠와,일식당,전포동
전포동 라이 다운 커피 로스터스(Lie down coffee Roasters),카페,전포동
연지동 쪽대장,한식,연지동
당감동 소우곰탕,"곰탕,설렁탕",당감동
부전동 키쉬미뇽 서면점,"카페,디저트",부전동
개금동 꼬들집,"육류,고기요리",개금동
부전동 the바삭,종합분식,부전동
부전동 덤보커피앤바,"카페,디저트",부전동
가야동 평화김해뒷고기,"육류,고기요리",가야동
범천동 박향숙 레드참치,생선회,범천동
전포동 씨몬,"카페,디저트",전포동
전포동 드므 부산,와인,전포동
범천동 육회실장,"육류,고기요리",범천동
개금동 덜렁포차,포장마차,개금동
전포동 돈희극,"육류,고기요리",전포동
가야동 부영밥상,한식,가야동
전포동 노뎅,한식,전포동
전포동 멍프탑,애견카페,전포동
개금동 옹기닥,닭요리,개금동
전포동 샤따(SHATTA),이자카야,전포동
전포동 바302호,와인,전포동
범천동 달인추어탕,추어탕,범천동
부전동 남도본가,"찌개,전골",부전동
초읍동 블라블라,"카페,디저트",초읍동
가야동 킹프레소 가야점,"카페,디저트",가야동
전포동 야키토리 온정,"일식튀김,꼬치",전포동
범천동 호맥 범천점,"맥주,호프",범천동
전포동 멘조라멘,일본식라면,전포동
양정동 한솔대구탕,"매운탕,해물탕",양정동
부전동 장모돼지국밥묵은지흑돼지찌개,국밥,부전동
부암동 새벽여는김밥,김밥,부암동
당감동 헤이잭,"스파게티,파스타전문",당감동
전포동 구이포차 우연히,"육류,고기요리",전포동
부전동 용이네뒷고기,한식,부전동
개금동 개금가마솥추어탕,추어탕,개금동
부암동 밥통령,한식,부암동
전포동 굿모닝홍콩,아시아음식,전포동
당감동 우아한알콜주유소,술집,당감동
부전동 동해물회,생선회,부전동
연지동 진주숯불갈비,"육류,고기요리",연지동
당감동 복돌네통닭,"치킨,닭강정",당감동
양정동 경일식당,한식,양정동
부전동 하씨네,요리주점,부전동
전포동 해롱해,한식,전포동
전포동 전포연가,요리주점,전포동
당감동 다복향마라탕(당감점),중식당,당감동
양정동 엄마의 부뚜막,한식,양정동
전포동 구판장,이자카야,전포동
전포동 하노이맥주밤거리 부산전포점,요리주점,전포동
연지동 야키센,한식,연지동
부전동 조옥규한우곰탕,"곰탕,설렁탕",부전동
부전동 어필,요리주점,부전동
전포동 마담에뽀끄 서면점,양식,전포동
부전동 그린보틀,주류,부전동
범천동 조방숯불곱창,"곱창,막창,양",범천동
초읍동 돈짝초읍점,"육류,고기요리",초읍동
부전동 거제도야한상,한식,부전동
부전동 꼬막짬뽕,중식당,부전동
부암동 외식일번가 부산진구점,"육류,고기요리",부암동
가야동 풍성육계장,감자탕,가야동
초읍동 만리성,중식당,초읍동
양정동 장수숯불갈비,"육류,고기요리",양정동
당감동 항정살구공탄,"육류,고기요리",당감동
초읍동 메르시마담,"카페,디저트",초읍동
가야동 멍텅구리,요리주점,가야동
양정동 양정정통밀면,냉면,양정동
부전동 참숯불 불타는 대구생막창,"곱창,막창,양",부전동
부전동 녹원복국,생선회,부전동
부전동 고복샤브샤브,샤브샤브,부전동
개금동 한우예찬,소고기구이,개금동
부전동 아키수산,이자카야,부전동
연지동 소주사랑,"맥주,호프",연지동
부전동 대갈통문어,"해물,생선요리",부전동
당감동 김선장횟집,생선회,당감동
가야동 마당집여울목,한식,가야동
가야동 대풍각,중식당,가야동
양정동 청룡관,중식당,양정동
범천동 돈짱 맛짱,한식,범천동
부전동 옥이네양곱창,한식,부전동
부전동 부잣집밥상,한식,부전동
가야동 만우고깃집,"육류,고기요리",가야동
범천동 중앙횟집,생선회,범천동
당감동 장터영양탕삼계탕,"백숙,삼계탕",당감동
초읍동 삼성밀면,국수,초읍동
부전동 남촌멸치쌈밥,쌈밥,부전동
범천동 아시아투고,중식당,범천동
부전동 스지신,포장마차,부전동
가야동 골드원 꼬마김밥,김밥,가야동
가야동 돼지꿈갈비,돼지고기구이,가야동
양정동 부산대오야,"해물,생선요리",양정동
가야동 땡초우동인(in)포차,포장마차,가야동
부전동 청호식당,한식,부전동
부전동 형제숯불갈비,"육류,고기요리",부전동
부전동 청담(일품한식),한식,부전동
개금동 화돈가,"육류,고기요리",개금동
연지동 다소니,국밥,연지동
부전동 할매밥상,한식,부전동
초읍동 안채,한식,초읍동
부전동 따오기퓨전요리,"해물,생선요리",부전동
범천동 야끼도리정,일식당,범천동
가야동 거창반점,중식당,가야동
부전동 내고향장승골,"전통,민속주점",부전동
개금동 엄마의 부엌,한정식,개금동
당감동 너랑나랑,카페,당감동
범천동 천가닥,국수,범천동
범천동 만리방,중식당,범천동
범천동 복해루,중식당,범천동
부전동 서면 곱,"곱창,막창,양",부전동
부전동 천일횟집,생선회,부전동
부전동 정원오리보쌈,오리요리,부전동
당감동 장수 돼지국밥,국밥,당감동
전포동 오천냥포차,"맥주,호프",전포동
부전동 자갈치복집,"매운탕,해물탕",부전동
부전동 종가집,"칼국수,만두",부전동
부전동 풍연식당,한식,부전동
부전동 포항물횟집,생선회,부전동
당감동 매일매일도매횟집,생선회,당감동
당감동 우럭앤구이,생선회,당감동
부전동 조판장,조개요리,부전동
당감동 어통령,생선회,당감동
범전동 대성각,중식당,범전동
부전동 키라라,일식당,부전동
부전동 엄지네,한식,부전동
부전동 외식촌,"육류,고기요리",부전동
부전동 한라정,한식,부전동
부전동 울타리없는만두집,종합분식,부전동
부전동 충무낙지볶음,낙지요리,부전동
부전동 대야성갈비,"육류,고기요리",부전동
전포동 시눅,요리주점,전포동
전포동 덕클,퓨전음식,전포동
전포동 eee전포,요리주점,전포동
전포동 씬띠아(Cintia),"카페,디저트",전포동
부전동 커먼,종합도소매,부전동
가야동 새송이아구찜,"아귀찜,해물찜",가야동
전포동 오마이브린,"카페,디저트",전포동
전포동 인사불성,한식,전포동
부전동 고래랑참치,한식,부전동
전포동 그레잇 벌스,와인,전포동
부전동 해파랑국밥,국밥,부전동
부전동 한다솥 서면점,생선구이,부전동
부전동 얌샘김밥 부산서면점,분식,부전동
전포동 카페더덤,"카페,디저트",전포동
부전동 맘보비어,"맥주,호프",부전동
당감동 행복해,"카페,디저트",당감동
전포동 섹션코브,요리주점,전포동
전포동 이또이 스시,"초밥,롤",전포동
부전동 아는오빠포차,포장마차,부전동
"개금동 쉼표,와인",와인,개금동
전포동 뚜오이(tuoi),"카페,디저트",전포동
양정동 행복생선구이,생선구이,양정동
가야동 설맥,"맥주,호프",가야동
부전동 도조도모,일식당,부전동
부전동 회국수할매집,국수,부전동
당감동 장우동,종합분식,당감동
부전동 대명반점,중식당,부전동
당감동 부자부자횟집,생선회,당감동
범천동 현대포차,포장마차,범천동
전포동 이치방(전포점),이자카야,전포동
개금동 선산반점,중식당,개금동
범천동 단골식당,한식,범천동
전포동 생일반점,중식당,전포동
부전동 도림,중식당,부전동
부전동 POOL CAFE&BAR(풀카페&바),"카페,디저트",부전동
범천동 신암회센타,생선회,범천동
전포동 우열반점,중식당,전포동
연지동 소미돈까스,돈가스,연지동
범천동 더펄,카페,범천동
범천동 중앙돼지국밥,국밥,범천동
개금동 감포숯불장어구이,"장어,먹장어요리",개금동
범천동 대원식당,"육류,고기요리",범천동
부전동 샤브테이,샤브샤브,부전동
부전동 미누식당,요리주점,부전동
당감동 보리수,"찌개,전골",당감동
당감동 시골장터우정의집,"해물,생선요리",당감동
양정동 본죽양정점,죽,양정동
범천동 기와집아구찜,"아귀찜,해물찜",범천동
개금동 야래향,중식당,개금동
부전동 남해수산횟집,생선회,부전동
부전동 아메리칸 키친 by121(American Kitchen by121),양식,부전동
당감동 신보영,중식당,당감동
전포동 더블유함바그(Whamburg),양식,전포동
부전동 요타쿠마,이자카야,부전동
부전동 나는맛있다 푸드연구소,피자,부전동
범천동 오월가,한식,범천동
전포동 옥섬,한식,전포동
양정동 993루프탑,양식,양정동
양정동 993 루프탑,양식,양정동
전포동 불러바드,양식,전포동
전포동 홍콩가든,"딤섬,중식만두",전포동
전포동 비에이,"카페,디저트",전포동
전포동 인트로INTRO,요리주점,전포동
전포동 디베르티티,"카페,디저트",전포동
"전포동 파레토,PARETO",요리주점,전포동
전포동 해룸,덮밥,전포동
전포동 애착,한식,전포동
범천동 올수록,테이크아웃커피,범천동
전포동 꼬이꼬이 전포점,이자카야,전포동
범천동 켄코,일식당,범천동
전포동 코코로미,이자카야,전포동
전포동 넉잔,요리주점,전포동
전포동 텐사쿠,아시아음식,전포동
부전동 칙바이칙 서면점,햄버거,부전동
전포동 조개대교 전포점,조개요리,전포동
전포동 댓츠라이프,바(BAR),전포동
전포동 계곱주,요리주점,전포동
전포동 마딛따,요리주점,전포동
전포동 변곡점스탠드,"카페,디저트",전포동
전포동 비엣소셜클럽,베트남음식,전포동
전포동 구름계란덮밥 서면점,한식,전포동
전포동 음주가:밀 전포,한식,전포동
가야동 동이아구찜,"아귀찜,해물찜",가야동
부전동 오뎅끼데쓰까,한식,부전동
부전동 영광할매집,한식,부전동
전포동 난바이,일식당,전포동
부전동 명란김밥,김밥,부전동
전포동 언노운피자,피자,전포동
부전동 레이어,바(BAR),부전동
전포동 닭발쏘옥,한식,전포동
양정동 치퀸사계 양정점,"치킨,닭강정",양정동
전포동 무화(moohwa),"카페,디저트",전포동
부전동 아지양 서면점,"육류,고기요리",부전동
부전동 호두가,호두과자,부전동
전포동 낫낫럭키,브런치카페,전포동
전포동 방방곡곡,주류,전포동
가야동 옛날장터,닭발,가야동
전포동 워킹홀리데이 전포,브런치카페,전포동
부전동 지성감족,"족발,보쌈",부전동
전포동 불티,한식,전포동
전포동 노월당,한식,전포동
부전동 광복동 일광집,한식,부전동
전포동 포스터바,바(BAR),전포동
전포동 치키파이 전포점,"카페,디저트",전포동
개금동 더(the)마시자,"맥주,호프",개금동
부전동 훅트포케 서면점,"다이어트,샐러드",부전동
범전동 젤라또무까,아이스크림,범전동
전포동 옥두꺼비,한식,전포동
전포동 다누(danu),브런치카페,전포동
부전동 수복식당,"찌개,전골",부전동
부전동 홍유단,중식당,부전동
가야동 서가네오리,오리요리,가야동
전포동 헉(HUK),"스테이크,립",전포동
부전동 일월육일 서면점,이자카야,부전동
초읍동 한상보리밥 돌솥비빔밥,한식,초읍동
부전동 신룽푸마라탕,마라탕,부전동
전포동 꼬기만땅 점보비빔밥,한식,전포동
부전동 모모이로,이자카야,부전동
당감동 삼수집,돼지고기구이,당감동
양정동 태평양장어구이,"장어,먹장어요리",양정동
부전동 달콤한놀이터,룸카페,부전동
범전동 해피푸드서비스,급식,범전동
초읍동 건일숯불갈비,"육류,고기요리",초읍동
부전동 담스,"맥주,호프",부전동
범천동 우리생고기,"육류,고기요리",범천동
부전동 오성가든,한식,부전동
개금동 빈즈비어,"맥주,호프",개금동
개금동 영아네식당,한식,개금동
부전동 김완쭈꾸미,주꾸미요리,부전동
초읍동 메가후르츠 부산초읍점,"카페,디저트",초읍동
개금동 그놈포차 개금점,요리주점,개금동
부전동 희마쯔,일식당,부전동
전포동 모테키 전포,이자카야,전포동
부암동 오징어나라,한식,부암동
개금동 666버거 개금점,햄버거,개금동
부전동 바른고기 엘베요타 서면직영점,"육류,고기요리",부전동
전포동 취화방,요리주점,전포동
연지동 두마리찜닭 두찜연지점,찜닭,연지동
부전동 바보주막,"전통,민속주점",부전동
전포동 파스타빌라,양식,전포동
범천동 채원밥상,한식뷔페,범천동
양정동 미소나눔밥집,한식,양정동
전포동 비전문,"카페,디저트",전포동
가야동 대성각,중식당,가야동
개금동 스시현,"초밥,롤",개금동
전포동 프렌즈클럽,이탈리아음식,전포동
전포동 키토니(kitony),돈가스,전포동
양정동 로우쥬스커피,"과일,주스전문점",양정동
전포동 밀로즈,양식,전포동
부전동 옵포드,"카페,디저트",부전동
개금동 우리동네 레스토랑 고슬고슬,퓨전음식,개금동
전포동 구덕포끝집고기(서면전포점),"육류,고기요리",전포동
초읍동 자갈치횟집,생선회,초읍동
전포동 스스키노,퓨전음식,전포동
부전동 레알소만,소고기구이,부전동
전포동 디저트 로지,"카페,디저트",전포동
부전동 왕가탕후루,"과자,사탕,초코렛",부전동
부전동 김태정야심,닭볶음탕,부전동
전포동 갓포 사잇 쿠마,일식당,전포동
부전동 참치오빠,생선회,부전동
전포동 카페클릭,"카페,디저트",전포동
양정동 엘라의 부엌,양식,양정동
전포동 오퍼스(OPUS),와인,전포동
개금동 인정후라이드(개금점),"치킨,닭강정",개금동
부전동 소수인,일식당,부전동
범천동 정유의곳간,한식,범천동
개금동 카페본동,"카페,디저트",개금동
부전동 우사부(일체),"육류,고기요리",부전동
양정동 산마루 감자탕,감자탕,양정동
당감동 호주에서 온 스시 당감점,"초밥,롤",당감동
부전동 정이든삼겹살,돼지고기구이,부전동
전포동 찢었다 김치찜,한식,전포동
양정동 국수락,국수,양정동
가야동 영진돼지국밥,국밥,가야동
부전동 바다산곰장어,"해물,생선요리",부전동
부암동 남다른썬치킨 부암1호점,"치킨,닭강정",부암동
당감동 만복정,한식,당감동
당감동 소문난시장손칼국수,"칼국수,만두",당감동
연지동 새미정,한식,연지동
부전동 사루몽,일식당,부전동
전포동 마당쇠돼지갈비전포점,돼지고기구이,전포동
양정동 뉴-김밥천국,김밥,양정동
초읍동 돌쇠본가,한식,초읍동
전포동 야키토리 세이고,이자카야,전포동
부전동 잔나비,이자카야,부전동
개금동 동래밀면,냉면,개금동
개금동 유부보따리,종합분식,개금동
가야동 수중화요리,중식당,가야동
당감동 바우석쇠,"육류,고기요리",당감동
부전동 해피통닭,"치킨,닭강정",부전동
양정동 향원장,중식당,양정동
부전동 화정생고기,"육류,고기요리",부전동
전포동 짐키친 서면점,"다이어트,샐러드",전포동
당감동 산머루샤브샤브칼국수,한식,당감동
부전동 대박숯불갈비,한식,부전동
범천동 밥상극장,한식,범천동
전포동 카페지예,"카페,디저트",전포동
부전동 갈매기학교,"육류,고기요리",부전동
개금동 봉평메밀동치미막국수,한식,개금동
초읍동 두유카페 두시,"카페,디저트",초읍동
전포동 시월식당,바(BAR),전포동
부전동 조선칼국수와 통막걸리,"칼국수,만두",부전동
양정동 명가참숯갈비,한식,양정동
개금동 대박터진돈까스,돈가스,개금동
전포동 나들목,요리주점,전포동
부전동 명가조방낙지,낙지요리,부전동
전포동 파스타리프,아시아음식,전포동
전포동 태광정밀,와인,전포동
전포동 두근돼지,한식,전포동
전포동 노메럴,바(BAR),전포동
범천동 윤식당,한식,범천동
부전동 삼오정,한식,부전동
부전동 (주)오매족서면본점,"족발,보쌈",부전동
전포동 역행,돼지고기구이,전포동
당감동 대박삼겹살,"육류,고기요리",당감동
가야동 파전애빠지다,"전,빈대떡",가야동
개금동 요달의찜닭본점,찜닭,개금동
전포동 팔미엔,중식당,전포동
전포동 까사델아로즈,요리주점,전포동
양정동 봉이양곱창,"곱창,막창,양",양정동
전포동 스시마이우,"초밥,롤",전포동
전포동 무해한사이,요리주점,전포동
개금동 이가분식,종합분식,개금동
전포동 더블링,양식,전포동
부전동 팔구제면소 서면직영점,한식,부전동
부전동 현대경양식,"스테이크,립",부전동
당감동 우뚝화로구이,소고기구이,당감동
부전동 카페 길 서면점,"카페,디저트",부전동
전포동 일월애,요리주점,전포동
양정동 바로닭발 양정점,한식,양정동
부전동 삼원칼국수,"칼국수,만두",부전동
개금동 야무진한끼,한식,개금동
전포동 몸부림,요리주점,전포동
범천동 조방면옥,냉면,범천동
범전동 우성갈비화로구이,돼지고기구이,범전동
당감동 브라더 직화 배달삼겹 진구직영점,돼지고기구이,당감동
개금동 누마루,"칼국수,만두",개금동
부전동 사보이,"맥주,호프",부전동
부전동 용이네탕슉,요리주점,부전동
부전동 거누광장 서면점,요리주점,부전동
전포동 마선생 마약국밥 서면점,국밥,전포동
당감동 경아네분식,종합분식,당감동
전포동 롶속,"카페,디저트",전포동
당감동 진주대반점,중식당,당감동
개금동 철계점횟집,생선회,개금동
부전동 명문정,쌈밥,부전동
당감동 본스시,일식당,당감동
부전동 김밥천국서면에이원점,분식,부전동
양정동 본정 해장국,한식,양정동
범천동 거창횟집,생선회,범천동
전포동 동방축산 전포점,"육류,고기요리",전포동
초읍동 호맥 초읍점,"맥주,호프",초읍동
부전동 녹두장군,"전,빈대떡",부전동
부전동 우장군,한식,부전동
범천동 레스또,카페,범천동
부전동 갓챠(gotcha),요리주점,부전동
당감동 남해쭈꾸미,주꾸미요리,당감동
양정동 양정대패본점,한식,양정동
부전동 마루돈스텍,퓨전음식,부전동
당감동 착한김밥,김밥,당감동
부전동 청도양곱창,"곱창,막창,양",부전동
개금동 태철이네충무김밥,종합분식,개금동
당감동 남성관,중식당,당감동
부전동 풍성돼지국밥,국밥,부전동
부전동 너의계절,요리주점,부전동
가야동 마라홀릭 마라탕 가야점,중식당,가야동
당감동 진가네추어탕,추어탕,당감동
범천동 수복포차,포장마차,범천동
부전동 공가포차,요리주점,부전동
부전동 동명식당,생선회,부전동
당감동 당감밀면,국수,당감동
가야동 맥주를구한피자,피자,가야동
양정동 산동만두,"칼국수,만두",양정동
개금동 몽짬뽕,중식당,개금동
부전동 금주,요리주점,부전동
당감동 부산장진우식당,양식,당감동
가야동 순심당,"귀금속,시계",가야동
가야동 바른족발,"족발,보쌈",가야동
전포동 대창인생,"곱창,막창,양",전포동
부전동 고성죽집,죽,부전동
전포동 코티지피,양식,전포동
전포동 소소공원,"초밥,롤",전포동
전포동 에노떼까구스토,와인,전포동
부암동 형제초밥,"초밥,롤",부암동
전포동 용이네가마솥짬뽕,중식당,전포동
당감동 곱창우,"곱창,막창,양",당감동
초읍동 나탄약선요리,한식,초읍동
개금동 고성장어,"장어,먹장어요리",개금동
개금동 신흥관,중식당,개금동
부암동 자연밥상,한식,부암동
개금동 옛날보리밥,보리밥,개금동
개금동 디디씨(DDC)치킨개금점,DDC치킨,개금동
가야동 가야골추어탕,추어탕,가야동
가야동 청운돈까스,일식당,가야동
당감동 연화초밥,일식당,당감동
전포동 태진숯불갈비,돼지고기구이,전포동
초읍동 소천식당,복어요리,초읍동
범천동 경성설렁탕,"곰탕,설렁탕",범천동
부전동 제주가,한식,부전동
개금동 옥싸롱,"맥주,호프",개금동
가야동 포코 아 포코 커피,카페,가야동
양정동 영심이 왕족발,"족발,보쌈",양정동
전포동 타이랜올,요리주점,전포동
범천동 또바기식당,한식,범천동
전포동 세디,"카페,디저트",전포동
전포동 이도명가,"족발,보쌈",전포동
전포동 샌딜리버블 서면점,"카페,디저트",전포동
전포동 발데르,"카페,디저트",전포동
전포동 마코토,일본식라면,전포동
초읍동 참숯화로구이,"육류,고기요리",초읍동
가야동 마라순코우마라탕 가야점,중식당,가야동
양정동 라화공방 양정점,중식당,양정동
전포동 두볼,"다이어트,샐러드",전포동
가야동 동의통닭,"치킨,닭강정",가야동
부전동 갈매기타운 서면점,돼지고기구이,부전동
전포동 쿠아츠,이자카야,전포동
부전동 그레이핍플,카페,부전동
전포동 PANNA(판나),양식,전포동
부전동 야키맨션,이자카야,부전동
전포동 오딜라앤알마소셜클럽,술집,전포동
전포동 도조스시,"초밥,롤",전포동
전포동 칸니치이자카야,이자카야,전포동
전포동 듀코비라운지,"카페,디저트",전포동
전포동 몽환,술집,전포동
전포동 양아치,양꼬치,전포동
초읍동 왕자맥주,"맥주,호프",초읍동
부전동 영광장어구이,"장어,먹장어요리",부전동
부전동 밤중에,요리주점,부전동
부암동 빵크닉,카페,부암동
부전동 서면향어집,"해물,생선요리",부전동
부전동 삼굽살 서면점,돼지고기구이,부전동
전포동 토로토로,이자카야,전포동
가야동 밥한술맛반찬,한식,가야동
부암동 포항이모,한식,부암동
부암동 스시투어 시민공원점,"초밥,롤",부암동
당감동 9평바다,조개요리,당감동
전포동 와썹피자,피자,전포동
전포동 소안,요리주점,전포동
부전동 인더매스 시즌스,"카페,디저트",부전동
개금동 가가탕수공방,종합분식,개금동
전포동 신이내린닭발,닭발,전포동
전포동 듀커스하우스,"카페,디저트",전포동
부전동 은화횟집,생선회,부전동
범천동 돌끝해물,"해물,생선요리",범천동
개금동 개금파니니브런치,브런치,개금동
부전동 홀덤포커스 서면본점,"맥주,호프",부전동
부전동 페이퍼투콘크리트,카페,부전동
전포동 호야팡야(HOYAPANGYA),"카페,디저트",전포동
부전동 가온(GAON),바(BAR),부전동
범천동 친정엄마,한식,범천동
전포동 차오판,한식,전포동
개금동 쿡앤키친,샌드위치,개금동
부전동 고와누스(Gowanus),피자,부전동
전포동 피자런서면점,피자,전포동
전포동 대게홍게 게판20분,대게요리,전포동
초읍동 카페 로지에르,"카페,디저트",초읍동
전포동 리풀,브런치,전포동
부전동 애니플러스,"카페,디저트",부전동
전포동 오마갓(OMAGOD),요리주점,전포동
부전동 꿀포차,포장마차,부전동
부전동 몽구,한식,부전동
부암동 황금이네,한식,부암동
전포동 비어샵,"맥주,호프",전포동
전포동 잔잔해,요리주점,전포동
부전동 오딘,카페,부전동
연지동 산지횟집,생선회,연지동
전포동 퓨링크,"카페,디저트",전포동
가야동 샐픽(salpick),"다이어트,샐러드",가야동
전포동 고주,술집,전포동
부전동 나성족발,"족발,보쌈",부전동
양정동 장모님찬스,반찬가게,양정동
전포동 심이베커피,"카페,디저트",전포동
전포동 힙플,요리주점,전포동
전포동 두들리도넛,도넛,전포동
전포동 펑키클로버(Funky Clover),요리주점,전포동
전포동 카네다독고,일본식라면,전포동
개금동 돈스,돈가스,개금동
개금동 착한몰,한식,개금동
전포동 소연옥,일식당,전포동
양정동 정담은,한식,양정동
연지동 용이분식,종합분식,연지동
초읍동 몽돌회초밥,"초밥,롤",초읍동
부전동 낮밤,요리주점,부전동
부전동 노크서면직영점,"맥주,호프",부전동
전포동 빌(BIL),양식,전포동
범천동 연선생,일식당,범천동
양정동 쌍둥이 숯불 두마리치킨,"치킨,닭강정",양정동
당감동 은파식당,생선회,당감동
전포동 두루미,한식,전포동
범천동 한경자굴국밥 조방앞점,국밥,범천동
부전동 용궁해물탕,"매운탕,해물탕",부전동
부전동 사성각,중식당,부전동
부전동 착한동태아구찜,"매운탕,해물탕",부전동
부전동 깜짝식당,"사철,영양탕",부전동
당감동 동평반점,중식당,당감동
부전동 부광횟집,생선회,부전동
당감동 희자통닭,"치킨,닭강정",당감동
부전동 365 후루룩 촌국수,국수,부전동
부전동 울산목살구이집,"육류,고기요리",부전동
개금동 국시랑술이랑,한식,개금동
부전동 세븐참치,생선회,부전동
양정동 어랑대구왕뽈찜,한식,양정동
가야동 언니비어,"맥주,호프",가야동
부전동 태건이네국밥,국밥,부전동
전포동 나이스비어(Nice Beer),"맥주,호프",전포동
전포동 란아한,태국음식,전포동
개금동 대명횟집,생선회,개금동
부전동 카오리,이자카야,부전동
부전동 어게인삼촌집,"육류,고기요리",부전동
가야동 수영공원돼지국밥,국밥,가야동
범천동 진가명가,소고기구이,범천동
양정동 스시연,일식당,양정동
전포동 마마돈,일식당,전포동
개금동 불량쭈꾸미,일식당,개금동
전포동 이돈왕족발,"족발,보쌈",전포동
당감동 현아보리밥,보리밥,당감동
범천동 연돼지국밥,국밥,범천동
부암동 팬더반점,중식당,부암동
부전동 낭만남매,요리주점,부전동
부전동 차이797롯데부산본점,중식당,부전동
전포동 진미관,중식당,전포동
부전동 지성씨,요리주점,부전동
양정동 송화강,중식당,양정동
부전동 소셜서클,바(BAR),부전동
부암동 태림식당,한식,부암동
개금동 구닭다리,"맥주,호프",개금동
부전동 길목식당,죽,부전동
부전동 보배집,한식,부전동
당감동 단골족발480,"족발,보쌈",당감동
전포동 소코아,카레,전포동
부전동 열도미행,일식당,부전동
전포동 타이타닉,한식,전포동
전포동 사루비아크럽,와인,전포동
개금동 신불닭발,닭발,개금동
개금동 명품달인김밥 개금점,김밥,개금동
개금동 하이네스트커피,"카페,디저트",개금동
전포동 도화식당,"육류,고기요리",전포동
부전동 와이너,"맥주,호프",부전동
양정동 분식왕 김군,종합분식,양정동
전포동 해쉬테이블(Hash Table),브런치,전포동
개금동 커피스토어 부산개금점,카페,개금동
전포동 강산애,요리주점,전포동
범천동 달리는려석들 서면점,한식,범천동
초읍동 잎테(IPTAE),브런치,초읍동
전포동 카츠와라,돈가스,전포동
부전동 브로쓰마카롱,"카페,디저트",부전동
당감동 다담재,한식,당감동
개금동 큰시장식당,한식,개금동
부전동 강갈비탕,한식,부전동
전포동 요거트월드,"카페,디저트",전포동
부전동 마지트,주류,부전동
양정동 타코락 양정점,일식당,양정동
가야동 인생아구찜 부산진구점,"아귀찜,해물찜",가야동
범전동 써니마을,해장국,범전동
부암동 히어로피자 서면본점,피자,부암동
당감동 푸짐한세끼,한식,당감동
전포동 소풍경전포점,종합분식,전포동
당감동 보고292,카페,당감동
부전동 태랑,요리주점,부전동
전포동 그램파(Grampaa),"카페,디저트",전포동
부암동 갓블유피자,피자,부암동
개금동 몽주,한식,개금동
전포동 베베케이크하우스,"카페,디저트",전포동
전포동 덴푸라투어,"일식튀김,꼬치",전포동
전포동 가롱집,요리주점,전포동
연지동 마백반분식,종합분식,연지동
전포동 바이스벌사에스프레소,"카페,디저트",전포동
양정동 사계절현장밥집,한식,양정동
부전동 부전시장왕뽈떼기,"해물,생선요리",부전동
부전동 오사카 리카이쿠 서면,이자카야,부전동
개금동 만타스시31개금점,"초밥,롤",개금동
부암동 천상마라탕,아시아음식,부암동
전포동 단편소설,이자카야,전포동
부암동 마루대패,"육류,고기요리",부암동
연지동 딩동,술집,연지동
전포동 대수정 서면직영점,한식,전포동
당감동 녹는점,아이스크림,당감동
전포동 써브즈(Subz),브런치카페,전포동
부전동 차선책,"카페,디저트",부전동
전포동 화이스,양식,전포동
전포동 몰래하우스,"카페,디저트",전포동
전포동 백월하,요리주점,전포동
개금동 아구통,"아귀찜,해물찜",개금동
부전동 고르도피자 서면점,양식,부전동
전포동 몽키브라운,돈가스,전포동
전포동 정김밥,김밥,전포동
전포동 어덜트롤(adultroll),"카페,디저트",전포동
부전동 태화육개장,한식,부전동
부전동 마라당,중식당,부전동
부전동 리수스 과수원 과일&디저트 서면본점,"카페,디저트",부전동
연지동 최고집왕갈비탕,갈비탕,연지동
초읍동 하동식당,"육류,고기요리",초읍동
전포동 안주가 부산진구점,요리주점,전포동
부전동 합천돼지국밥,국밥,부전동
개금동 명품생오리,한식,개금동
부전동 찌개밥상,"찌개,전골",부전동
당감동 여왕김밥,김밥,당감동
초읍동 카페르쁘앙,브런치,초읍동
전포동 야키토리 규(전포),이자카야,전포동
전포동 이네,요리주점,전포동
전포동 호주에서온스시,"초밥,롤",전포동
양정동 사계절밀면,종합분식,양정동
부암동 시오야킹,"곰탕,설렁탕",부암동
당감동 일품정가,"육류,고기요리",당감동
초읍동 영일횟집,생선회,초읍동
당감동 털보오리,오리요리,당감동
부전동 호포리,한식,부전동
가야동 마당집곱창,"곱창,막창,양",가야동
범천동 마루양곱창,"곱창,막창,양",범천동
초읍동 장수촌오리,오리요리,초읍동
부전동 초이참치,생선회,부전동
전포동 길목식당,죽,전포동
양정동 신성각,중식당,양정동
가야동 독도활어회센타,생선회,가야동
연지동 진보식당,한식,연지동
개금동 토속빈대떡마을,"전,빈대떡",개금동
양정동 석정원,한식,양정동
양정동 오리농원감자탕,감자탕,양정동
당감동 이동주의불타는곱창,"곱창,막창,양",당감동
초읍동 가송추어탕,추어탕,초읍동
부전동 달인손짜장,중식당,부전동
연지동 일미반점,중식당,연지동
당감동 정원돼지국밥,국밥,당감동
부전동 마마도마,"초밥,롤",부전동
범천동 조방돼지국밥,국밥,범천동
부전동 취화담,요리주점,부전동
양정동 보글보글대구탕,"매운탕,해물탕",양정동
부전동 신전주콩나물국밥,국밥,부전동
양정동 현대가든,"육류,고기요리",양정동
부암동 산청본가어탕국수,국수,부암동
당감동 임가네돈,돼지고기구이,당감동
부전동 서면개금밀면,한식,부전동
부전동 펭귄상회,포장마차,부전동
양정동 번개반점,중식당,양정동
연지동 논두렁,"칼국수,만두",연지동
부전동 나주돼지국밥,국밥,부전동
부전동 켈틱타이거(CELTIC TIGER),양식,부전동
개금동 이모회포차,생선회,개금동
부전동 갓포현,일식당,부전동
양정동 돌마루식당,한식,양정동
부전동 오복삼계탕,"백숙,삼계탕",부전동
가야동 개금안집,돼지고기구이,가야동
부전동 들녘식당,소고기구이,부전동
개금동 부귀영화,한식,개금동
부전동 간지츠(서면점),이자카야,부전동
양정동 범천집목구이,"육류,고기요리",양정동
양정동 영진돼지국밥,국밥,양정동
부전동 일레븐그릴(11grill),와인,부전동
개금동 국민삼겹,돼지고기구이,개금동
부암동 백양포차,포장마차,부암동
부전동 산성목살,돼지고기구이,부전동
개금동 청춘불판,한식,개금동
당감동 어부사시사회,생선회,당감동
범천동 조방탱탱족발,"족발,보쌈",범천동
부전동 GOAT(고트),바(BAR),부전동
개금동 오케이친구돈까스,한식,개금동
부전동 심통,이자카야,부전동
양정동 형제기사님식당,기사식당,양정동
당감동 개성만족,"족발,보쌈",당감동
부전동 하연정순두부,두부요리,부전동
양정동 정가네합천돼지국밥,국밥,양정동
범천동 호프밭의맥주꾼,"맥주,호프",범천동
당감동 네버엔딩,"맥주,호프",당감동
범천동 명인 막국수,막국수,범천동
범천동 츠키노준,이자카야,범천동
양정동 비에이치씨(BHC)부산양정역점,"치킨,닭강정",양정동
개금동 수야네식당,한식,개금동
부전동 다원정,"육류,고기요리",부전동
가야동 가야옹기골감자탕,감자탕,가야동
전포동 우시2층집,한식,전포동
부전동 홍소족발,"족발,보쌈",부전동
부전동 더(The) 타임,요리주점,부전동
양정동 만다린,중식당,양정동
부전동 이가네부산돼지국밥·밀면,국밥,부전동
부전동 김밥마을,김밥,부전동
부전동 한남동스지,한식,부전동
개금동 삼보아구찜,한식,개금동
개금동 덕이네 손수제비칼국수,"칼국수,만두",개금동
범천동 나금이네,"매운탕,해물탕",범천동
개금동 사천횟집,생선회,개금동
부전동 용이초밥,"초밥,롤",부전동
당감동 청춘갈비살,소고기구이,당감동
당감동 기장대게,대게요리,당감동
전포동 로우미드하이,"카페,디저트",전포동
부전동 리미니 서면PEER점,이탈리아음식,부전동
전포동 운커피 부전점,"카페,디저트",전포동
부전동 프랑제리PEER 부산서면점,베이커리,부전동
전포동 팔구 페스츄리,"카페,디저트",전포동
개금동 스시이쿠,"초밥,롤",개금동
범천동 아덴블랑제리 부암역점,"카페,디저트",범천동
부전동 팔레트 서면,양식,부전동
전포동 풀뜯는돼지,돼지고기구이,전포동
부전동 홀덤펍TOP,"맥주,호프",부전동
가야동 찌개공방 부산진구점,한식,가야동
전포동 이너엘리와인바 전포점,와인,전포동
부암동 한양김치찜,한식,부암동
부전동 탄광맥주(서면점),"맥주,호프",부전동
가야동 유케야 가야동의대점,한식,가야동
초읍동 석화 막썰어횟집,생선회,초읍동
전포동 피자선생,피자,전포동
전포동 쨈지달 전포점,술집,전포동
부전동 나리상회,한정식,부전동
전포동 베럴바이트(Betterbite),"카페,디저트",전포동
범천동 남포탕수육분식,종합분식,범천동
전포동 스트럿,카페,전포동
전포동 슘,바(BAR),전포동
당감동 오늘은 프로틴,양식,당감동
전포동 리파인,요리주점,전포동
당감동 자야네 짜글이,한식,당감동
전포동 리포스토,브런치카페,전포동
전포동 꽁띠드샤,"카페,디저트",전포동
부전동 삼대왕족발,"족발,보쌈",부전동
전포동 카츠키친,돈가스,전포동
전포동 율맘하우스,인테리어소품,전포동
양정동 샌드다,샌드위치,양정동
양정동 탭커피,"카페,디저트",양정동
부전동 제주곤이칼국수 서면점,"칼국수,만두",부전동
개금동 옛맛국수,국수,개금동
초읍동 하마루,이자카야,초읍동
부암동 스시오오키,"초밥,롤",부암동
부전동 청년어부,생선회,부전동
부전동 스페이스앤무드,"카페,디저트",부전동
개금동 어게인,"카페,디저트",개금동
당감동 오매가매,한식,당감동
당감동 이태리면가게,양식,당감동
개금동 세운보리밥,보리밥,개금동
전포동 노브나인(Nov.Nine),바(BAR),전포동
부전동 9성급 과메기 전문점,한식,부전동
"전포동 카페알프(Cafe,alf)","카페,디저트",전포동
전포동 33게이트,"카페,디저트",전포동
부전동 송정3대국밥,국밥,부전동
양정동 동네맛집 맥싸롱,양식,양정동
가야동 네모푸드부산진구점,한식,가야동
개금동 초가네 장어구이 개금점,"장어,먹장어요리",개금동
가야동 직화닭발&삼겹,야식,가야동
부전동 개새,이자카야,부전동
부전동 바르미 한정식샤브,한정식,부전동
부전동 레벨스피자,피자,부전동
당감동 제야,덮밥,당감동
범천동 킹프레소 서면점,"카페,디저트",범천동
전포동 사랑방다실,"카페,디저트",전포동
가야동 엠슐랭,이탈리아음식,가야동
가야동 짜이용,중식당,가야동
전포동 주간전포,이자카야,전포동
부암동 봉평메밀마당&대패삼겹,막국수,부암동
전포동 두사,"오뎅,꼬치",전포동
전포동 헤베스라운지,"카페,디저트",전포동
양정동 상상짬뽕,중식당,양정동
전포동 릴레이지(Real Lazy),"카페,디저트",전포동
가야동 폼포코,돈가스,가야동
당감동 곱창시대,"곱창,막창,양",당감동
개금동 팔팔 개금점,한식,개금동
양정동 만병통치킨,"치킨,닭강정",양정동
연지동 아트(art)스시,"초밥,롤",연지동
부전동 아는삼촌,"맥주,호프",부전동
가야동 네오피자,피자,가야동
부전동 평화옥탑,요리주점,부전동
가야동 바다장어구이회,"장어,먹장어요리",가야동
전포동 팔딱팔딱횟집,생선회,전포동
가야동 혜화어묵당,"오뎅,꼬치",가야동
전포동 판돈,"육류,고기요리",전포동
연지동 레땅,프랑스음식,연지동
부전동 주씨네,요리주점,부전동
당감동 육뽈,돼지고기구이,당감동
부전동 야만,양식,부전동
부전동 레전드히어로즈부산서면점,스크린야구장,부전동
부전동 경찰서옆초밥집,"초밥,롤",부전동
부전동 가련한부엌,이자카야,부전동
개금동 선미오리불고기,한식,개금동
개금동 개금장,한식,개금동
초읍동 풋골,"사철,영양탕",초읍동
부전동 장승진스시,"초밥,롤",부전동
부전동 더곱이네 서면직영점,"찌개,전골",부전동
개금동 본도시락,"도시락,컵밥",개금동
부전동 츠쿠요,이자카야,부전동
부전동 까만돈,돼지고기구이,부전동
가야동 마리횟집,생선회,가야동
전포동 파파옛날통닭,"치킨,닭강정",전포동
전포동 춘리마라탕 서면전포점,마라탕,전포동
양정동 청마루 아구찜,"아귀찜,해물찜",양정동
부전동 서면퍼지네이블,바(BAR),부전동
부암동 춘하추동칼국수,"칼국수,만두",부암동
범천동 일차횟집,생선회,범천동
가야동 국수앤김밥,국수,가야동
연지동 화남정돼지국밥,국밥,연지동
가야동 일번가간식촌,포장마차,가야동
가야동 울타리없는만두집,만두,가야동
초읍동 고기상자,"육류,고기요리",초읍동
부전동 더썸,에어컨,부전동
범천동 동천양곱창,"곱창,막창,양",범천동
개금동 호호생아구찜,"아귀찜,해물찜",개금동
가야동 화성관,중식당,가야동
부전동 호이안7피엠(HOIAN7PM),베트남음식,부전동
부암동 다기야기,"치킨,닭강정",부암동
범천동 부광식당,한식,범천동
양정동 짠,술집,양정동
가야동 산마루,생선회,가야동
초읍동 초함,한정식,초읍동
당감동 웨스턴무비,바(BAR),당감동
범천동 고향통닭,"치킨,닭강정",범천동
부전동 모던테이블,"카페,디저트",부전동
당감동 손문곱창,한식,당감동
부전동 준이네한치모밀,생선회,부전동
양정동 돈단지석쇠구이,"육류,고기요리",양정동
초읍동 초읍공원돼지국밥,국밥,초읍동
부전동 다온정,한식,부전동
부전동 즐거운식당,유흥주점,부전동
부전동 케엔포커,한식,부전동
양정동 부연식당,한식,양정동
양정동 수백당 부산시청점,한식,양정동
부전동 마라섬,아시아음식,부전동
당감동 아메리칸숯불바베큐,"치킨,닭강정",당감동
개금동 내가본갈비,"육류,고기요리",개금동
가야동 부강면옥,한식,가야동
초읍동 초읍연탄갈비,"육류,고기요리",초읍동
가야동 그집고기,"육류,고기요리",가야동
개금동 성원칼국수,"칼국수,만두",개금동
부전동 365대패삼겹,돼지고기구이,부전동
개금동 홍게랑대게랑 본점&호성이골뱅이 부산점,대게요리,개금동
범천동 송돈왕대패삼겹살,돼지고기구이,범천동
당감동 롱라이프,"맥주,호프",당감동
당감동 블랙타운치킨호프,"치킨,닭강정",당감동
가야동 유영곤드레식당,한식,가야동
부전동 윤참치,생선회,부전동
개금동 꿀꿀뒷고기개금점,"육류,고기요리",개금동
부전동 다다믄,분식,부전동
부전동 영커피 서면학원가점,"카페,디저트",부전동
부전동 온식탁,한식,부전동
부전동 서울한양족발,"족발,보쌈",부전동
초읍동 외할매국수,국수,초읍동
가야동 세연정,한식,가야동
부전동 힝(hing),이자카야,부전동
개금동 별미집,한식,개금동
초읍동 명진식당,"아귀찜,해물찜",초읍동
전포동 가야가야서면점,종합분식,전포동
부전동 요시노스시,"초밥,롤",부전동
당감동 꿀진냉면·밀면,한식,당감동
가야동 덕후가,돼지고기구이,가야동
부암동 만냥뒷고기,"육류,고기요리",부암동
개금동 대박향어,생선회,개금동
부암동 선우고깃집,"육류,고기요리",부암동
부전동 월구떡볶이,떡볶이,부전동
개금동 장승포바다장어구이,"장어,먹장어요리",개금동
가야동 오늘김해뒷고기동의대점,돼지고기구이,가야동
당감동 우마이마루,돈가스,당감동
개금동 달봉이족발,"족발,보쌈",개금동
부전동 그집곱도리탕,닭볶음탕,부전동
부암동 이가네골목갈비,"육류,고기요리",부암동
부전동 두툼연어,이자카야,부전동
부전동 하삼동서면문화로점,카페,부전동
연지동 교통부돼지국밥,국밥,연지동
가야동 청해밥집,한식,가야동
연지동 순살의 품격 부산진구점,"치킨,닭강정",연지동
범천동 메추삼계탕,"백숙,삼계탕",범천동
부전동 아줌마네식당,한식,부전동
당감동 헉돼지,한식,당감동
가야동 누렁지,한식,가야동
부전동 미뜨2,"맥주,호프",부전동
초읍동 금빛돼지,돼지고기구이,초읍동
가야동 마파성,중식당,가야동
부전동 삼익식당,한식,부전동
전포동 실비아구찜,"아귀찜,해물찜",전포동
범천동 하하돈,한식,범천동
부전동 가라지,바(BAR),부전동
당감동 가고파대구탕,"아귀찜,해물찜",당감동
당감동 오늘김해생뒷고기,돼지고기구이,당감동
부전동 굽굽,소고기구이,부전동
"초읍동 바다영토해물탕,해물찜","아귀찜,해물찜",초읍동
가야동 킹갓성비두마리치킨,"치킨,닭강정",가야동
범천동 런투유 숯불두마리치킨,"치킨,닭강정",범천동
개금동 가원분식,종합분식,개금동
부전동 오풍미족발 서면점,"족발,보쌈",부전동
가야동 힐링포차,포장마차,가야동
부전동 서면가야밀면,가야밀면,부전동
부전동 리르빠(Lirpa),"맥주,호프",부전동
개금동 아궁이연탄갈비,"육류,고기요리",개금동
부전동 명품달인김밥 서면1호점,종합분식,부전동
부전동 이유(EU),피자,부전동
부전동 랄라호프,"맥주,호프",부전동
당감동 단골식당,한식,당감동
부암동 영진이네오돌뼈,소고기구이,부암동
가야동 좋은횟집,생선회,가야동
당감동 육림구공탄,"육류,고기요리",당감동
개금동 수곡집,요리주점,개금동
부전동 예담골,돼지고기구이,부전동
부전동 몰레(molle),"카페,디저트",부전동
가야동 모모돈까스,일식당,가야동
개금동 부영각,중식당,개금동
부전동 도시농가코페,카페,부전동
당감동 다래산꼼장어,"장어,먹장어요리",당감동
부암동 진성식당,생선회,부암동
부전동 양지양곱창,"곱창,막창,양",부전동
부암동 윤이네밥집,한식,부암동
초읍동 엄마김치야,한식,초읍동
부전동 맥천,유흥주점,부전동
범천동 미돈,돼지고기구이,범천동
양정동 골목연탄갈비,"육류,고기요리",양정동
초읍동 돼지꿈나라,돼지고기구이,초읍동
초읍동 미가정,오리요리,초읍동
가야동 아리수,오리요리,가야동
개금동 강원삼계탕,"백숙,삼계탕",개금동
가야동 꼬김빱,김밥,가야동
양정동 뉴욕핫도그 앤 치킨,핫도그,양정동
전포동 타카이,일식당,전포동
개금동 족당희,"족발,보쌈",개금동
전포동 디바농장 부산점,"육류,고기요리",전포동
부전동 모스(moss)&샌드위치,샌드위치,부전동
부전동 스시류,"초밥,롤",부전동
부전동 다이닝야경(서면점),이자카야,부전동
전포동 앙코코트,브런치카페,전포동
부암동 오징어촌,오징어요리,부암동
부전동 만세김밥,종합분식,부전동
양정동 장가네떡볶이,떡볶이,양정동
범천동 오미정,한식,범천동
가야동 포남,베트남음식,가야동
부전동 굴다리산곰장어,"장어,먹장어요리",부전동
당감동 생각나푸짐한집,한식,당감동
부전동 파이널나인 부산서면점,"맥주,호프",부전동
범천동 청개구리 포차,포장마차,범천동
범천동 소문난홍대마약보쌈,"족발,보쌈",범천동
부전동 서상호쇼콜라띠에,"카페,디저트",부전동
가야동 사또야,한식,가야동
초읍동 부헝식당,요리주점,초읍동
연지동 연지보리밥대구탕,한식,연지동
초읍동 초읍양푼,"찌개,전골",초읍동
부암동 제일돼지국밥,국밥,부암동
부암동 고기극찬(부산진구점),돼지고기구이,부암동
초읍동 하오칭짬뽕201,중식당,초읍동
당감동 당감왕대패,"육류,고기요리",당감동
가야동 해들녘,돈가스,가야동
부전동 맥대감,요리주점,부전동
부암동 이수도,생선회,부암동
부전동 바다호호복국,복어요리,부전동
전포동 낙화,"육류,고기요리",전포동
가야동 강릉송정해변막국수서부산분점,한식,가야동
전포동 도우밍(DOUGH MING),이탈리아음식,전포동
부암동 대가 산더미 불고기,"육류,고기요리",부암동
부전동 태태태,요리주점,부전동
부전동 싸브싸브,한식,부전동
부전동 오잘전맥집 서면중앙점,요리주점,부전동
가야동 가야성,중식당,가야동
부전동 김태정 숯불소갈비,소고기구이,부전동
당감동 비에이치씨(BHC)당감점,"치킨,닭강정",당감동
전포동 세아작업실,일식당,전포동
가야동 깐돌이포차,요리주점,가야동
전포동 노베이커노베이커스,베이커리,전포동
개금동 담미옥,냉면,개금동
초읍동 더가밥상,"찌개,전골",초읍동
부전동 메밀고밀면,국수,부전동
전포동 부들파이터,양식,전포동
전포동 스테디어(STEADYER),양식,전포동
전포동 송림식당,한식,전포동
연지동 담이네 함바식당,한식,연지동
전포동 치킨버거클럽,햄버거,전포동
범천동 성지연푸드,한식,범천동
부전동 명자족발,"족발,보쌈",부전동
부전동 우마이용,이자카야,부전동
전포동 아맛나분식,종합분식,전포동
부전동 83해치,"육류,고기요리",부전동
전포동 소문난장터돼지국밥2호점,국밥,전포동
전포동 에이피스,패션,전포동
개금동 남가네숯불고기,"육류,고기요리",개금동
부전동 서면오향족발,"족발,보쌈",부전동
전포동 언네임드커피,카페,전포동
전포동 몽상가들,와인,전포동
부전동 만쿠,"오뎅,꼬치",부전동
부전동 정가집,"육류,고기요리",부전동
부전동 쌈싸먹는 닭집,"치킨,닭강정",부전동
범천동 부부손칼국수,"칼국수,만두",범천동
가야동 홀닭,"치킨,닭강정",가야동
전포동 미림양장,요리주점,전포동
부암동 부엉이 포차,요리주점,부암동
전포동 카페르네바니드롭,"카페,디저트",전포동
전포동 벤처 : 템플 오브 템포,"카페,디저트",전포동
전포동 보울스,"다이어트,샐러드",전포동
연지동 공원 옆 숙성회,일식당,연지동
당감동 춘리마라탕 당감점,마라탕,당감동
양정동 바사삭치킨강정양정본점,"치킨,닭강정",양정동
양정동 경호강,"해물,생선요리",양정동
전포동 키즈나,이자카야,전포동
가야동 우리네김밥,김밥,가야동
부전동 장덕장어,"장어,먹장어요리",부전동
전포동 페이센동,일식당,전포동
부전동 치면식당,한식,부전동
부전동 고객주문서,요리주점,부전동
부전동 육덕,돼지고기구이,부전동
부암동 어느날골목,"카페,디저트",부암동
전포동 귀족호랑이,요리주점,전포동
전포동 옥천사세탁,양식,전포동
연지동 달리는꼬꼬,"치킨,닭강정",연지동
부전동 우정분식,비빔밥,부전동
개금동 두지식당,한식,개금동
당감동 큰집돼지국밥,국밥,당감동
당감동 청해생복집,복어요리,당감동
부전동 프띠르,"카페,디저트",부전동
당감동 정담숯불갈비,"육류,고기요리",당감동
연지동 서민불닭발,닭발,연지동
부전동 유원트,"카페,디저트",부전동
양정동 애니핑거,카페,양정동
부전동 이야우와,한식,부전동
전포동 반핀(Ban Pin),아시아음식,전포동
양정동 삼한우사골곰탕,"곰탕,설렁탕",양정동
범천동 진영곱창,"곱창,막창,양",범천동
부전동 씨지브이서면상상마당,영화관,부전동
전포동 매초롬,베이커리,전포동
전포동 먼슬리델리,양식,전포동
전포동 탄화와주,요리주점,전포동
전포동 구훈,돼지고기구이,전포동
부전동 딤타오,"딤섬,중식만두",부전동
전포동 지즈(Jeez),돈가스,전포동
부전동 연화덮밥,덮밥,부전동
당감동 허밍비어,"맥주,호프",당감동
전포동 야키토리이치에,이자카야,전포동
양정동 충렬통닭,"치킨,닭강정",양정동
전포동 PlusPlusMinus(플플마),와인,전포동
부전동 오데뜨정육점,"육류,고기요리",부전동
양정동 삼다진족 양정점,"족발,보쌈",양정동
전포동 조새호장마차 서면본점,조개요리,전포동
전포동 칠링아웃샵 전포점,주류,전포동
당감동 더머그(THE MUG),카페,당감동
전포동 멘즈키(MENZUKI),일본식라면,전포동
전포동 내공초밥,"초밥,롤",전포동
개금동 숙이비어,"맥주,호프",개금동
개금동 담선수제순대국밥,"순대,순댓국",개금동
부암동 다울파티,"도시락,컵밥",부암동
전포동 지미지미(JimmyJimmy),"카페,디저트",전포동
당감동 멈칫,"카페,디저트",당감동
양정동 월남면반 시청점,베트남음식,양정동
초읍동 김밥산책,김밥,초읍동
전포동 스테이88(stay88),바(BAR),전포동
부암동 요기오면,요리주점,부암동
부전동 프레드피자,피자,부전동
개금동 여니네,"칼국수,만두",개금동
전포동 유기체,바(BAR),전포동
부전동 훈이네고집야식,야식,부전동
부암동 하삼동 부암점,카페,부암동
"전포동 안녕,파스타",양식,전포동
전포동 하람스시,"초밥,롤",전포동
개금동 빨간다리,닭요리,개금동
부전동 양산도 롯데백화점부산본점,일식당,부전동
개금동 댄싱컵 개금점,카페,개금동
범천동 온정 칼국수,한식,범천동
양정동 원마라가,중식당,양정동
초읍동 초연뜰,한식뷔페,초읍동
양정동 홍주방(양정점),중식당,양정동
범천동 집밥한그릇,한식,범천동
전포동 몬베튼(Mountbatten),양식,전포동
전포동 자이콥21,"카페,디저트",전포동
부전동 라라샹즈,중식당,부전동
양정동 형제닭도리 양정점,닭볶음탕,양정동
부전동 만선호프3,"맥주,호프",부전동
부전동 만선호프2,"맥주,호프",부전동
부전동 린선 DINING,중식당,부전동
개금동 이태리살롱,"스파게티,파스타전문",개금동
부전동 텐바,바(BAR),부전동
전포동 사심초밥,"초밥,롤",전포동
전포동 스테이크어스NC서면점,"스테이크,립",전포동
전포동 미나토,이자카야,전포동
"전포동 헤이주드(Hey,jude)",바(BAR),전포동
범천동 루나카페,"카페,디저트",범천동
초읍동 한치대첩,요리주점,초읍동
전포동 구드만,요리주점,전포동
개금동 닭서방통다리치킨(개금점),"치킨,닭강정",개금동
전포동 준분식,종합분식,전포동
전포동 장모족발,"족발,보쌈",전포동
부전동 드림에프엔디,한식,부전동
전포동 팔딱추어탕,추어탕,전포동
부암동 OK암소갈비,소고기구이,부암동
개금동 벽산아구찜,"아귀찜,해물찜",개금동
전포동 유남주(돼지구이전문점),돼지고기구이,전포동
가야동 양통촌국수,국수,가야동
전포동 경동아구찜,"아귀찜,해물찜",전포동
부전동 가야한방밀면,국수,부전동
부전동 가비,"네일아트,네일샵",부전동
양정동 행복한식탁,한식,양정동
부전동 건강제일바다장어,"장어,먹장어요리",부전동
부전동 도촌,"족발,보쌈",부전동
전포동 라 퀴진 드 마리,와인,전포동
전포동 요달의찜닭(서면점),찜닭,전포동
연지동 가정집밥상,한식,연지동
가야동 부산가야대패삼겹&밀면,돼지고기구이,가야동
가야동 덮집회의,덮밥,가야동
가야동 한우고집,소고기구이,가야동
가야동 이모네김밥,종합분식,가야동
전포동 도우개러지(dough garage),피자,전포동
개금동 선미정,한식,개금동
부전동 애월,이자카야,부전동
전포동 셰르라이프앤스타일(Cher Life&Style),"카페,디저트",전포동
전포동 동백국밥,국밥,전포동
범전동 꿀배미할매 김치찌개,"찌개,전골",범전동
부전동 라마앤바바나,인도음식,부전동
양정동 남경반점,중식당,양정동
당감동 투껍스,"육류,고기요리",당감동
전포동 정든어묵집,요리주점,전포동
전포동 엠브로키친 서면점,한식,전포동
전포동 저지맨클럽,바(BAR),전포동
부전동 경남수산,"수산물가공,제조",부전동
전포동 사루각20,한식,전포동
연지동 서호밀면 연지점,국수,연지동
전포동 OMBU(옴부),"맥주,호프",전포동
전포동 샐러드마비에(SALAD MAVIE),"다이어트,샐러드",전포동
전포동 모도리,한식,전포동
부암동 굴다리 고깃집,한식,부암동
부전동 수영산8193한약방,요리주점,부전동
가야동 가야공원1983원조재첩국,한식,가야동
연지동 해림아구찜감자탕,"아귀찜,해물찜",연지동
전포동 꼬꼬텐더,닭요리,전포동
전포동 나의 피는 라멘으로 되어있어,일본식라면,전포동
전포동 구구식탁,카레,전포동
개금동 네모토스트,토스트,개금동
가야동 지성이해물찜,"아귀찜,해물찜",가야동
부전동 풍천장어,"장어,먹장어요리",부전동
부전동 쿠만,이자카야,부전동
양정동 뚝바리 무뼈 해장국,감자탕,양정동
양정동 아! 대한민국 돼지국밥,한식,양정동
가야동 토스트프릭,토스트,가야동
부전동 투고샐러드,"다이어트,샐러드",부전동
전포동 놀탐,"카페,디저트",전포동
전포동 머글(muggle),퓨전음식,전포동
양정동 갓튀긴후라이드 부산,"치킨,닭강정",양정동
부전동 디케이분식(DK분식),종합분식,부전동
부전동 단술,호떡,부전동
전포동 이카이(2-KAI),"오뎅,꼬치",전포동
전포동 프릭,"카페,디저트",전포동
개금동 추추돈까스,돈가스,개금동
연지동 비스트로강,이자카야,연지동
당감동 JUMP(점프) 당감점,"카페,디저트",당감동
부전동 밥풀릭스 서면점,한식,부전동
전포동 전포길섶,"오뎅,꼬치",전포동
가야동 장용산곰장어,"장어,먹장어요리",가야동
초읍동 이가네골목포차,포장마차,초읍동
가야동 진지한국밥,한식,가야동
당감동 청화반점,중식당,당감동
당감동 제일밀냉면,냉면,당감동
부전동 삼시네끼 본점,한식,부전동
부전동 카렌부산서면점,중식당,부전동
전포동 뼈대짬뽕,중식당,전포동
부전동 우다온,소고기구이,부전동
가야동 맛나네,"일식튀김,꼬치",가야동
부전동 코알라코,한식,부전동
전포동 노이(NOI),"스파게티,파스타전문",전포동
전포동 모노모노몬,"카페,디저트",전포동
초읍동 두리네,한식,초읍동
부전동 전봇대전집,한식,부전동
개금동 우리식당2호점,한식,개금동
양정동 돈나와라,한식,양정동
부전동 이사랏,한식,부전동
전포동 스와레와인샵,와인,전포동
당감동 청와정,오리요리,당감동
가야동 송호상의령소바,국수,가야동
부전동 면작,일식당,부전동
부전동 솥이랑 서면점,한식,부전동
부전동 CGV서면삼정타워,영화관,부전동
당감동 덕이네서장어굽자,"장어,먹장어요리",당감동
당감동 순수치킨 이츠카츠(당감점),"치킨,닭강정",당감동
당감동 미락 한우샤브샤브,한식,당감동
가야동 장금이집밥,"백반,가정식",가야동
전포동 휘게(Hygge),"카페,디저트",전포동
전포동 아흐트,"카페,디저트",전포동
전포동 도시락쿡,"도시락,컵밥",전포동
범천동 논(답),요리주점,범천동
부전동 도연정,한식,부전동
부전동 순간의순간,요리주점,부전동
전포동 신발통,닭발,전포동
개금동 황칠오리,오리요리,개금동
부전동 뎐벼락막창,"곱창,막창,양",부전동
개금동 영희네분식,종합분식,개금동
양정동 17번지 닭한마리,찜닭,양정동
당감동 정서방네횟집,생선회,당감동
양정동 양맥집,"맥주,호프",양정동
전포동 일광횟집,생선회,전포동
부전동 가다커피,"카페,디저트",부전동
전포동 조양루,중식당,전포동
부전동 녹산횟집,생선회,부전동
부전동 동신횟집,생선회,부전동
당감동 시민냉면,냉면,당감동
당감동 신과함께,야식,당감동
부전동 다루마,요리주점,부전동
개금동 오박사왕족발,"족발,보쌈",개금동
가야동 원조가야돼지국밥,국밥,가야동
부전동 이가야,카페,부전동
부전동 소미딤섬만두,중식당,부전동
당감동 진수밥상,한정식,당감동
부전동 백경고래고기,"해물,생선요리",부전동
양정동 양일회집,생선회,양정동
전포동 서초돼지갈비,돼지고기구이,전포동
전포동 신창국밥,국밥,전포동
당감동 주공반점,중식당,당감동
당감동 백양솥닭,닭요리,당감동
부전동 고성활어,생선회,부전동
전포동 굣간,한식,전포동
부암동 새마을반점,중식당,부암동
부전동 기대만족 부산진구점,"족발,보쌈",부전동
연지동 김밥판다,김밥,연지동
부전동 호재키친,한식,부전동
부전동 송정호,일식당,부전동
전포동 버터빌(Butter Vill),"카페,디저트",전포동
가야동 욜로치킨,"치킨,닭강정",가야동
부암동 충무꼼장어,"장어,먹장어요리",부암동
당감동 싱싱오징어,오징어요리,당감동
부전동 커몬노마드,요리주점,부전동
초읍동 삼광보리밥,보리밥,초읍동
초읍동 미소비어&포차,포장마차,초읍동
부전동 마더훠궈,중식당,부전동
당감동 장고방,한식,당감동
부전동 덴카,이자카야,부전동
부전동 디퀄리타,양식,부전동
부전동 싹~다 꿀돼지,"육류,고기요리",부전동
연지동 휘요,요리주점,연지동
부전동 라스트춘선 서면점,한식,부전동
가야동 태화횟집,생선회,가야동
당감동 까꿍이식당,"육류,고기요리",당감동
부암동 수라칼국수,"칼국수,만두",부암동
부전동 흑쇠 서면본점,소고기구이,부전동
부전동 도마위에 암소,소고기구이,부전동
초읍동 청도돼지국밥,국밥,초읍동
부전동 성원횟집,생선회,부전동
부전동 원조서면양곱창,"곱창,막창,양",부전동
전포동 제일류식당,한식,전포동
초읍동 배돈,"육류,고기요리",초읍동
부전동 서면고기집 돈마초,돼지고기구이,부전동
부전동 제따라멘 부산 서면점,일본식라면,부전동
가야동 목연포차,포장마차,가야동
개금동 불끈낙지,낙지요리,개금동
부암동 오누식당,"육류,고기요리",부암동
부전동 라멘정,일본식라면,부전동
범천동 소소감자탕,감자탕,범천동
전포동 듀랩,"카페,디저트",전포동
부전동 개나리술집 서면점,요리주점,부전동
부전동 옛골,돼지고기구이,부전동
부전동 육회브라더스,한식,부전동
전포동 동행길,이자카야,전포동
초읍동 은아네,한식,초읍동
연지동 모네의정원,브런치,연지동
부전동 내공초밥,"초밥,롤",부전동
부전동 경풍,한식,부전동
당감동 온정 밥상,한식,당감동
부전동 소문난 만복래,한식,부전동
개금동 한울아구찜,한식,개금동
부암동 아구마을,"아귀찜,해물찜",부암동
부전동 호호불닭발,닭발,부전동
개금동 전원보리밥,보리밥,개금동
부전동 목화실비,요리주점,부전동
전포동 루크스,바(BAR),전포동
당감동 횡성한우,소고기구이,당감동
전포동 레이지 라자냐(Lazy Lasagna),이탈리아음식,전포동
초읍동 퇴근길,생선회,초읍동
범천동 꽃돼지 소숯불갈비,"육류,고기요리",범천동
초읍동 함양식당,한식,초읍동
가야동 캠프즉석김밥,종합분식,가야동
부전동 징기스서면점,양갈비,부전동
개금동 배봉탱이,소고기구이,개금동
가야동 향미각,중식당,가야동
부전동 산뜰애,"전통,민속주점",부전동
부전동 데생,"카페,디저트",부전동
당감동 꾀돌이분식,종합분식,당감동
전포동 본죽서면점,죽,전포동
가야동 추어본가,추어탕,가야동
연지동 삼겹이네,"육류,고기요리",연지동
부전동 맛좋은멸치국수,국수,부전동
양정동 천하일품식당,한식,양정동
가야동 가야알이커피점,카페,가야동
범천동 명동아구찜,"아귀찜,해물찜",범천동
부전동 딜,공방,부전동
가야동 칠칠해장국,해장국,가야동
전포동 룽위엔,중식당,전포동
범천동 이모식당,기사식당,범천동
당감동 모모네김밥,김밥,당감동
가야동 개미분식,종합분식,가야동
양정동 시루에,국밥,양정동
부전동 미라이,한식,부전동
가야동 배봉탱이가야점,소고기구이,가야동
양정동 통영맛집 장어탕·장어구이,"장어,먹장어요리",양정동
개금동 아리수,오리요리,개금동
전포동 미식가의 우동 부전점,"우동,소바",전포동
개금동 앵콜반점,중식당,개금동
전포동 턴어라운드(turnaround),"카페,디저트",전포동
전포동 건양정홍삼삼계탕서면점,"백숙,삼계탕",전포동
초읍동 초연장어,"장어,먹장어요리",초읍동
부전동 한솥도시락 영광도서하늘정원점,"치킨,닭강정",부전동
개금동 죽이야기개금점,한식,개금동
부전동 맛있는 순두부,카페,부전동
부암동 홍길동포차,다방,부암동
부전동 소반,"장어,먹장어요리",부전동
당감동 베프,"과일,주스전문점",당감동
가야동 마당쇠소금구이,종합분식,가야동
당감동 맛있는 고기에 솜씨를 더하다,"치킨,닭강정",당감동
당감동 보배반점 부산당감점,이자카야,당감동
개금동 청해식당,오리요리,개금동
가야동 모히또,"치킨,닭강정",가야동
부전동 봄베이브로이,오리요리,부전동
당감동 한산도,돼지고기구이,당감동
부전동 구도로통닭 서면점,"아귀찜,해물찜",부전동
부암동 굽네치킨 부산부암점,요리주점,부암동
부전동 자갈마당,야식,부전동
당감동 옥돔숯불구이,한식,당감동
개금동 고집센그집갈비탕부산개금점,태국음식,개금동
양정동 웰빙아구찜.소전골,"치킨,닭강정",양정동
부암동 북경,"장어,먹장어요리",부암동
범천동 매떡,샤브샤브,범천동
부전동 동키치킨,중식당,부전동
양정동 강적들,"칼국수,만두",양정동
범천동 원조현미아구찜,감자탕,범천동
부전동 인쌩맥주서면점,"곰탕,설렁탕",부전동
부암동 양앤이,"족발,보쌈",부암동
부전동 인해,"육류,고기요리",부전동
부전동 다섯시,종합분식,부전동
초읍동 중국성,"칼국수,만두",초읍동
전포동 토마토도시락(서면점),닭발,전포동
가야동 신진성아구찜해물찜,"찌개,전골",가야동
부전동 오레노카츠 서면점,일식당,부전동
전포동 소문난장터돼지국밥,한식,전포동
전포동 테이블,한식,전포동
초읍동 신토불이,"오뎅,꼬치",초읍동
범천동 처갓집양념치킨 범천점,일식당,범천동
당감동 라이온,가야밀면,당감동
부전동 전포여관,국밥,부전동
가야동 인정국물떡볶이,국밥,가야동
부전동 빨봉분식,한식,부전동
부전동 세광양대창 부산서면점,한식,부전동
부전동 고베규카츠서면점,"아귀찜,해물찜",부전동
초읍동 데판야타이,한식,초읍동
부전동 라라코스트서면점,"맥주,호프",부전동
가야동 유가네닭갈비개금점(1F),생선회,가야동
양정동 통큰닭강정(양정점),중식당,양정동
가야동 소원푸드,보리밥,가야동
전포동 자매분식,보리밥,전포동
부전동 구석,"카페,디저트",부전동
전포동 창녕식당,"아귀찜,해물찜",전포동
부전동 새벽닭 옛날통닭,국밥,부전동
범천동 네네치킨범천점,중식당,범천동
전포동 백채김치찌개(전포동카페거리점),"맥주,호프",전포동
양정동 핑거브레드,두부요리,양정동
개금동 지코바양념치킨,"치킨,닭강정",개금동
부전동 아지트,국밥,부전동
부암동 미광식당,"초밥,롤",부암동
당감동 육선,"치킨,닭강정",당감동
범천동 언양닭칼국수,일식당,범천동
양정동 양정횟집,"오뎅,꼬치",양정동
가야동 차이향,피자,가야동
개금동 송하,감자탕,개금동
전포동 식력,분식,전포동
개금동 부산꼼장어,"육류,고기요리",개금동
부전동 레전드야구존(서면점),국수,부전동
양정동 고등어와보리밥,분식,양정동
전포동 플라스티카(PLASTICA),"치킨,닭강정",전포동
초읍동 매운명태밥상,한식,초읍동
범천동 황금밀면,한식,범천동
부전동 처갓집양념치킨서면1호점,바(BAR),부전동
양정동 초록섬미역,"매운탕,해물탕",양정동
범전동 맛채움,"치킨,닭강정",범전동
초읍동 기와집,"맥주,호프",초읍동
부암동 짬뽕명가,돈가스,부암동
부전동 바코드,중식당,부전동
범천동 자갈치보리밥,"순대,순댓국",범천동
부전동 골목오뎅바,"치킨,닭강정",부전동
가야동 역전할머니맥주,"치킨,닭강정",가야동
전포동 폴리아(foglia),"맥주,호프",전포동
당감동 동방축산,한식,당감동
전포동 에이플러스,"도시락,컵밥",전포동
가야동 림스치킨가야점,생선회,가야동
전포동 테루엔씨(NC)서면점,중식당,전포동
양정동 비비큐올리브치킨신양정점,종합분식,양정동
부전동 민스시,한식,부전동
양정동 타이반쩜 양정점,요리주점,양정동
가야동 외식명가 만개짬뽕,애플김밥,가야동
부전동 부전산곰장어,한식,부전동
가야동 코코샤브가야점,한식,가야동
가야동 마포부연탄구이,돼지고기구이,가야동
부암동 양돈산업,"육류,고기요리",부암동
부전동 마장동김씨,"육류,고기요리",부전동
부전동 조양숯불갈비,"육류,고기요리",부전동
부전동 회사원,생선회,부전동
부전동 소소수산,생선회,부전동
개금동 대풍해물찜,한식,개금동
전포동 다정삼겹,한식,전포동
부전동 우돈옥,"육류,고기요리",부전동
부전동 밥앤밥센트럴스퀘어점,한식,부전동
가야동 원아구찜,"아귀찜,해물찜",가야동
개금동 준비어,"맥주,호프",개금동
가야동 지현오리정,오리요리,가야동
부암동 용덕장코다리당감직영점,"해물,생선요리",부암동
부전동 하드앤헤비,"맥주,호프",부전동
부전동 심돈,"육류,고기요리",부전동
부전동 푸른술집할라부산서면점,요리주점,부전동
초읍동 수야대공원짬뽕,중식당,초읍동
가야동 남서울족발,한식,가야동
초읍동 횟집변선생,생선회,초읍동
초읍동 삼겹만세,"육류,고기요리",초읍동
부전동 토담골,게요리,부전동
부전동 김태정숯불소갈비,소고기구이,부전동
부전동 간판없는집,한식,부전동
부전동 곰전골,한식,부전동
당감동 뜨란,카페,당감동
당감동 소주랑안주랑,요리주점,당감동
전포동 유달리서면점,카페,전포동
전포동 저수지,요리주점,전포동
부전동 아이온파티,뷔페,부전동
범천동 춘해병원장례식장,장례식장,범천동
부전동 송미아구찜,한식,부전동
개금동 임금님족발,"족발,보쌈",개금동
양정동 종가집 꼬리곰탕,"곰탕,설렁탕",양정동
양정동 보문각,중식당,양정동
양정동 돈짱,"육류,고기요리",양정동
부전동 우진각,중식당,부전동
부전동 부산꼴통라면,라면,부전동
당감동 북경대반점,중식당,당감동
부전동 이야 하면 우와,요리주점,부전동
범천동 본죽범내골역점,죽,범천동
부암동 오빠카세,요리주점,부암동
부전동 화이트캐슬룸카페 서면점,룸카페,부전동
가야동 공룡김밥,김밥,가야동
부전동 우아시,한식,부전동
양정동 꼴통비어,"맥주,호프",양정동
범천동 디디씨치킨범천점,DDC치킨,범천동
부전동 멘야엔,일본식라면,부전동
범천동 아자금 일식,일식당,범천동
부전동 모찌의하루서면본점,"카페,디저트",부전동
부전동 우리마키,일식당,부전동
부전동 미도인 서면,양식,부전동
부전동 (주)우미남 서면점,소고기구이,부전동
개금동 도니마니김치찜,한식,개금동
양정동 복장어,"장어,먹장어요리",양정동
개금동 동방축산 개금점,"육류,고기요리",개금동
부전동 프라나커리,인도음식,부전동
전포동 삼편주,요리주점,전포동
전포동 온니야키친,"스파게티,파스타전문",전포동
전포동 커피사계,"카페,디저트",전포동
전포동 다이와,이자카야,전포동
초읍동 어머나! 손칼국수,종합분식,초읍동
전포동 오공복이,한식,전포동
양정동 양정꽃돼지,"육류,고기요리",양정동
범천동 해뜰마루감자탕,한식,범천동
전포동 등갈비에 반하다,한식,전포동
초읍동 프랭클린커피로스터스,"카페,디저트",초읍동
범천동 모범돼지대패 얼큰이 샤브샤브,샤브샤브,범천동
부암동 희망이 밥도둑집,생선회,부암동
전포동 소묘,요리주점,전포동
가야동 남보현국수,국수,가야동
전포동 커널커피,브런치카페,전포동
당감동 기장대게도매,대게요리,당감동
부전동 영도통닭 서면점,"치킨,닭강정",부전동
가야동 대장금,중식당,가야동
부전동 장모님곰장어,"장어,먹장어요리",부전동
초읍동 김춘장,중식당,초읍동
당감동 도란,"카페,디저트",당감동
전포동 겪이,일식당,전포동
연지동 선명아구찜,한식,연지동
부전동 중천금,중식당,부전동
가야동 황금어장횟집,생선회,가야동
부전동 뱃살도둑,"다이어트,샐러드",부전동
양정동 명심이족발,"족발,보쌈",양정동
