사업장명,업태구분명,소재지전화,소재지전체주소,도로명전체주소,좌표정보(x),좌표정보(y),영업상태명,naver_map_url,구,동,검색어,검색어2
수변최고 롯데점,한식,,부산광역시 부산진구 부전동 503-15 롯데백화점부산본점,"부산광역시 부산진구 가야대로 772, 롯데백화점부산본점 9층 (부전동)",387271.299492377,186099.137533193,영업/정상,,부산진구,부전동,부전동 수변최고 롯데점,부전동 수변최고 롯데점 
메가후르츠 부산초읍점,기타,,부산광역시 부산진구 초읍동 178-21,"부산광역시 부산진구 성지로122번길 4, 1층 (초읍동)",386772.097001778,188756.022837291,영업/정상,,부산진구,초읍동,초읍동 메가후르츠 부산초읍점,초읍동 메가후르츠 부산초읍점 
그놈포차 개금점,한식,,부산광역시 부산진구 개금동 177-280,"부산광역시 부산진구 복지로13번길 29, 3층 (개금동)",384187.894292727,185529.377048902,영업/정상,,부산진구,개금동,개금동 그놈포차 개금점,개금동 그놈포차 개금점 
치킨신드롬 송상현광장점,호프/통닭,,부산광역시 부산진구 전포동 143-3 B101호,"부산광역시 부산진구 중앙대로 842, B101호 (전포동)",388204.072804991,187172.025793283,영업/정상,,부산진구,전포동,전포동 치킨신드롬 송상현광장점,전포동 치킨신드롬 송상현광장점 
희마쯔,한식,,부산광역시 부산진구 부전동 515-1,"부산광역시 부산진구 부전로66번길 12, 1층 102호 (부전동)",387215.372321888,186001.54583588,영업/정상,,부산진구,부전동,부전동 희마쯔,부전동 희마쯔 
모테키 전포,일식,051-995-9400,부산광역시 부산진구 전포동 307-18,부산광역시 부산진구 전포대로216번길 21-1 (전포동),388247.192192726,186040.20868429,영업/정상,,부산진구,전포동,전포동 모테키 전포,전포동 모테키 전포 051-995-9400
(주)케이엠컴(해브어보틀데이),기타,,부산광역시 부산진구 부전동 534-2,"부산광역시 부산진구 서면로 10, 1층 104,105호 (부전동)",387482.739380339,185523.630647005,영업/정상,,부산진구,부전동,부전동 (주)케이엠컴(해브어보틀데이),부전동 (주)케이엠컴(해브어보틀데이) 
소통,일식,,부산광역시 부산진구 전포동 202-3 서전빌라 비101호,"부산광역시 부산진구 서전로57번길 8, 지하1층 비101호 (전포동, 서전빌라)",388201.048781855,186284.067542794,영업/정상,,부산진구,전포동,전포동 소통,전포동 소통 
꽃분이네,한식,,부산광역시 부산진구 양정동 364-2,"부산광역시 부산진구 양지로 12, 1층 (양정동)",388479.958385359,187526.879842367,영업/정상,,부산진구,양정동,양정동 꽃분이네,양정동 꽃분이네 
퓨전경성포차,기타,,부산광역시 부산진구 부전동 515-11,"부산광역시 부산진구 중앙대로691번가길 5, 지하1층 (부전동)",387261.956732821,185871.693585718,영업/정상,,부산진구,부전동,부전동 퓨전경성포차,부전동 퓨전경성포차 
육회한판,식육(숯불구이),,부산광역시 부산진구 당감동 515-6 당감동원빌라,"부산광역시 부산진구 동평로 2, 101동 107호 (당감동, 당감동원빌라)",384970.715832,186772.837506466,영업/정상,,부산진구,당감동,당감동 육회한판,당감동 육회한판 
양화륵,한식,,부산광역시 부산진구 전포동 207-28,"부산광역시 부산진구 전포대로 226-8, 1층 (전포동)",388164.89346801,186143.123002466,영업/정상,,부산진구,전포동,전포동 양화륵,전포동 양화륵 
불향가득,한식,,부산광역시 부산진구 부전동 475-3,"부산광역시 부산진구 서면문화로 11, 1층 (부전동)",387390.736657999,186309.511195967,영업/정상,,부산진구,부전동,부전동 불향가득,부전동 불향가득 
서면 656,기타,,부산광역시 부산진구 부전동 502-16,"부산광역시 부산진구 서면로 65-6, 1층 (부전동)",387406.333661839,186087.156829706,영업/정상,,부산진구,부전동,부전동 서면 656,부전동 서면 656 
푸드공방,기타,,부산광역시 부산진구 가야동 361-67,"부산광역시 부산진구 엄광로 258-1, 1층 (가야동)",385706.023587709,185718.091360848,영업/정상,,부산진구,가야동,가야동 푸드공방,가야동 푸드공방 
오징어나라,일식,051-805-2110,부산광역시 부산진구 부암동 708-12,"부산광역시 부산진구 가야대로 733-1, 1층 (부암동)",386886.972959821,186225.197308869,영업/정상,,부산진구,부암동,부암동 오징어나라,부암동 오징어나라 051-805-2110
왕뽈떼기철판떼기,한식,052-2549511,부산광역시 부산진구 부전동 477-20,"부산광역시 부산진구 부전로96번길 34-4, 3층 (부전동)",387306.053681279,186310.256787247,영업/정상,,부산진구,부전동,부전동 왕뽈떼기철판떼기,부전동 왕뽈떼기철판떼기 052-2549511
666버거 개금점,기타,,부산광역시 부산진구 개금동 526-45,"부산광역시 부산진구 복지로8번길 49, 1층 (개금동)",383944.690022586,185350.499384172,영업/정상,,부산진구,개금동,개금동 666버거 개금점,개금동 666버거 개금점 
동래식당,한식,,부산광역시 부산진구 부전동 256-6,"부산광역시 부산진구 서면로 56, 1층 차3호,차18호 (부전동)",387468.48013598,185990.346086723,영업/정상,,부산진구,부전동,부전동 동래식당,부전동 동래식당 
바른고기 엘베요타 서면직영점,식육(숯불구이),,부산광역시 부산진구 부전동 474-1,"부산광역시 부산진구 서면문화로 33, 2층 (부전동)",387224.040877354,186469.98511629,영업/정상,,부산진구,부전동,부전동 바른고기 엘베요타 서면직영점,부전동 바른고기 엘베요타 서면직영점 
김치찜은못참지,한식,,부산광역시 부산진구 범천동 858-23 한라시그마타워,"부산광역시 부산진구 황령대로 13, 1층 105호 (범천동, 한라시그마타워)",387735.741929162,185175.263274274,영업/정상,,부산진구,범천동,범천동 김치찜은못참지,범천동 김치찜은못참지 
메타381,한식,,부산광역시 부산진구 전포동 309-30,"부산광역시 부산진구 서전로58번길 38-1, 지하1층 (전포동)",388175.08914525,186063.950051963,영업/정상,,부산진구,전포동,전포동 메타381,전포동 메타381 
우아당,기타,,부산광역시 부산진구 부암동 724번지 백양상가,"부산광역시 부산진구 백양산로 55, 백양상가 지하1층 b11호 (부암동)",384934.150182719,187957.275515304,영업/정상,,부산진구,부암동,부암동 우아당,부암동 우아당 
취화방,경양식,,부산광역시 부산진구 전포동 664-9,"부산광역시 부산진구 서전로37번길 20, 2층 203,204호 (전포동)",388014.238479195,186349.005777784,영업/정상,,부산진구,전포동,전포동 취화방,전포동 취화방 
선,경양식,051-8173999,부산광역시 부산진구 전포동 201-5,"부산광역시 부산진구 전포대로246번길 22, 1층 (전포동)",388251.10431228,186324.24631106,영업/정상,,부산진구,전포동,전포동 선,전포동 선 051-8173999
소쿠리1968,한식,,부산광역시 부산진구 범천동 1288-47,"부산광역시 부산진구 신암로 37, 지상2층 (범천동)",387259.86894518,184859.611413456,영업/정상,,부산진구,범천동,범천동 소쿠리1968,범천동 소쿠리1968 
두마리찜닭 두찜연지점,한식,,부산광역시 부산진구 연지동 71-15 보금자리1층일부,"부산광역시 부산진구 성지로 20, 1층일부층 (연지동, 보금자리)",387163.134686502,187846.645811,영업/정상,,부산진구,연지동,연지동 두마리찜닭 두찜연지점,연지동 두마리찜닭 두찜연지점 
바보주막,한식,,부산광역시 부산진구 부전동 397-6번지,"부산광역시 부산진구 새싹로 21-7, 1층 (부전동)",387362.559729826,186422.27685783,영업/정상,,부산진구,부전동,부전동 바보주막,부전동 바보주막 
파스타빌라,경양식,,부산광역시 부산진구 전포동 357-4번지,"부산광역시 부산진구 동성로25번길 7, 지상1일부층 (전포동)",388372.03002101,185679.544819896,영업/정상,,부산진구,전포동,전포동 파스타빌라,전포동 파스타빌라 
채원밥상,한식,,부산광역시 부산진구 범천동 1142-8,"부산광역시 부산진구 신암로135번길 24, 지상1일부층 (범천동)",386622.00277787,185565.80870852,영업/정상,,부산진구,범천동,범천동 채원밥상,범천동 채원밥상 
미소나눔밥집,한식,,부산광역시 부산진구 양정동 313-9,"부산광역시 부산진구 거제천로 3, 1층 101호 (양정동)",388476.1812105,188196.874671923,영업/정상,,부산진구,양정동,양정동 미소나눔밥집,양정동 미소나눔밥집 
김밥천국,분식,,부산광역시 부산진구 개금동 875번지 금강펜테리움더스퀘어아파트,"부산광역시 부산진구 가야대로 450, 상가동 2층 201호 (개금동, 금강펜테리움더스퀘어아파트)",384088.228147214,185576.536475982,영업/정상,,부산진구,개금동,개금동 김밥천국,개금동 김밥천국 
맨도롱,일식,,부산광역시 부산진구 부전동 168-379,"부산광역시 부산진구 중앙대로680번가길 80-15, 2층 (부전동)",387782.868236912,186141.923206,영업/정상,,부산진구,부전동,부전동 맨도롱,부전동 맨도롱 
밥플러스&밥나드리,한식,,부산광역시 부산진구 양정동 274-5,"부산광역시 부산진구 진연로9번길 68, 1층 (양정동)",388695.303551885,188281.310459919,영업/정상,,부산진구,양정동,양정동 밥플러스&밥나드리,양정동 밥플러스&밥나드리 
오레주퓨전요리주점,식육(숯불구이),,부산광역시 부산진구 전포동 194-7번지 동양팰리스,"부산광역시 부산진구 전포대로246번길 6, 1층 102호 (전포동, 동양팰리스)",388159.878169245,186311.88947931,영업/정상,,부산진구,전포동,전포동 오레주퓨전요리주점,전포동 오레주퓨전요리주점 
비전문,기타,,부산광역시 부산진구 전포동 691-1,"부산광역시 부산진구 서전로38번길 76, 4층 (전포동)",387985.830038131,185857.410742466,영업/정상,,부산진구,전포동,전포동 비전문,전포동 비전문 
양산도 서면본점,한식,,부산광역시 부산진구 전포동 692-2,"부산광역시 부산진구 동천로 58, A동 1층 102호 (전포동)",387890.448596144,185811.351406533,영업/정상,,부산진구,전포동,전포동 양산도 서면본점,전포동 양산도 서면본점 
대성각,중국식,,부산광역시 부산진구 가야동 57-13번지,"부산광역시 부산진구 가야대로587번길 10, 1층 (가야동)",385468.419514145,185911.554875555,영업/정상,,부산진구,가야동,가야동 대성각,가야동 대성각 
다방분식,분식,051-8939060,부산광역시 부산진구 가야동 6-48번지,"부산광역시 부산진구 가야대로668번길 29, 1층 (가야동)",386244.598680181,185882.780035495,영업/정상,,부산진구,가야동,가야동 다방분식,가야동 다방분식 051-8939060
민푸드(food),분식,,부산광역시 부산진구 범천동 857-12 대동레미안젤리,"부산광역시 부산진구 황령대로7번길 27, 대동레미안젤리 1층 102호 (범천동)",387636.68893186,185239.103554965,영업/정상,,부산진구,범천동,범천동 민푸드(food),범천동 민푸드(food) 
스시현,횟집,,부산광역시 부산진구 개금동 502-9번지,"부산광역시 부산진구 복지로8번길 6, 1층 101호 (개금동)",383999.867281003,185552.047058892,영업/정상,,부산진구,개금동,개금동 스시현,개금동 스시현 
프렌즈클럽,경양식,,부산광역시 부산진구 전포동 202-6번지,"부산광역시 부산진구 동성로87번길 29-1, 지상1층 (전포동)",388243.310108359,186270.447601361,영업/정상,,부산진구,전포동,전포동 프렌즈클럽,전포동 프렌즈클럽 
키토니(kitony),기타,,부산광역시 부산진구 전포동 356-8,"부산광역시 부산진구 동성로25번길 29, 지상1층 (전포동)",388255.328353939,185670.25717398,영업/정상,,부산진구,전포동,전포동 키토니(kitony),전포동 키토니(kitony) 
대림국수 서면점,중국식,,부산광역시 부산진구 부전동 170-9,"부산광역시 부산진구 동천로 67-6, 1층 (부전동)",387814.859703616,185917.940783244,영업/정상,,부산진구,부전동,부전동 대림국수 서면점,부전동 대림국수 서면점 
로우쥬스커피,기타,051-852-0413,부산광역시 부산진구 양정동 165-1번지,"부산광역시 부산진구 동평로405번길 118, 1층 (양정동)",388774.167112564,188526.423305288,영업/정상,,부산진구,양정동,양정동 로우쥬스커피,양정동 로우쥬스커피 051-852-0413
밀로즈,경양식,,부산광역시 부산진구 전포동 197-26,"부산광역시 부산진구 전포대로246번길 13-6, 1층 (전포동)",388222.555993008,186363.7470302,영업/정상,,부산진구,전포동,전포동 밀로즈,전포동 밀로즈 
채선당 당감점,한식,,부산광역시 부산진구 당감동 650번지,"부산광역시 부산진구 백양순환로 39, 2층 (당감동)",385116.703702816,187370.0504964,영업/정상,,부산진구,당감동,당감동 채선당 당감점,당감동 채선당 당감점 
옵포드,기타,,부산광역시 부산진구 부전동 175,"부산광역시 부산진구 중앙대로680번가길 38, 지상1-2층 (부전동)",387770.158586521,185942.717662486,영업/정상,,부산진구,부전동,부전동 옵포드,부전동 옵포드 
(주)보드게임카페레드버튼서면,기타,051-8063779,부산광역시 부산진구 부전동 222-1 4층,"부산광역시 부산진구 동천로 63, 4층 (부전동)",387833.166210162,185852.83839421,영업/정상,,부산진구,부전동,부전동 (주)보드게임카페레드버튼서면,부전동 (주)보드게임카페레드버튼서면 051-8063779
우리동네 레스토랑 고슬고슬,한식,,부산광역시 부산진구 개금동 540-236,"부산광역시 부산진구 엄광로 36-7, 1층 105호 (개금동)",384022.032307615,185058.950891149,영업/정상,,부산진구,개금동,개금동 우리동네 레스토랑 고슬고슬,개금동 우리동네 레스토랑 고슬고슬 
고수라,한식,,부산광역시 부산진구 범천동 870-4,"부산광역시 부산진구 중앙대로621번길 7, 지상1층 (범천동)",387541.97878757,185157.818763991,영업/정상,,부산진구,범천동,범천동 고수라,범천동 고수라 
이도비어부산서면점,기타,,부산광역시 부산진구 부전동 520-23번지,"부산광역시 부산진구 중앙대로691번길 42, 지상1층 (부전동)",387349.894110581,185872.536138586,영업/정상,,부산진구,부전동,부전동 이도비어부산서면점,부전동 이도비어부산서면점 
구덕포끝집고기(서면전포점),식육(숯불구이),,부산광역시 부산진구 전포동 356-9번지,"부산광역시 부산진구 전포대로176번길 19, 1층 (전포동)",388256.408119235,185648.520070828,영업/정상,,부산진구,전포동,전포동 구덕포끝집고기(서면전포점),전포동 구덕포끝집고기(서면전포점) 
라화쿵부부산서면점,중국식,15881912,부산광역시 부산진구 부전동 503-15번지 지하2층,"부산광역시 부산진구 가야대로 772, 지하2층 (부전동)",387271.299492377,186099.137533193,영업/정상,,부산진구,부전동,부전동 라화쿵부부산서면점,부전동 라화쿵부부산서면점 15881912
오름수육&전골,한식,051-6339296,부산광역시 부산진구 가야동 14-9,"부산광역시 부산진구 가야대로664번길 8, 1층 (가야동)",386206.556298225,185967.431466008,영업/정상,,부산진구,가야동,가야동 오름수육&전골,가야동 오름수육&전골 051-6339296
자갈치횟집,횟집,,부산광역시 부산진구 초읍동 273-19번지,"부산광역시 부산진구 새싹로241번길 10, 1층 (초읍동)",386457.907026481,188409.450117577,영업/정상,,부산진구,초읍동,초읍동 자갈치횟집,초읍동 자갈치횟집 
스스키노,일식,,부산광역시 부산진구 전포동 674-9,"부산광역시 부산진구 서전로38번길 7-1, 지상1층 (전포동)",388005.989595152,186199.770223626,영업/정상,,부산진구,전포동,전포동 스스키노,전포동 스스키노 
단디,경양식,,부산광역시 부산진구 전포동 674-9,"부산광역시 부산진구 서전로38번길 7-1, 지상1층 (전포동)",388005.989595152,186199.770223626,영업/정상,,부산진구,전포동,전포동 단디,전포동 단디 
응급실국물떡볶이서면부전점,분식,051-807-7119,부산광역시 부산진구 부전동 418-11,"부산광역시 부산진구 부전로95번길 22, 1층 (부전동)",387030.131972258,186327.952517764,영업/정상,,부산진구,부전동,부전동 응급실국물떡볶이서면부전점,부전동 응급실국물떡볶이서면부전점 051-807-7119
레알소만,기타,,부산광역시 부산진구 부전동 521-10번지 (주)진흥빌딩,부산광역시 부산진구 서면로 37 (주)진흥빌딩 9층 (부전동),387416.969690129,185809.38681276,영업/정상,,부산진구,부전동,부전동 레알소만,부전동 레알소만 
디저트 로지,기타,,부산광역시 부산진구 전포동 680-8 성진전자상가,"부산광역시 부산진구 서전로38번길 43-13, 성진전자상가 1층 105호 (전포동)",388052.559709772,186038.138147119,영업/정상,,부산진구,전포동,전포동 디저트 로지,전포동 디저트 로지 
왕가탕후루,기타,,부산광역시 부산진구 부전동 215-1,"부산광역시 부산진구 중앙대로692번길 26, 1층 (부전동)",387699.505795178,185852.133404393,영업/정상,,부산진구,부전동,부전동 왕가탕후루,부전동 왕가탕후루 
김태정야심,식육(숯불구이),,부산광역시 부산진구 부전동 168-432번지,"부산광역시 부산진구 중앙대로680번가길 80-22, 1층 (부전동)",387779.479777265,186127.906324933,영업/정상,,부산진구,부전동,부전동 김태정야심,부전동 김태정야심 
갓포 사잇 쿠마,한식,,부산광역시 부산진구 전포동 305-4,"부산광역시 부산진구 동성로71번길 31, 지상1층 (전포동)",388235.386579915,186137.166148693,영업/정상,,부산진구,전포동,전포동 갓포 사잇 쿠마,전포동 갓포 사잇 쿠마 
참치오빠,일식,051-818-6904,부산광역시 부산진구 부전동 515-18,"부산광역시 부산진구 부전로66번길 4, 1층 (부전동)",387174.38146329,186003.00524064,영업/정상,,부산진구,부전동,부전동 참치오빠,부전동 참치오빠 051-818-6904
카페클릭,기타,,부산광역시 부산진구 전포동 312-25,"부산광역시 부산진구 서전로58번길 62, 지상2층 (전포동)",388186.17970669,185935.352932673,영업/정상,,부산진구,전포동,전포동 카페클릭,전포동 카페클릭 
엘라의 부엌,분식,,부산광역시 부산진구 양정동 364-2,"부산광역시 부산진구 양지로 12, 1층 (양정동)",388479.958385359,187526.879842367,영업/정상,,부산진구,양정동,양정동 엘라의 부엌,양정동 엘라의 부엌 
오퍼스(OPUS),경양식,,부산광역시 부산진구 전포동 663-7,"부산광역시 부산진구 서전로37번길 14-1, 지상1층 21-22호 (전포동)",388014.99032019,186309.668968399,영업/정상,,부산진구,전포동,전포동 오퍼스(OPUS),전포동 오퍼스(OPUS) 
인정후라이드(개금점),호프/통닭,,부산광역시 부산진구 개금동 540-92,"부산광역시 부산진구 복지로47번길 1, 2층 (개금동)",384077.247530703,185178.153909969,영업/정상,,부산진구,개금동,개금동 인정후라이드(개금점),개금동 인정후라이드(개금점) 
순수덮밥,호프/통닭,,부산광역시 부산진구 가야동 464-79 지하1층,"부산광역시 부산진구 대학로 84-2, 지하1층 (가야동)",385334.990927801,185129.67399824,영업/정상,,부산진구,가야동,가야동 순수덮밥,가야동 순수덮밥 
소수인,기타,051-808-4036,부산광역시 부산진구 부전동 511-18번지,"부산광역시 부산진구 가야대로750번길 17, 1층 (부전동)",387073.209203109,186099.108070425,영업/정상,,부산진구,부전동,부전동 소수인,부전동 소수인 051-808-4036
가마치통닭 당감사거리점,호프/통닭,,부산광역시 부산진구 당감동 305-53번지,"부산광역시 부산진구 당감로 51, 1층 (당감동)",385689.999187671,187123.737068525,영업/정상,,부산진구,당감동,당감동 가마치통닭 당감사거리점,당감동 가마치통닭 당감사거리점 
철인7호,호프/통닭,051-8188343,부산광역시 부산진구 부전동 168-138번지,"부산광역시 부산진구 서전로10번길 31-3, 지하1층 (부전동)",387644.332252576,186086.36457925,영업/정상,,부산진구,부전동,부전동 철인7호,부전동 철인7호 051-8188343
정유의곳간,한식,,부산광역시 부산진구 범천동 875-1번지,"부산광역시 부산진구 신천대로65번길 68, 지상1일부층 (범천동)",387468.170090643,185043.353406104,영업/정상,,부산진구,범천동,범천동 정유의곳간,범천동 정유의곳간 
카페본동,기타,,부산광역시 부산진구 개금동 339-3번지,"부산광역시 부산진구 개금본동로 7, 1층 (개금동)",384461.510665468,186223.424663748,영업/정상,,부산진구,개금동,개금동 카페본동,개금동 카페본동 
숙성고기 육칠이 서면점,식육(숯불구이),,부산광역시 부산진구 부전동 532-44,"부산광역시 부산진구 부전로 15-7, 1층 (부전동)",387358.835239237,185534.889138404,영업/정상,,부산진구,부전동,부전동 숙성고기 육칠이 서면점,부전동 숙성고기 육칠이 서면점 
육첩반상롯데부산본점,한식,02-1670-6784,부산광역시 부산진구 부전동 503-15번지,"부산광역시 부산진구 가야대로 772, 지하2층 (부전동)",387271.299492377,186099.137533193,영업/정상,,부산진구,부전동,부전동 육첩반상롯데부산본점,부전동 육첩반상롯데부산본점 02-1670-6784
역전식당,한식,051-816-5556,부산광역시 부산진구 부전동 341-5 대림빌딩,"부산광역시 부산진구 중앙대로775번길 5, 삼정기업빌딩 지하1층 (부전동)",387750.084944083,186671.21018644,영업/정상,,부산진구,부전동,부전동 역전식당,부전동 역전식당 051-816-5556
山莊(산장)33,기타,,부산광역시 부산진구 전포동 337-8,"부산광역시 부산진구 전포대로200번길 33, 지상1층 (전포동)",388309.129867997,185902.647672663,영업/정상,,부산진구,전포동,전포동 山莊(산장)33,전포동 山莊(산장)33 
무쇠김치삼겹살복개천점,한식,,부산광역시 부산진구 부전동 520-35,"부산광역시 부산진구 중앙대로691번길 48, 1층 (부전동)",387311.38628394,185876.363813002,영업/정상,,부산진구,부전동,부전동 무쇠김치삼겹살복개천점,부전동 무쇠김치삼겹살복개천점 
브룩스,기타,051-809-5679,부산광역시 부산진구 부전동 156-28번지 오기빌딩,"부산광역시 부산진구 서전로10번길 28, 오기빌딩 1층 101호 (부전동)",387625.86797096,186117.09883859,영업/정상,,부산진구,부전동,부전동 브룩스,부전동 브룩스 051-809-5679
정성담은,한식,,부산광역시 부산진구 범천동 846-18 신부산학원,"부산광역시 부산진구 범일로 148, 신부산학원 지상1층 (범천동)",387638.901137364,184613.643289529,영업/정상,,부산진구,범천동,범천동 정성담은,범천동 정성담은 
우사부(일체),한식,051-922-2398,부산광역시 부산진구 부전동 475-21번지,"부산광역시 부산진구 서면문화로5번길 20, 1층 (부전동)",387326.30623782,186295.613935205,영업/정상,,부산진구,부전동,부전동 우사부(일체),부전동 우사부(일체) 051-922-2398
카페051 개금시장점,분식,,부산광역시 부산진구 개금동 177-7 1층,"부산광역시 부산진구 복지로13번길 52, 1층 (개금동)",384286.374564009,185514.101772676,영업/정상,,부산진구,개금동,개금동 카페051 개금시장점,개금동 카페051 개금시장점 
산마루 감자탕,식육(숯불구이),,부산광역시 부산진구 양정동 156-10 1층,"부산광역시 부산진구 거제천로 54, 1층 (양정동)",388671.457512136,188631.725347856,영업/정상,,부산진구,양정동,양정동 산마루 감자탕,양정동 산마루 감자탕 
호주에서 온 스시 당감점,일식,051--9115337,부산광역시 부산진구 당감동 751-13,"부산광역시 부산진구 당감서로 77, 1층 (당감동)",385486.142004807,187250.711195559,영업/정상,,부산진구,당감동,당감동 호주에서 온 스시 당감점,당감동 호주에서 온 스시 당감점 051--9115337
bhc부전역점,기타,,부산광역시 부산진구 전포동 587 서면롯데캐슬스카이,"부산광역시 부산진구 전포대로275번길 20, 102동 1층 117호 (전포동, 서면롯데캐슬스카이)",388023.6240017,186739.937553674,영업/정상,,부산진구,전포동,전포동 bhc부전역점,전포동 bhc부전역점 
멕시카나치킨 전포점,호프/통닭,,부산광역시 부산진구 전포동 334-3,"부산광역시 부산진구 동성로 51, 지상1일부층 (전포동)",388388.208297884,185952.964564855,영업/정상,,부산진구,전포동,전포동 멕시카나치킨 전포점,전포동 멕시카나치킨 전포점 
(유)아웃백스테이크하우스코리아 서면점,경양식,0515203770,부산광역시 부산진구 부전동 227-2 서면피에스타,"부산광역시 부산진구 중앙대로 672, 서면피에스타 6층 606호 (부전동)",387608.014165034,185703.079007724,영업/정상,,부산진구,부전동,부전동 (유)아웃백스테이크하우스코리아 서면점,부전동 (유)아웃백스테이크하우스코리아 서면점 0515203770
정이든삼겹살,식육(숯불구이),051-805-6101,부산광역시 부산진구 부전동 168-320번지 1층,"부산광역시 부산진구 동천로85번길 8, 1층 (부전동)",387807.006730628,186084.107165926,영업/정상,,부산진구,부전동,부전동 정이든삼겹살,부전동 정이든삼겹살 051-805-6101
미쳐버린파닭,호프/통닭,051-851-2888,부산광역시 부산진구 양정동 350-61,부산광역시 부산진구 중앙대로910번길 15 (양정동),388591.380916627,187722.528034296,영업/정상,,부산진구,양정동,양정동 미쳐버린파닭,양정동 미쳐버린파닭 051-851-2888
찢었다 김치찜,한식,051-8041523,부산광역시 부산진구 전포동 196-5,부산광역시 부산진구 서전로67번길 29 (전포동),388273.889308811,186395.495627505,영업/정상,,부산진구,전포동,전포동 찢었다 김치찜,전포동 찢었다 김치찜 051-8041523
국수락,한식,051-8644280,부산광역시 부산진구 양정동 148-4번지,부산광역시 부산진구 중앙대로 990 (양정동),388966.46403661,188445.091783186,영업/정상,,부산진구,양정동,양정동 국수락,양정동 국수락 051-8644280
영진돼지국밥,한식,,부산광역시 부산진구 가야동 482-8번지 (1층),"부산광역시 부산진구 가야공원로 67, 1층 (가야동)",384930.506083055,184997.957515709,영업/정상,,부산진구,가야동,가야동 영진돼지국밥,가야동 영진돼지국밥 
바다산곰장어,횟집,051-8161010,부산광역시 부산진구 부전동 344-1번지,부산광역시 부산진구 부전로 180 (부전동),387666.204168679,186846.875312372,영업/정상,,부산진구,부전동,부전동 바다산곰장어,부전동 바다산곰장어 051-8161010
318,분식,051-8029833,부산광역시 부산진구 부전동 156-1번지 1층,"부산광역시 부산진구 서전로10번길 22-3, 1층 (부전동)",387639.169219436,186132.904390823,영업/정상,,부산진구,부전동,부전동 318,부전동 318 051-8029833
남다른썬치킨 부암1호점,호프/통닭,051-8068292,부산광역시 부산진구 부암동 722-2,부산광역시 부산진구 백양산로54번길 5 (부암동),384970.445827927,187988.895525665,영업/정상,,부산진구,부암동,부암동 남다른썬치킨 부암1호점,부암동 남다른썬치킨 부암1호점 051-8068292
만복정,한식,051-8980990,부산광역시 부산진구 당감동 479-5번지,부산광역시 부산진구 동평로44번길 62-12 (당감동),385367.710813027,186861.259137854,영업/정상,,부산진구,당감동,당감동 만복정,당감동 만복정 051-8980990
소문난시장손칼국수,분식,051-8972100,부산광역시 부산진구 당감동 292-118번지,"부산광역시 부산진구 백양대로60번길 64, 1층 (당감동)",385993.684221534,187012.541627316,영업/정상,,부산진구,당감동,당감동 소문난시장손칼국수,당감동 소문난시장손칼국수 051-8972100
새미정,한식,,부산광역시 부산진구 연지동 72-2번지,부산광역시 부산진구 성지로14번길 4 (연지동),387180.036331387,187771.10143325,영업/정상,,부산진구,연지동,연지동 새미정,연지동 새미정 
냉삼겹,한식,051-807-9979,부산광역시 부산진구 부전동 168-15 1층,"부산광역시 부산진구 중앙대로680번가길 77, 1층 (부전동)",387721.763441987,186138.528593832,영업/정상,,부산진구,부전동,부전동 냉삼겹,부전동 냉삼겹 051-807-9979
타임즈(TIMES),기타,051-8040400,부산광역시 부산진구 부전동 232-16 지상3층,"부산광역시 부산진구 신천대로62번길 44, 지상3층 (부전동)",387515.121291263,185666.416841447,영업/정상,,부산진구,부전동,부전동 타임즈(TIMES),부전동 타임즈(TIMES) 051-8040400
막걸리숯불갈비,한식,,부산광역시 부산진구 초읍동 218-19,부산광역시 부산진구 성지로43번길 68 (초읍동),387012.614555653,188386.690357817,영업/정상,,부산진구,초읍동,초읍동 막걸리숯불갈비,초읍동 막걸리숯불갈비 
사루몽,기타,051-805-8882,"부산광역시 부산진구 부전동 168-263 외1필지, 지상1층","부산광역시 부산진구 중앙대로680번가길 56, 지상1층 (부전동)",387716.399853785,186030.423853802,영업/정상,,부산진구,부전동,부전동 사루몽,부전동 사루몽 051-805-8882
마당쇠돼지갈비전포점,식육(숯불구이),051-8187090,부산광역시 부산진구 전포동 595-20번지,부산광역시 부산진구 동성로 140 (전포동),387984.333122347,186633.993031274,영업/정상,,부산진구,전포동,전포동 마당쇠돼지갈비전포점,전포동 마당쇠돼지갈비전포점 051-8187090
뉴-김밥천국,김밥(도시락),,부산광역시 부산진구 양정동 353-29번지,부산광역시 부산진구 양지로 5 (양정동),388480.296087992,187606.156745906,영업/정상,,부산진구,양정동,양정동 뉴-김밥천국,양정동 뉴-김밥천국 
초읍밀면,한식,,부산광역시 부산진구 초읍동 292-27번지,부산광역시 부산진구 새싹로 281-1 (초읍동),386386.58780312,188802.311166157,영업/정상,,부산진구,초읍동,초읍동 초읍밀면,초읍동 초읍밀면 
70연탄,식육(숯불구이),,부산광역시 부산진구 부전동 168-263 1층,"부산광역시 부산진구 중앙대로680번가길 56, 1층 (부전동)",387716.399853785,186030.423853802,영업/정상,,부산진구,부전동,부전동 70연탄,부전동 70연탄 
돌쇠본가,한식,051-804-7980,부산광역시 부산진구 초읍동 102-4,부산광역시 부산진구 성지곡로12번길 25 (초읍동),386552.370325527,189105.58980449,영업/정상,,부산진구,초읍동,초읍동 돌쇠본가,초읍동 돌쇠본가 051-804-7980
군자대한곱창,호프/통닭,,부산광역시 부산진구 부전동 168-403번지,"부산광역시 부산진구 중앙대로680번가길 76, 1층 (부전동)",387738.331953342,186124.469745441,영업/정상,,부산진구,부전동,부전동 군자대한곱창,부전동 군자대한곱창 
전통제일식당,한식,,부산광역시 부산진구 부암동 343-86번지,부산광역시 부산진구 동평로 115-1 (부암동),385983.03775295,187138.736477384,영업/정상,,부산진구,부암동,부암동 전통제일식당,부암동 전통제일식당 
야키토리 세이고,기타,8164189,부산광역시 부산진구 전포동 677-10,"부산광역시 부산진구 전포대로209번길 18-1, 1층 (전포동)",388028.467974946,185997.944432798,영업/정상,,부산진구,전포동,전포동 야키토리 세이고,전포동 야키토리 세이고 8164189
잔나비,호프/통닭,,부산광역시 부산진구 부전동 168-214 지상2층,"부산광역시 부산진구 중앙대로680번가길 62, 지상2층 (부전동)",387718.630851949,186057.359280077,영업/정상,,부산진구,부전동,부전동 잔나비,부전동 잔나비 
동래밀면,한식,051897-4008,부산광역시 부산진구 개금동 618-2 개금현대아이아파트상가 219동 104호,"부산광역시 부산진구 엄광로 16, 개금현대아이아파트 상가219동 104호 (개금동)",383947.284798286,185065.676609901,영업/정상,,부산진구,개금동,개금동 동래밀면,개금동 동래밀면 051897-4008
유부보따리,분식,051-8972821,부산광역시 부산진구 개금동 177-392,"부산광역시 부산진구 복지로 27-1, 1층 (개금동)",384036.038099552,185366.51726264,영업/정상,,부산진구,개금동,개금동 유부보따리,개금동 유부보따리 051-8972821
수중화요리,중국식,051-8935533,부산광역시 부산진구 가야동 551-17번지,"부산광역시 부산진구 가야대로548번가길 7, 2층 (가야동)",385154.082557243,185210.079834127,영업/정상,,부산진구,가야동,가야동 수중화요리,가야동 수중화요리 051-8935533
바우석쇠,한식,051-8985088,부산광역시 부산진구 당감동 70-7번지,부산광역시 부산진구 가야대로703번길 20 (당감동),386578.542957942,186219.876585448,영업/정상,,부산진구,당감동,당감동 바우석쇠,당감동 바우석쇠 051-8985088
제주흑돈촌,한식,6466345,부산광역시 부산진구 범천동 842-7,"부산광역시 부산진구 중앙번영로20번길 19, 지상1일부층 (범천동)",387813.101595371,184709.421195819,영업/정상,,부산진구,범천동,범천동 제주흑돈촌,범천동 제주흑돈촌 6466345
해피통닭,한식,051-8088727,부산광역시 부산진구 부전동 168-295번지,부산광역시 부산진구 중앙대로680번가길 70 (부전동),387722.277966774,186089.723014591,영업/정상,,부산진구,부전동,부전동 해피통닭,부전동 해피통닭 051-8088727
지지비(zzb),기타,,부산광역시 부산진구 전포동 207-32번지,"부산광역시 부산진구 전포대로 226-4, 지상1층 (전포동)",388159.263615058,186132.623034258,영업/정상,,부산진구,전포동,전포동 지지비(zzb),전포동 지지비(zzb) 
향원장,중국식,051-8669628,부산광역시 부산진구 양정동 85-13,부산광역시 부산진구 연수로54번길 37 (양정동),389217.955978555,188009.449193145,영업/정상,,부산진구,양정동,양정동 향원장,양정동 향원장 051-8669628
화정생고기,기타,051-8053998,부산광역시 부산진구 부전동 474-111,부산광역시 부산진구 부전로96번길 19 (부전동),387246.265735794,186337.946281097,영업/정상,,부산진구,부전동,부전동 화정생고기,부전동 화정생고기 051-8053998
푸라닭 부산 양정점,호프/통닭,,부산광역시 부산진구 양정동 397-1,"부산광역시 부산진구 거제대로48번길 20, 양정퀸즈펠리스 2동 1층 113호 (양정동)",388382.74324018,187887.636637834,영업/정상,,부산진구,양정동,양정동 푸라닭 부산 양정점,양정동 푸라닭 부산 양정점 
짐키친 서면점,"외국음식전문점(인도,태국등)",,부산광역시 부산진구 전포동 692-2,"부산광역시 부산진구 동천로 58, 지상1층 (전포동)",387890.448596144,185811.351406533,영업/정상,,부산진구,전포동,전포동 짐키친 서면점,전포동 짐키친 서면점 
산머루샤브샤브칼국수,분식,051-8935775,부산광역시 부산진구 당감동 754-4,"부산광역시 부산진구 당감서로 89-6, 1층 (당감동)",385458.481705787,187340.068436319,영업/정상,,부산진구,당감동,당감동 산머루샤브샤브칼국수,당감동 산머루샤브샤브칼국수 051-8935775
지구상사,호프/통닭,051-8167590,부산광역시 부산진구 부전동 172-3,부산광역시 부산진구 중앙대로692번길 37 (부전동),387752.475498742,185896.446758337,영업/정상,,부산진구,부전동,부전동 지구상사,부전동 지구상사 051-8167590
한양족발,기타,051-8975279,부산광역시 부산진구 당감동 69-11번지,부산광역시 부산진구 가야대로703번길 36 (당감동),386603.187462182,186306.011205649,영업/정상,,부산진구,당감동,당감동 한양족발,당감동 한양족발 051-8975279
주식회사 큰사람유통 장수촌24시뼈다귀해장국,한식,052-222-0189,부산광역시 부산진구 초읍동 290-1 (1층),"부산광역시 부산진구 성지로 151, 1층 (초읍동)",386482.204876847,188860.294684929,영업/정상,,부산진구,초읍동,초읍동 주식회사 큰사람유통 장수촌24시뼈다귀해장국,초읍동 주식회사 큰사람유통 장수촌24시뼈다귀해장국 052-222-0189
디스플레이,호프/통닭,051-802-8978,부산광역시 부산진구 부전동 198-13번지 지하1층,"부산광역시 부산진구 신천대로50번길 62, 지하1층 (부전동)",387647.557360385,185762.912128415,영업/정상,,부산진구,부전동,부전동 디스플레이,부전동 디스플레이 051-802-8978
동의의료원장례식장,한식,8533424,부산광역시 부산진구 양정동 산 45-1번지 동의의료원,"부산광역시 부산진구 양정로 62 (양정동, 동의의료원)",,,영업/정상,,부산진구,양정동,양정동 동의의료원장례식장,양정동 동의의료원장례식장 8533424
대박숯불갈비,기타,051-818-9333,부산광역시 부산진구 부전동 474-7번지,"부산광역시 부산진구 부전로96번길 25, 1층 (부전동)",387277.295125902,186338.706221993,영업/정상,,부산진구,부전동,부전동 대박숯불갈비,부전동 대박숯불갈비 051-818-9333
신반집,한식,051-8170151,부산광역시 부산진구 부전동 267-21번지,"부산광역시 부산진구 중앙대로 765, 1층 (부전동)",387706.164657293,186575.914334618,영업/정상,,부산진구,부전동,부전동 신반집,부전동 신반집 051-8170151
가야진미,호프/통닭,051-8958888,부산광역시 부산진구 가야동 659-6,"부산광역시 부산진구 가야대로482번길 76, 1층 (가야동)",384407.326893768,185262.367372467,영업/정상,,부산진구,가야동,가야동 가야진미,가야동 가야진미 051-8958888
밥상극장,한식,051-6371296,부산광역시 부산진구 범천동 869-7,"부산광역시 부산진구 중앙대로635번길 11, 지상2층 (범천동)",387514.370450359,185277.34750564,영업/정상,,부산진구,범천동,범천동 밥상극장,범천동 밥상극장 051-6371296
비읍 갈비,한식,,부산광역시 부산진구 부암동 306-18,"부산광역시 부산진구 동평로 195-11, 1층 (부암동)",386639.440472111,187346.632766202,영업/정상,,부산진구,부암동,부암동 비읍 갈비,부암동 비읍 갈비 
행복한빅마마삼겹,식육(숯불구이),051-8678711,부산광역시 부산진구 양정동 401-13,"부산광역시 부산진구 중앙대로 891, 1층 (양정동)",388394.116990213,187630.590411419,영업/정상,,부산진구,양정동,양정동 행복한빅마마삼겹,양정동 행복한빅마마삼겹 051-8678711
클럽라운지,경양식,051-810-5600,부산광역시 부산진구 부전동 503-15 지상31층 롯데호텔,"부산광역시 부산진구 가야대로 772, 지상31층 (부전동, 롯데호텔)",387271.299492377,186099.137533193,영업/정상,,부산진구,부전동,부전동 클럽라운지,부전동 클럽라운지 051-810-5600
치킨,통닭(치킨),,부산광역시 부산진구 범천동 877-20번지 (2층),"부산광역시 부산진구 중앙대로 604 (범천동,(2층))",387552.656230735,184989.477750499,영업/정상,,부산진구,범천동,범천동 치킨,범천동 치킨 
토담맛집,한식,051-819-6211,부산광역시 부산진구 초읍동 330-10번지 (지하1층),"부산광역시 부산진구 성지곡로 47 (초읍동,(지하1층))",386506.624054585,189399.638808904,영업/정상,,부산진구,초읍동,초읍동 토담맛집,초읍동 토담맛집 051-819-6211
카페지예,기타,,부산광역시 부산진구 전포동 664-1번지,"부산광역시 부산진구 서전로47번길 25, B아동 지상2층 205호 (전포동)",388053.67096176,186367.129862219,영업/정상,,부산진구,전포동,전포동 카페지예,전포동 카페지예 
갈매기학교,한식,051-944-6459,부산광역시 부산진구 부전동 522-11번지 지상1-2층,"부산광역시 부산진구 서면로 15-10, 지상1-2층 (부전동)",,,영업/정상,,부산진구,부전동,부전동 갈매기학교,부전동 갈매기학교 051-944-6459
60계치킨 당감부암점,호프/통닭,051897-1160,부산광역시 부산진구 당감동 745-3번지 (지상1층),"부산광역시 부산진구 당감서로 66-1 (당감동,(지상1층))",385510.434030134,187138.612187137,영업/정상,,부산진구,당감동,당감동 60계치킨 당감부암점,당감동 60계치킨 당감부암점 051897-1160
봉평메밀동치미막국수,한식,051-8976214,부산광역시 부산진구 개금동 540-54,부산광역시 부산진구 엄광로44번길 6 (개금동),384103.688593937,185058.868128219,영업/정상,,부산진구,개금동,개금동 봉평메밀동치미막국수,개금동 봉평메밀동치미막국수 051-8976214
전포돈,식육(숯불구이),,부산광역시 부산진구 전포동 191-661 전포화신아파트,"부산광역시 부산진구 진남로356번길 86, 전포화신아파트 상가동 1층 103,104호 (전포동)",388726.38139458,186492.446944868,영업/정상,,부산진구,전포동,전포동 전포돈,전포동 전포돈 
두유카페 두시,한식,051-804-0288,부산광역시 부산진구 초읍동 291-3번지,"부산광역시 부산진구 성지로 155, 1층 (초읍동)",386446.673084526,188869.55406071,영업/정상,,부산진구,초읍동,초읍동 두유카페 두시,초읍동 두유카페 두시 051-804-0288
시월식당,한식,,부산광역시 부산진구 전포동 660-16번지,"부산광역시 부산진구 동천로108번길 9-7, 지상2층 202호 (전포동)",387883.322946426,186338.088892952,영업/정상,,부산진구,전포동,전포동 시월식당,전포동 시월식당 
그래도못다한말,분식,051-6320524,부산광역시 부산진구 범천동 875-24번지 범천동 프렌빌,"부산광역시 부산진구 신천대로71번길 49, 지하1층 (범천동, 범천동 프렌빌)",387453.981173766,185039.732895231,영업/정상,,부산진구,범천동,범천동 그래도못다한말,범천동 그래도못다한말 051-6320524
조선칼국수와 통막걸리,한식,051-806-6679,"부산광역시 부산진구 부전동 168-326 (1,2층)","부산광역시 부산진구 동천로85번길 14 (부전동,(1,2층))",387777.57776299,186080.606840809,영업/정상,,부산진구,부전동,부전동 조선칼국수와 통막걸리,부전동 조선칼국수와 통막걸리 051-806-6679
오봉집 서면전포점,한식,,부산광역시 부산진구 전포동 878-20 백천빌딩,"부산광역시 부산진구 동성로 147, 백천빌딩 지상1-2층 (전포동)",387891.952394092,186597.934114305,영업/정상,,부산진구,전포동,전포동 오봉집 서면전포점,전포동 오봉집 서면전포점 
반장즉석떡볶이,분식,,부산광역시 부산진구 부전동 171번지,"부산광역시 부산진구 중앙대로692번길 43, 지하1층 (부전동)",387783.725242926,185887.859050652,영업/정상,,부산진구,부전동,부전동 반장즉석떡볶이,부전동 반장즉석떡볶이 
명가참숯갈비,식육(숯불구이),,부산광역시 부산진구 양정동 503-5,"부산광역시 부산진구 범양로126번길 18, 1층 (양정동)",388196.727537693,188063.979637959,영업/정상,,부산진구,양정동,양정동 명가참숯갈비,양정동 명가참숯갈비 
야키맨즈,기타,,부산광역시 부산진구 부전동 168-212,"부산광역시 부산진구 중앙대로680번가길 64, 1,2.3층 (부전동)",387718.161734244,186066.31268893,영업/정상,,부산진구,부전동,부전동 야키맨즈,부전동 야키맨즈 
굴렁쇠,한식,051-805-2727,부산광역시 부산진구 부암동 350-22,부산광역시 부산진구 백양순환로 151 (부암동),385919.806266218,187248.853988665,영업/정상,,부산진구,부암동,부암동 굴렁쇠,부암동 굴렁쇠 051-805-2727
비비큐부암점,호프/통닭,051-802-3678,부산광역시 부산진구 부암동 467-3,"부산광역시 부산진구 백양순환로 115, 1층 (부암동)",385753.906824874,187567.625495451,영업/정상,,부산진구,부암동,부암동 비비큐부암점,부암동 비비큐부암점 051-802-3678
기리,한식,05108040801,부산광역시 부산진구 부전동 142-12 덕명빌딩,"부산광역시 부산진구 서전로 11, 덕명빌딩 1층 (부전동)",387715.704735931,186252.826211983,영업/정상,,부산진구,부전동,부전동 기리,부전동 기리 05108040801
꿀꿀이 대패파삼 전포점,한식,051-8048211,부산광역시 부산진구 전포동 316-220 화목빌라,"부산광역시 부산진구 진남로 372, 지하1층 (전포동, 화목빌라)",388640.950743846,186273.440501602,영업/정상,,부산진구,전포동,전포동 꿀꿀이 대패파삼 전포점,전포동 꿀꿀이 대패파삼 전포점 051-8048211
대박터진돈까스,기타,051-8925328,부산광역시 부산진구 개금동 53-3번지 (주공복합상가 지하1층11호),"부산광역시 부산진구 백양관문로 3 (개금동,(주공복합상가 지하1층11호))",385002.870304631,186361.24583842,영업/정상,,부산진구,개금동,개금동 대박터진돈까스,개금동 대박터진돈까스 051-8925328
나들목,한식,,부산광역시 부산진구 전포동 192-5 (1층),"부산광역시 부산진구 동성로 107 (전포동,(1층))",388272.701213234,186453.640857425,영업/정상,,부산진구,전포동,전포동 나들목,전포동 나들목 
더포,기타,051-803-1265,부산광역시 부산진구 부전동 537-9번지 센트럴스타 상가동 103호일부(지상1층),"부산광역시 부산진구 중앙대로666번길 50 (부전동,센트럴스타 상가동 103호일부(지상1층))",387748.383011444,185533.437357236,영업/정상,,부산진구,부전동,부전동 더포,부전동 더포 051-803-1265
명가조방낙지,기타,051-932-5945,부산광역시 부산진구 부전동 537-9 더샾센트럴스타 상가동 비203호,"부산광역시 부산진구 중앙대로666번길 50, 상가동 지하2층 비203호 (부전동, 더샾센트럴스타)",387748.383011444,185533.437357236,영업/정상,,부산진구,부전동,부전동 명가조방낙지,부전동 명가조방낙지 051-932-5945
하이오,분식,,부산광역시 부산진구 부전동 232-33번지 (1층),"부산광역시 부산진구 중앙대로 679-5 (부전동,(1층))",387528.447508058,185739.084081032,영업/정상,,부산진구,부전동,부전동 하이오,부전동 하이오 
김실력숙성횟집,횟집,,부산광역시 부산진구 부전동 160-8번지,"부산광역시 부산진구 서전로10번길 36, 1층 (부전동)",387610.434305468,186071.582645088,영업/정상,,부산진구,부전동,부전동 김실력숙성횟집,부전동 김실력숙성횟집 
파스타리프,기타,,부산광역시 부산진구 전포동 164-5,"부산광역시 부산진구 중앙대로824번길 12, 지상1층 (전포동)",388178.328758963,186957.195449287,영업/정상,,부산진구,전포동,전포동 파스타리프,전포동 파스타리프 
태광정밀,경양식,,부산광역시 부산진구 전포동 638-15,"부산광역시 부산진구 서전로47번길 42, 지상1층 (전포동)",388077.714603473,186447.728744009,영업/정상,,부산진구,전포동,전포동 태광정밀,전포동 태광정밀 
백천식당,한식,051-8917534,부산광역시 부산진구 가야동 361-41번지 (송정타워101)호,"부산광역시 부산진구 엄광로 256 (가야동,(송정타워101)호)",385693.143701717,185675.854099225,영업/정상,,부산진구,가야동,가야동 백천식당,가야동 백천식당 051-8917534
오복미역(조방점),한식,,부산광역시 부산진구 범천동 839-32번지,"부산광역시 부산진구 자유평화로3번길 14-21, 1층 (범천동)",387840.784137093,184510.669756505,영업/정상,,부산진구,범천동,범천동 오복미역(조방점),범천동 오복미역(조방점) 
두근돼지,한식,051-9272777,부산광역시 부산진구 전포동 196-17번지,"부산광역시 부산진구 전포대로256번길 14, 1층 (전포동)",388199.973941726,186415.119656629,영업/정상,,부산진구,전포동,전포동 두근돼지,전포동 두근돼지 051-9272777
칸다소바서면점,일식,,부산광역시 부산진구 부전동 144-1번지,"부산광역시 부산진구 동천로 105, 1층 (부전동)",387822.716263267,186277.694026152,영업/정상,,부산진구,부전동,부전동 칸다소바서면점,부전동 칸다소바서면점 
명륜진사갈비당감점,식육(숯불구이),051-8976178,부산광역시 부산진구 당감동 258-10번지,"부산광역시 부산진구 당감로 25-1, 지상2층 (당감동)",385737.696564137,186876.335881082,영업/정상,,부산진구,당감동,당감동 명륜진사갈비당감점,당감동 명륜진사갈비당감점 051-8976178
노메럴,한식,051-991-8016,부산광역시 부산진구 전포동 339-1,"부산광역시 부산진구 서전로68번길 64, 1층 (전포동)",388289.350065764,185923.365776674,영업/정상,,부산진구,전포동,전포동 노메럴,전포동 노메럴 051-991-8016
서면백정,식육(숯불구이),051-8099233,부산광역시 부산진구 부전동 187-10,"부산광역시 부산진구 중앙대로680번가길 29, 1층 (부전동)",387698.534735506,185894.214604555,영업/정상,,부산진구,부전동,부전동 서면백정,부전동 서면백정 051-8099233
죽이야기범내골점,한식,051-638-6233,부산광역시 부산진구 범천동 854-2 범내골역 이즈팰리스,"부산광역시 부산진구 황령대로18번길 22, 지상1층 102호 (범천동, 범내골역 이즈팰리스)",387762.113298105,185058.674186918,영업/정상,,부산진구,범천동,범천동 죽이야기범내골점,범천동 죽이야기범내골점 051-638-6233
윤식당,한식,,부산광역시 부산진구 범천동 1643번지 범일역풍림아이원,"부산광역시 부산진구 범일로154번길 33, 지하1층 B1053~B1055호 (범천동, 범일역풍림아이원)",387758.905527561,184731.35167587,영업/정상,,부산진구,범천동,범천동 윤식당,범천동 윤식당 
스시가게,김밥(도시락),051-8092009,부산광역시 부산진구 부암동 504,부산광역시 부산진구 당감서로 88 (부암동),385499.224741133,187372.93950869,영업/정상,,부산진구,부암동,부암동 스시가게,부암동 스시가게 051-8092009
삼오정,한식,,부산광역시 부산진구 부전동 257-15,"부산광역시 부산진구 서면로68번길 11, 1,2,3층 (부전동)",387491.431137793,186096.966229151,영업/정상,,부산진구,부전동,부전동 삼오정,부전동 삼오정 
(주)오매족서면본점,기타,051-808-0492,부산광역시 부산진구 부전동 220-7 (1층),"부산광역시 부산진구 중앙대로680번길 45-5 (부전동,(1층))",387789.598369027,185787.946072739,영업/정상,,부산진구,부전동,부전동 (주)오매족서면본점,부전동 (주)오매족서면본점 051-808-0492
구도로통닭 서면점,식육(숯불구이),051-804-8141,부산광역시 부산진구 부전동 168-148 지상1층,"부산광역시 부산진구 서전로10번길 41-1, 지상1층 (부전동)",387643.531731809,186052.122260769,영업/정상,,부산진구,부전동,부전동 구도로통닭 서면점,부전동 구도로통닭 서면점 051-804-8141
역행,식육(숯불구이),051-803-0309,부산광역시 부산진구 전포동 313-13,부산광역시 부산진구 서전로58번길 59 (전포동),388208.570850871,185947.234822196,영업/정상,,부산진구,전포동,전포동 역행,전포동 역행 051-803-0309
대박삼겹살,식육(숯불구이),051892-0907,부산광역시 부산진구 당감동 777-3번지 외1필지,"부산광역시 부산진구 백양순환로57번길 6, 1층 (당감동)",385191.122765641,187565.507344674,영업/정상,,부산진구,당감동,당감동 대박삼겹살,당감동 대박삼겹살 051892-0907
지코바숯불치킨전포점,통닭(치킨),051-8099927,부산광역시 부산진구 전포동 308-22,부산광역시 부산진구 전포대로210번길 27 (전포동),388277.394306294,185992.902035086,영업/정상,,부산진구,전포동,전포동 지코바숯불치킨전포점,전포동 지코바숯불치킨전포점 051-8099927
감로정,호프/통닭,051-8051112,부산광역시 부산진구 초읍동 280-1 외1필지 송림맨션 101호,"부산광역시 부산진구 초읍천로108번길 26 (초읍동,외1필지 송림맨션 101호)",386339.08692802,188726.671487759,영업/정상,,부산진구,초읍동,초읍동 감로정,초읍동 감로정 051-8051112
하대승담양갈비 가야점,식육(숯불구이),051-8953392,부산광역시 부산진구 가야동 56-2,부산광역시 부산진구 가야대로 597 (가야동),385548.398327258,185908.029905193,영업/정상,,부산진구,가야동,가야동 하대승담양갈비 가야점,가야동 하대승담양갈비 가야점 051-8953392
밥상,한식,051-8068889,부산광역시 부산진구 부전동 232-45번지 지상1층,"부산광역시 부산진구 중앙대로 673, 지상1층 (부전동)",387542.14889012,185672.443623722,영업/정상,,부산진구,부전동,부전동 밥상,부전동 밥상 051-8068889
파전애빠지다,한식,051-9229768,부산광역시 부산진구 가야동 382-20번지,"부산광역시 부산진구 엄광로 263-11, 1층 (가야동)",385651.968257422,185756.767183014,영업/정상,,부산진구,가야동,가야동 파전애빠지다,가야동 파전애빠지다 051-9229768
요달의찜닭본점,한식,,부산광역시 부산진구 개금동 154-1,"부산광역시 부산진구 가야대로507번길 11, 1층 (개금동)",384688.158247375,185750.075844927,영업/정상,,부산진구,개금동,개금동 요달의찜닭본점,개금동 요달의찜닭본점 
밥이보약,한식,,"부산광역시 부산진구 전포동 686-1번지 더블루2 1층, 102,103호","부산광역시 부산진구 서전로38번길 65, 더블루2 1층 102,103호 (전포동)",388017.982184788,185904.127058654,영업/정상,,부산진구,전포동,전포동 밥이보약,전포동 밥이보약 
팔미엔,중국식,,부산광역시 부산진구 전포동 691-1번지,"부산광역시 부산진구 서전로38번길 76, 지상1층 (전포동)",387985.830038131,185857.410742466,영업/정상,,부산진구,전포동,전포동 팔미엔,전포동 팔미엔 
불막열삼,식육(숯불구이),,"부산광역시 부산진구 범천동 944-1번지 범천경남아파트 108동 102호,107호","부산광역시 부산진구 신암로 32, 108동 1층 102,107호 (범천동, 범천경남아파트)",387342.484315275,184826.229442868,영업/정상,,부산진구,범천동,범천동 불막열삼,범천동 불막열삼 
까사델아로즈,기타,,부산광역시 부산진구 전포동 334-9,"부산광역시 부산진구 전포대로210번길 48, 지상1층 101호 (전포동)",388379.931158353,185975.424547018,영업/정상,,부산진구,전포동,전포동 까사델아로즈,전포동 까사델아로즈 
한산도,횟집,,부산광역시 부산진구 개금동 57 우성아파트,"부산광역시 부산진구 백양대로208번길 38-25, 상가1층 15호 (개금동, 우성아파트)",384741.016804634,186563.406585561,영업/정상,,부산진구,개금동,개금동 한산도,개금동 한산도 
큐브,경양식,051-817-7717,부산광역시 부산진구 부전동 172-6 지상4층,"부산광역시 부산진구 중앙대로692번길 33, 지상4층 (부전동)",387738.117686491,185888.730908556,영업/정상,,부산진구,부전동,부전동 큐브,부전동 큐브 051-817-7717
빠레뜨한남서면카페거리점,경양식,,부산광역시 부산진구 전포동 684-3,"부산광역시 부산진구 전포대로209번길 39-3, 지상1층 (전포동)",387922.701033101,185951.247012047,영업/정상,,부산진구,전포동,전포동 빠레뜨한남서면카페거리점,전포동 빠레뜨한남서면카페거리점 
줌마푸드,호프/통닭,,부산광역시 부산진구 부암동 133-48,"부산광역시 부산진구 신천대로 202-1, 1층 (부암동)",386762.053195092,186451.189812401,영업/정상,,부산진구,부암동,부암동 줌마푸드,부암동 줌마푸드 
봉이양곱창,식육(숯불구이),,부산광역시 부산진구 양정동 388-2,"부산광역시 부산진구 거제대로60번길 24, 굿모닝뷰 1층 102호 (양정동)",388395.404992003,187976.257674685,영업/정상,,부산진구,양정동,양정동 봉이양곱창,양정동 봉이양곱창 
스시마이우,일식,,부산광역시 부산진구 전포동 677-15번지,"부산광역시 부산진구 전포대로209번길 20, 지상1층 (전포동)",388013.840431822,185986.058615351,영업/정상,,부산진구,전포동,전포동 스시마이우,전포동 스시마이우 
성수,중국식,,부산광역시 부산진구 전포동 661-6번지,"부산광역시 부산진구 서전로37번길 19-1, 지하1층 (전포동)",387953.617853776,186347.295259843,영업/정상,,부산진구,전포동,전포동 성수,전포동 성수 
더라운지앤드바,경양식,051-8105410,부산광역시 부산진구 부전동 503-15,"부산광역시 부산진구 가야대로 772, 롯데호텔 2층 (부전동)",387271.299492377,186099.137533193,영업/정상,,부산진구,부전동,부전동 더라운지앤드바,부전동 더라운지앤드바 051-8105410
나주곰탕,탕류(보신용),,부산광역시 부산진구 연지동 37-24번지,"부산광역시 부산진구 성지로14번길 51, 1층 (연지동)",387399.301944787,187861.558091219,영업/정상,,부산진구,연지동,연지동 나주곰탕,연지동 나주곰탕 
청년다방엔씨서면점,분식,,부산광역시 부산진구 전포동 668-1,"부산광역시 부산진구 동천로 92, 지상6층 (전포동)",387920.292113406,186157.316240541,영업/정상,,부산진구,전포동,전포동 청년다방엔씨서면점,전포동 청년다방엔씨서면점 
무해한사이,"외국음식전문점(인도,태국등)",,부산광역시 부산진구 전포동 203-5,"부산광역시 부산진구 동성로87번길 14, 지상1층 (전포동)",388309.637862485,186303.046240108,영업/정상,,부산진구,전포동,전포동 무해한사이,전포동 무해한사이 
이가분식,분식,,부산광역시 부산진구 개금동 171-41번지,"부산광역시 부산진구 가야대로482번길 9, 1층 (개금동)",384446.335190429,185585.166327348,영업/정상,,부산진구,개금동,개금동 이가분식,개금동 이가분식 
더블링,경양식,,부산광역시 부산진구 전포동 671-13번지 전포동 근생및주택,"부산광역시 부산진구 서전로46번길 26, 전포동 근생및주택 지상1층 (전포동)",388066.171648603,186111.110394695,영업/정상,,부산진구,전포동,전포동 더블링,전포동 더블링 
쿠키,경양식,051-8947327,부산광역시 부산진구 당감동 305-38번지 외1필지,"부산광역시 부산진구 당감로 47 (당감동,외1필지)",385693.902604164,187085.353685652,영업/정상,,부산진구,당감동,당감동 쿠키,당감동 쿠키 051-8947327
색(色),한식,051-8096797,부산광역시 부산진구 부전동 534-18번지 (2층),"부산광역시 부산진구 서면로 14 (부전동,(2층))",387473.63732724,185569.630193542,영업/정상,,부산진구,부전동,부전동 색(色),부전동 색(色) 051-8096797
부전수구레국밥,한식,051-8093068,부산광역시 부산진구 부전동 262-5번지,부산광역시 부산진구 중앙대로743번길 19 (부전동),387542.980888037,186415.712547984,영업/정상,,부산진구,부전동,부전동 부전수구레국밥,부전동 부전수구레국밥 051-8093068
팔구제면소 서면직영점,한식,051-819-9919,부산광역시 부산진구 부전동 168-7,부산광역시 부산진구 중앙대로680번가길 79 (부전동),387725.24922191,186148.050880603,영업/정상,,부산진구,부전동,부전동 팔구제면소 서면직영점,부전동 팔구제면소 서면직영점 051-819-9919
현대경양식,경양식,051-8095559,부산광역시 부산진구 부전동 267-18,부산광역시 부산진구 중앙대로 755 (부전동),387682.128641278,186482.634922662,영업/정상,,부산진구,부전동,부전동 현대경양식,부전동 현대경양식 051-8095559
이삭토스트,기타,051-816-0430,부산광역시 부산진구 부전동 486-30번지 1층,"부산광역시 부산진구 가야대로 779-2, 1층 (부전동)",387356.167037592,186239.544981915,영업/정상,,부산진구,부전동,부전동 이삭토스트,부전동 이삭토스트 051-816-0430
더진국서면점,호프/통닭,051-807-3450,부산광역시 부산진구 부전동 170-21 지상1층,"부산광역시 부산진구 중앙대로692번길 51, 지상1층 (부전동)",387826.809283182,185885.980440661,영업/정상,,부산진구,부전동,부전동 더진국서면점,부전동 더진국서면점 051-807-3450
우뚝화로구이,식육(숯불구이),051-8956562,부산광역시 부산진구 당감동 393-35,부산광역시 부산진구 동평로 70 (당감동),385533.660268707,186996.004209807,영업/정상,,부산진구,당감동,당감동 우뚝화로구이,당감동 우뚝화로구이 051-8956562
왔따네 푸드,식육(숯불구이),,부산광역시 부산진구 부암동 80-70,"부산광역시 부산진구 새싹로 89-10, 2층 (부암동)",386951.902936564,187002.868952328,영업/정상,,부산진구,부암동,부암동 왔따네 푸드,부암동 왔따네 푸드 
카페 길 서면점,한식,,부산광역시 부산진구 부전동 417-21,"부산광역시 부산진구 가야대로755번길 42, 1층 (부전동)",387101.906579989,186424.414005574,영업/정상,,부산진구,부전동,부전동 카페 길 서면점,부전동 카페 길 서면점 
라운지,기타,,부산광역시 부산진구 전포동 671-11번지,"부산광역시 부산진구 전포대로223번길 10-1, 지하1층 (전포동)",388055.550775075,186123.815660351,영업/정상,,부산진구,전포동,전포동 라운지,전포동 라운지 
주공식당,한식,051-8977521,부산광역시 부산진구 개금동 53-2번지,"부산광역시 부산진구 백양대로208번길 23, 상가동 1층 103호 (개금동)",384618.412295685,186328.837165311,영업/정상,,부산진구,개금동,개금동 주공식당,개금동 주공식당 051-8977521
펍,기타,,부산광역시 부산진구 부전동 168-451번지,"부산광역시 부산진구 중앙대로702번길 43, 3층 (부전동)",387772.924812945,186000.085967975,영업/정상,,부산진구,부전동,부전동 펍,부전동 펍 
일월애,한식,051-3420100,부산광역시 부산진구 전포동 192-8,"부산광역시 부산진구 전포대로256번길 15, 1층 (전포동)",388212.016573669,186433.648797776,영업/정상,,부산진구,전포동,전포동 일월애,전포동 일월애 051-3420100
유가네닭갈비 시민공원점,한식,,부산광역시 부산진구 연지동 340-7,"부산광역시 부산진구 새싹로 170, 2층 (연지동)",386691.720711356,187719.736788291,영업/정상,,부산진구,연지동,연지동 유가네닭갈비 시민공원점,연지동 유가네닭갈비 시민공원점 
바로닭발 양정점,한식,,부산광역시 부산진구 양정동 391-4,"부산광역시 부산진구 중앙대로909번길 30-1, 1층 (양정동)",388471.194169795,187887.808886566,영업/정상,,부산진구,양정동,양정동 바로닭발 양정점,양정동 바로닭발 양정점 
삼원칼국수,분식,,부산광역시 부산진구 부전동 469-1,"부산광역시 부산진구 가야대로765번길 27, 1층 (부전동)",387187.792422003,186364.57039941,영업/정상,,부산진구,부전동,부전동 삼원칼국수,부전동 삼원칼국수 
피자알볼로 개금당감점,경양식,,부산광역시 부산진구 가야동 136-47,"부산광역시 부산진구 가야대로 525, 1층 (가야동)",384857.062238594,185733.699437131,영업/정상,,부산진구,가야동,가야동 피자알볼로 개금당감점,가야동 피자알볼로 개금당감점 
야무진한끼,한식,,부산광역시 부산진구 개금동 371-22,"부산광역시 부산진구 개금본동로17번길 32, 1층 (개금동)",384293.054780647,186195.79242471,영업/정상,,부산진구,개금동,개금동 야무진한끼,개금동 야무진한끼 
몸부림,기타,,부산광역시 부산진구 전포동 307-10,"부산광역시 부산진구 서전로58번길 37, 지상2층 (전포동)",388205.156049402,186054.966231999,영업/정상,,부산진구,전포동,전포동 몸부림,전포동 몸부림 
조방면옥,분식,,부산광역시 부산진구 범천동 839-32번지 소망빌딩,"부산광역시 부산진구 자유평화로3번길 14-21, 소망빌딩 지상1층 103호 (범천동)",387840.784137093,184510.669756505,영업/정상,,부산진구,범천동,범천동 조방면옥,범천동 조방면옥 
조선의옛날통닭 가야점,통닭(치킨),,부산광역시 부산진구 가야동 495-5,"부산광역시 부산진구 엄광로 127, 1층 (가야동)",384824.056826392,185073.457489963,영업/정상,,부산진구,가야동,가야동 조선의옛날통닭 가야점,가야동 조선의옛날통닭 가야점 
웰빙하우스,한식,051-8041425,부산광역시 부산진구 양정동 95-70,"부산광역시 부산진구 연수로 12-3, 1층 (양정동)",388764.595984398,187978.903007103,영업/정상,,부산진구,양정동,양정동 웰빙하우스,양정동 웰빙하우스 051-8041425
우성갈비화로구이,식육(숯불구이),051-8175432,부산광역시 부산진구 범전동 212-55번지,부산광역시 부산진구 새싹로 86 (범전동),387064.650802324,186983.823969409,영업/정상,,부산진구,범전동,범전동 우성갈비화로구이,범전동 우성갈비화로구이 051-8175432
브라더 직화 배달삼겹 진구직영점,한식,051-898-2380,부산광역시 부산진구 당감동 515-6 브라더직화삼겹배달,"부산광역시 부산진구 동평로 2, 상가1동 (당감동, 당감동원빌라)",384970.715832,186772.837506466,영업/정상,,부산진구,당감동,당감동 브라더 직화 배달삼겹 진구직영점,당감동 브라더 직화 배달삼겹 진구직영점 051-898-2380
한방왕족발,호프/통닭,051-8076125,부산광역시 부산진구 초읍동 281-19,부산광역시 부산진구 새싹로 271 (초읍동),386422.472753725,188698.046432852,영업/정상,,부산진구,초읍동,초읍동 한방왕족발,초읍동 한방왕족발 051-8076125
누마루,분식,051-891-9092,부산광역시 부산진구 개금동 480-12,부산광역시 부산진구 백양대로313번길 5 (개금동),383772.836548492,185719.905995495,영업/정상,,부산진구,개금동,개금동 누마루,개금동 누마루 051-891-9092
사보이,호프/통닭,,부산광역시 부산진구 부전동 168-129번지 (1층),"부산광역시 부산진구 서전로10번길 23, 1층 (부전동)",387664.962175613,186109.792248149,영업/정상,,부산진구,부전동,부전동 사보이,부전동 사보이 
용이네탕슉,중국식,,부산광역시 부산진구 부전동 168-429번지 지상1층,"부산광역시 부산진구 동천로85번길 18, 지상1층 (부전동)",387758.817922954,186077.399937411,영업/정상,,부산진구,부전동,부전동 용이네탕슉,부전동 용이네탕슉 
블루,기타,051-8928295,부산광역시 부산진구 가야동 596-11,부산광역시 부산진구 가야공원로 32-2 (가야동),384893.273401532,185366.875491441,영업/정상,,부산진구,가야동,가야동 블루,가야동 블루 051-8928295
거누광장 서면점,식육(숯불구이),051-817-0815,부산광역시 부산진구 부전동 153-4 1층,"부산광역시 부산진구 동천로95번길 24, 1층 (부전동)",387719.249212989,186182.368399807,영업/정상,,부산진구,부전동,부전동 거누광장 서면점,부전동 거누광장 서면점 051-817-0815
마선생 마약국밥 서면점,중국식,,부산광역시 부산진구 전포동 591-17,부산광역시 부산진구 동성로 132 (전포동),388045.56597667,186587.325353976,영업/정상,,부산진구,전포동,전포동 마선생 마약국밥 서면점,전포동 마선생 마약국밥 서면점 
삼겹파티 전포점,한식,051-804-2124,부산광역시 부산진구 전포동 178-25,"부산광역시 부산진구 동성로118번길 16, 105-106호 (전포동)",388191.304842719,186594.297538603,영업/정상,,부산진구,전포동,전포동 삼겹파티 전포점,전포동 삼겹파티 전포점 051-804-2124
청마루,한식,,부산광역시 부산진구 양정동 350-7번지,부산광역시 부산진구 중앙대로910번길 13 (양정동),388583.15876435,187729.02821622,영업/정상,,부산진구,양정동,양정동 청마루,양정동 청마루 
오백당,기타,,부산광역시 부산진구 부전동 535-3,"부산광역시 부산진구 신천대로62번길 28, 지하1층 (부전동)",387519.18617245,185583.959331816,영업/정상,,부산진구,부전동,부전동 오백당,부전동 오백당 
쏘쏘데이(sosoday),기타,051-897-6500,부산광역시 부산진구 당감동 305-12,"부산광역시 부산진구 당감로50번길 9, 1층 (당감동)",385740.363728813,187130.00147971,영업/정상,,부산진구,당감동,당감동 쏘쏘데이(sosoday),당감동 쏘쏘데이(sosoday) 051-897-6500
승승푸드,식육(숯불구이),,부산광역시 부산진구 개금동 177-218 풍신빌라,"부산광역시 부산진구 복지로13번길 16, 1층 101호 (개금동, 풍신빌라)",384115.427408801,185503.796594952,영업/정상,,부산진구,개금동,개금동 승승푸드,개금동 승승푸드 
함박상회,경양식,,부산광역시 부산진구 전포동 691-1,"부산광역시 부산진구 서전로38번길 76, 지상1층 (전포동)",387985.830038131,185857.410742466,영업/정상,,부산진구,전포동,전포동 함박상회,전포동 함박상회 
전주집,한식,051-8685033,부산광역시 부산진구 양정동 78-9,"부산광역시 부산진구 양지로5번길 76, 1층 (양정동)",388700.552671529,187882.542539026,영업/정상,,부산진구,양정동,양정동 전주집,양정동 전주집 051-8685033
경아네분식,분식,,부산광역시 부산진구 당감동 818-60번지,"부산광역시 부산진구 가야대로703번길 14, 1층 (당감동)",386575.396054027,186210.508512853,영업/정상,,부산진구,당감동,당감동 경아네분식,당감동 경아네분식 
롶속,기타,,부산광역시 부산진구 전포동 683-18,"부산광역시 부산진구 전포대로199번길 40-7, 지하1층 (전포동)",387904.515578027,185908.194514948,영업/정상,,부산진구,전포동,전포동 롶속,전포동 롶속 
진주대반점,중국식,,부산광역시 부산진구 당감동 495-9 무궁화아파트 170동 101호,"부산광역시 부산진구 당감로17번길 90, 107동 101호 (당감동, 무궁화아파트)",385323.726674055,186705.375143922,영업/정상,,부산진구,당감동,당감동 진주대반점,당감동 진주대반점 
철계점횟집,횟집,051-8963977,부산광역시 부산진구 개금동 177-133번지,부산광역시 부산진구 복지로13번길 44 (개금동),384254.016773953,185512.788471959,영업/정상,,부산진구,개금동,개금동 철계점횟집,개금동 철계점횟집 051-8963977
명문정,한식,051-8026645,부산광역시 부산진구 부전동 347-26번지 (1층),"부산광역시 부산진구 부전로152번길 27 (부전동,(1층))",387468.474610197,186593.632921185,영업/정상,,부산진구,부전동,부전동 명문정,부전동 명문정 051-8026645
도매횟집,횟집,051-893-1347,부산광역시 부산진구 당감동 303-14번지,부산광역시 부산진구 동평로 103-4 (당감동),385854.643375766,187117.324482257,영업/정상,,부산진구,당감동,당감동 도매횟집,당감동 도매횟집 051-893-1347
설빙 서면점,기타,,부산광역시 부산진구 부전동 215-1번지 (2층),"부산광역시 부산진구 중앙대로692번길 26 (부전동,(2층))",387699.505795178,185852.133404393,영업/정상,,부산진구,부전동,부전동 설빙 서면점,부전동 설빙 서면점 
본스시,일식,051-891-3199,부산광역시 부산진구 당감동 751-12번지 (2층),"부산광역시 부산진구 당감서로 79, 2층 (당감동)",385486.625580255,187261.407185845,영업/정상,,부산진구,당감동,당감동 본스시,당감동 본스시 051-891-3199
김밥천국서면에이원점,분식,051-9333688,부산광역시 부산진구 부전동 229번지,"부산광역시 부산진구 중앙대로 668, 1층 110호 (부전동)",387598.777340921,185636.701047663,영업/정상,,부산진구,부전동,부전동 김밥천국서면에이원점,부전동 김밥천국서면에이원점 051-9333688
본정 해장국,식육(숯불구이),,부산광역시 부산진구 양정동 116-18 (1층),"부산광역시 부산진구 연수로 56 (양정동,(1층))",389149.237853759,188174.675787708,영업/정상,,부산진구,양정동,양정동 본정 해장국,양정동 본정 해장국 
거창횟집,횟집,051-645-0203,부산광역시 부산진구 범천동 842-14번지,부산광역시 부산진구 중앙번영로20번길 23 (범천동),387812.953256366,184690.6801508,영업/정상,,부산진구,범천동,범천동 거창횟집,범천동 거창횟집 051-645-0203
동방축산 전포점,일식,051-807-0084,부산광역시 부산진구 전포동 181-1 대우리오빌2  101호,"부산광역시 부산진구 전포대로 274 (전포동,대우리오빌2  101호)",388153.839025721,186593.504685927,영업/정상,,부산진구,전포동,전포동 동방축산 전포점,전포동 동방축산 전포점 051-807-0084
늘푸른,한식,,부산광역시 부산진구 개금동 554-26,부산광역시 부산진구 복지로41번길 3 (개금동),384065.472502976,185248.939145276,영업/정상,,부산진구,개금동,개금동 늘푸른,개금동 늘푸른 
하대승 담양갈비 부전역점,한식,051-808-1238,부산광역시 부산진구 전포동 876-4 에메랄드홈,"부산광역시 부산진구 중앙대로 786, 101동 2층 203,204,205,206호 (전포동, 에메랄드홈)",387908.119183991,186683.255444045,영업/정상,,부산진구,전포동,전포동 하대승 담양갈비 부전역점,전포동 하대승 담양갈비 부전역점 051-808-1238
호맥 초읍점,식육(숯불구이),8031715,부산광역시 부산진구 초읍동 281-5,부산광역시 부산진구 새싹로 269 (초읍동),386422.908422058,188685.503954633,영업/정상,,부산진구,초읍동,초읍동 호맥 초읍점,초읍동 호맥 초읍점 8031715
바다횟집,횟집,051-8959039,부산광역시 부산진구 당감동 238-2,부산광역시 부산진구 백양대로60번길 49 (당감동),385983.081391634,186940.905653239,영업/정상,,부산진구,당감동,당감동 바다횟집,당감동 바다횟집 051-8959039
노모어피자 서면점,경양식,051-8183440,부산광역시 부산진구 전포동 178-17,부산광역시 부산진구 전포대로276번길 20 (전포동),388223.920245177,186628.06772591,영업/정상,,부산진구,전포동,전포동 노모어피자 서면점,전포동 노모어피자 서면점 051-8183440
윕스시청점,경양식,051-8653837,부산광역시 부산진구 양정동 264-4번지,부산광역시 부산진구 중앙대로969번길 10 (양정동),388788.52457768,188314.36827343,영업/정상,,부산진구,양정동,양정동 윕스시청점,양정동 윕스시청점 051-8653837
하루,한식,,부산광역시 부산진구 양정동 254-4번지,부산광역시 부산진구 거제천로 44 (양정동),388668.790703909,188533.744592172,영업/정상,,부산진구,양정동,양정동 하루,양정동 하루 
녹두장군,한식,051-8090290,부산광역시 부산진구 부전동 390-10,부산광역시 부산진구 부전로140번길 25 (부전동),387437.972339745,186578.377765108,영업/정상,,부산진구,부전동,부전동 녹두장군,부전동 녹두장군 051-8090290
우장군,한식,051-8053534,"부산광역시 부산진구 부전동 477-6 (1층,2층)","부산광역시 부산진구 서면문화로5번길 32 (부전동,(1층,2층))",387257.114120185,186292.410927567,영업/정상,,부산진구,부전동,부전동 우장군,부전동 우장군 051-8053534
레스또,경양식,070-75262602,부산광역시 부산진구 범천동 881-9번지,부산광역시 부산진구 범일로131번길 79 (범천동),387529.2224894,184789.004483263,영업/정상,,부산진구,범천동,범천동 레스또,범천동 레스또 070-75262602
갓챠(gotcha),기타,,부산광역시 부산진구 부전동 168-169,"부산광역시 부산진구 중앙대로702번길 27-5, 2층 (부전동)",387688.441613365,185991.498403346,영업/정상,,부산진구,부전동,부전동 갓챠(gotcha),부전동 갓챠(gotcha) 
남해쭈꾸미,기타,051-8921185,부산광역시 부산진구 당감동 393-35번지,부산광역시 부산진구 동평로 70 (당감동),385533.660268707,186996.004209807,영업/정상,,부산진구,당감동,당감동 남해쭈꾸미,당감동 남해쭈꾸미 051-8921185
프렌즈,기타,,부산광역시 부산진구 개금동 503-4번지,부산광역시 부산진구 가야대로 454 (개금동),384151.35171264,185619.512587168,영업/정상,,부산진구,개금동,개금동 프렌즈,개금동 프렌즈 
양정대패본점,식육(숯불구이),051-853-6263,부산광역시 부산진구 양정동 394-20 (1층),"부산광역시 부산진구 거제대로36번길 30, 1층 (양정동)",388438.257652893,187785.189926068,영업/정상,,부산진구,양정동,양정동 양정대패본점,양정동 양정대패본점 051-853-6263
마루돈스텍,경양식,051-862-1050,부산광역시 부산진구 부전동 18 삼정 그린코아 더 시티,"부산광역시 부산진구 중앙대로 797, 삼정 그린코아 더 시티 1층 105호 (부전동)",387894.925599061,186833.649301772,영업/정상,,부산진구,부전동,부전동 마루돈스텍,부전동 마루돈스텍 051-862-1050
부산오뎅집,분식,051-8920004,부산광역시 부산진구 개금동 565-4,부산광역시 부산진구 복지로 65 (개금동),384038.49339259,185005.161139883,영업/정상,,부산진구,개금동,개금동 부산오뎅집,개금동 부산오뎅집 051-8920004
24시대박포차,식육(숯불구이),8091430,부산광역시 부산진구 초읍동 221-7번지,부산광역시 부산진구 성지로 65 (초읍동),387071.516517332,188292.725743036,영업/정상,,부산진구,초읍동,초읍동 24시대박포차,초읍동 24시대박포차 8091430
굽네치킨양정점,통닭(치킨),9008596,부산광역시 부산진구 양정동 389-22,"부산광역시 부산진구 동평로406번길 33, 1층 (양정동)",388427.249482185,187858.542902761,영업/정상,,부산진구,양정동,양정동 굽네치킨양정점,양정동 굽네치킨양정점 9008596
의령,한식,8628237,부산광역시 부산진구 양정동 370-4,부산광역시 부산진구 동평로 416 (양정동),388519.853095162,187952.862136119,영업/정상,,부산진구,양정동,양정동 의령,양정동 의령 8628237
홍's쭈꾸미,경양식,051-8099800,부산광역시 부산진구 부전동 169-2번지 (1층일부),"부산광역시 부산진구 중앙대로702번길 50 (부전동,(1층일부))",387808.638172909,185953.405150235,영업/정상,,부산진구,부전동,부전동 홍's쭈꾸미,부전동 홍's쭈꾸미 051-8099800
노리터,분식,051-818-1269,부산광역시 부산진구 초읍동 288-14 108호,"부산광역시 부산진구 새싹로 272 (초읍동,108호)",386462.90955223,188704.832273771,영업/정상,,부산진구,초읍동,초읍동 노리터,초읍동 노리터 051-818-1269
착한김밥,한식,051-893-4114,부산광역시 부산진구 당감동 738-3 외6필지(화신프라자201호),"부산광역시 부산진구 당감서로 84, 201호 (당감동, 화신프라자)",385544.179921632,187289.073170804,영업/정상,,부산진구,당감동,당감동 착한김밥,당감동 착한김밥 051-893-4114
청도양곱창,한식,051-8061463,부산광역시 부산진구 부전동 524-9번지 (1층일부),"부산광역시 부산진구 중앙대로691번길 45 (부전동,(1층일부))",387318.875938452,185843.774631069,영업/정상,,부산진구,부전동,부전동 청도양곱창,부전동 청도양곱창 051-8061463
태철이네충무김밥,김밥(도시락),051-8949735,부산광역시 부산진구 개금동 57번지 우성아파트상가1호,,384741.016804634,186563.406585561,영업/정상,,부산진구,개금동,개금동 태철이네충무김밥,개금동 태철이네충무김밥 051-8949735
영남관외가야밀면,냉면집,8647427,부산광역시 부산진구 양정동 418-61번지,부산광역시 부산진구 양지로 36 (양정동),388586.753646514,187317.365319254,영업/정상,,부산진구,양정동,양정동 영남관외가야밀면,양정동 영남관외가야밀면 8647427
남성관,중국식,051-8973007,부산광역시 부산진구 당감동 491-21번지,부산광역시 부산진구 백양대로136번길 51 (당감동),385230.318933051,186676.153283379,영업/정상,,부산진구,당감동,당감동 남성관,당감동 남성관 051-8973007
윤가네멸치국수,기타,051-8090031,부산광역시 부산진구 부전동 262-3,부산광역시 부산진구 새싹로8번길 17 (부전동),387553.326612864,186395.687865874,영업/정상,,부산진구,부전동,부전동 윤가네멸치국수,부전동 윤가네멸치국수 051-8090031
한끼맛있다,한식,051-8026094,부산광역시 부산진구 부전동 170-31번지 (2층),"부산광역시 부산진구 중앙대로692번길 49, 2층 (부전동)",387815.652573538,185885.721009786,영업/정상,,부산진구,부전동,부전동 한끼맛있다,부전동 한끼맛있다 051-8026094
그늘촌,분식,051-808-7775,부산광역시 부산진구 부전동 514-1,"부산광역시 부산진구 부전로 57, 2층 (부전동)",387170.668810504,185899.880293904,영업/정상,,부산진구,부전동,부전동 그늘촌,부전동 그늘촌 051-808-7775
S서울깍뚜기,한식,051-816-3950,부산광역시 부산진구 전포동 665-3,부산광역시 부산진구 서전로 49 (전포동),388081.968166613,186288.338142784,영업/정상,,부산진구,전포동,전포동 S서울깍뚜기,전포동 S서울깍뚜기 051-816-3950
풍성돼지국밥,한식,,부산광역시 부산진구 부전동 254-23번지 지상1층,"부산광역시 부산진구 서면로68번길 41, 지상1층 (부전동)",387506.896761169,185934.99554897,영업/정상,,부산진구,부전동,부전동 풍성돼지국밥,부전동 풍성돼지국밥 
수림식당,한식,,부산광역시 부산진구 전포동 198-11번지,"부산광역시 부산진구 서전로67번길 20, 지상1층 (전포동)",388298.403543879,186352.254897108,영업/정상,,부산진구,전포동,전포동 수림식당,전포동 수림식당 
너의계절,경양식,,부산광역시 부산진구 부전동 168-169,"부산광역시 부산진구 중앙대로702번길 27-5, 1층 (부전동)",387688.441613365,185991.498403346,영업/정상,,부산진구,부전동,부전동 너의계절,부전동 너의계절 
서면집,한식,051-8053222,부산광역시 부산진구 부전동 168-329번지 지상2층,"부산광역시 부산진구 동천로85번길 20-6, 지상2층 (부전동)",387746.707673773,186098.434692885,영업/정상,,부산진구,부전동,부전동 서면집,부전동 서면집 051-8053222
이바돔감자탕옥아리가야점,한식,051-8945522,"부산광역시 부산진구 가야동 56-2 외2필지(한신센타뷰2층201-1,201-2,201-3,202호)","부산광역시 부산진구 가야대로 597 (가야동,외2필지(한신센타뷰2층201-1,201-2,201-3,202호))",385548.398327258,185908.029905193,영업/정상,,부산진구,가야동,가야동 이바돔감자탕옥아리가야점,가야동 이바돔감자탕옥아리가야점 051-8945522
마라홀릭 마라탕 가야점,중국식,051-8937943,부산광역시 부산진구 가야동 288-10,"부산광역시 부산진구 가야대로572번길 36, 1층 (가야동)",385316.17853013,185616.24342806,영업/정상,,부산진구,가야동,가야동 마라홀릭 마라탕 가야점,가야동 마라홀릭 마라탕 가야점 051-8937943
벨르경양식,경양식,051-8166766,부산광역시 부산진구 부전동 261-8번지,부산광역시 부산진구 새싹로8번길 3 (부전동),387496.680447336,186361.430891733,영업/정상,,부산진구,부전동,부전동 벨르경양식,부전동 벨르경양식 051-8166766
진가네추어탕,한식,051-8914458,부산광역시 부산진구 당감동 623-2번지,"부산광역시 부산진구 백양순환로 9, 1층 (당감동, 동남주상복합아파트)",385156.650660568,187036.426836868,영업/정상,,부산진구,당감동,당감동 진가네추어탕,당감동 진가네추어탕 051-8914458
수복포차,한식,051-5432805,부산광역시 부산진구 범천동 873-52번지,부산광역시 부산진구 중앙대로 611-1 (범천동),387497.572523295,185049.62440423,영업/정상,,부산진구,범천동,범천동 수복포차,범천동 수복포차 051-5432805
가야뒷고기,한식,,부산광역시 부산진구 가야동 264-15번지,부산광역시 부산진구 가야대로588번길 28 (가야동),385379.836395804,185736.925646935,영업/정상,,부산진구,가야동,가야동 가야뒷고기,가야동 가야뒷고기 
공가포차,한식,051-808-5255,부산광역시 부산진구 부전동 406-51 (1층),"부산광역시 부산진구 부전로 114 (부전동,(1층))",387155.453336783,186488.416763407,영업/정상,,부산진구,부전동,부전동 공가포차,부전동 공가포차 051-808-5255
주막껍,식육(숯불구이),051-8039091,부산광역시 부산진구 부전동 168-324번지 (1층일부),"부산광역시 부산진구 동천로85번길 10 (부전동,(1층일부))",387792.610581153,186077.626227367,영업/정상,,부산진구,부전동,부전동 주막껍,부전동 주막껍 051-8039091
정가,식육(숯불구이),051-8979295,부산광역시 부산진구 가야동 263-3,"부산광역시 부산진구 가야대로588번길 34, 스위트캐슬상가 1층 106,107호 (가야동)",385351.225657044,185732.943668512,영업/정상,,부산진구,가야동,가야동 정가,가야동 정가 051-8979295
초원,분식,051-8911122,부산광역시 부산진구 개금동 173-2번지,부산광역시 부산진구 가야공원로14번길 85 (개금동),384446.171036305,185517.63789838,영업/정상,,부산진구,개금동,개금동 초원,개금동 초원 051-8911122
샾 호프,중국식,0518039277,부산광역시 부산진구 부전동 262-5 (2층),"부산광역시 부산진구 중앙대로743번길 19, 2층 (부전동)",387542.980888037,186415.712547984,영업/정상,,부산진구,부전동,부전동 샾 호프,부전동 샾 호프 0518039277
동명식당,한식,,부산광역시 부산진구 부전동 515-40번지,부산광역시 부산진구 부전로 58 (부전동),387193.622662541,185945.950077625,영업/정상,,부산진구,부전동,부전동 동명식당,부전동 동명식당 
이춘봉인생치킨,호프/통닭,051-8089991,부산광역시 부산진구 부전동 517-70번지 (2층),"부산광역시 부산진구 가야대로784번길 43 (부전동,(2층))",387402.26324171,185975.905890044,영업/정상,,부산진구,부전동,부전동 이춘봉인생치킨,부전동 이춘봉인생치킨 051-8089991
당감밀면,분식,051-8960177,부산광역시 부산진구 당감동 175-2번지 삼익아파트상가 18동 106호,"부산광역시 부산진구 당감로 5, 18동 106호 (당감동, 삼익아파트상가)",385699.435124042,186652.915622764,영업/정상,,부산진구,당감동,당감동 당감밀면,당감동 당감밀면 051-8960177
본죽&비빔밥 부산개금점,기타,051-893-8577,부산광역시 부산진구 개금동 618-11,"부산광역시 부산진구 엄광로 34, 지상1층 (개금동)",383991.273265805,185079.766243097,영업/정상,,부산진구,개금동,개금동 본죽&비빔밥 부산개금점,개금동 본죽&비빔밥 부산개금점 051-893-8577
짜칼,기타,051-8989656,부산광역시 부산진구 가야동 271-13,"부산광역시 부산진구 대학로 10-13, 2층 (가야동)",385513.902245166,185802.891469196,영업/정상,,부산진구,가야동,가야동 짜칼,가야동 짜칼 051-8989656
맥주를구한피자,경양식,,부산광역시 부산진구 가야동 457-7번지,"부산광역시 부산진구 가야대로552번길 129, 2층 (가야동)",385293.302053321,185126.910195311,영업/정상,,부산진구,가야동,가야동 맥주를구한피자,가야동 맥주를구한피자 
산동만두,분식,,부산광역시 부산진구 양정동 342-33번지,"부산광역시 부산진구 중앙대로928번길 38, 1층 (양정동)",388748.217526781,187771.756921161,영업/정상,,부산진구,양정동,양정동 산동만두,양정동 산동만두 
저스트텐동 전리단길점,일식,,부산광역시 부산진구 전포동 680-4,"부산광역시 부산진구 서전로38번길 43-3, 지상1층 (전포동)",388011.775411509,186028.51690793,영업/정상,,부산진구,전포동,전포동 저스트텐동 전리단길점,전포동 저스트텐동 전리단길점 
천탁,한식,,부산광역시 부산진구 부전동 168-76 1층,"부산광역시 부산진구 중앙대로680번가길 61, 1층 (부전동)",387702.988606548,186058.760581535,영업/정상,,부산진구,부전동,부전동 천탁,부전동 천탁 
몽짬뽕,중국식,051-8936623,부산광역시 부산진구 개금동 540-54번지,"부산광역시 부산진구 엄광로44번길 6, 2층 (개금동)",384103.688593937,185058.868128219,영업/정상,,부산진구,개금동,개금동 몽짬뽕,개금동 몽짬뽕 051-8936623
바보스,경양식,8068844,"부산광역시 부산진구 부전동 524-2 외2필지, 지상2층","부산광역시 부산진구 중앙대로691번길 49, 지상2층 (부전동)",387304.500984597,185840.662054236,영업/정상,,부산진구,부전동,부전동 바보스,부전동 바보스 8068844
해성막창집서면점,식육(숯불구이),,부산광역시 부산진구 부전동 524-18,"부산광역시 부산진구 중앙대로691번길 55, 1층 (부전동)",387273.823822869,185836.770575664,영업/정상,,부산진구,부전동,부전동 해성막창집서면점,부전동 해성막창집서면점 
축복식당,한식,051-892-5233,부산광역시 부산진구 가야동 618-3번지,부산광역시 부산진구 가야대로510번길 32 (가야동),384735.744650818,185495.925549791,영업/정상,,부산진구,가야동,가야동 축복식당,가야동 축복식당 051-892-5233
묵은지돼지김치찌개,한식,051-8040011,부산광역시 부산진구 부전동 517-70번지,부산광역시 부산진구 가야대로784번길 43 (부전동),387402.26324171,185975.905890044,영업/정상,,부산진구,부전동,부전동 묵은지돼지김치찌개,부전동 묵은지돼지김치찌개 051-8040011
바사삭치킨,식육(숯불구이),051-6341702,부산광역시 부산진구 범천동 844-78,부산광역시 부산진구 골드테마길 48 (범천동),387677.839476833,184683.60580739,영업/정상,,부산진구,범천동,범천동 바사삭치킨,범천동 바사삭치킨 051-6341702
금주,기타,051-818-3092,부산광역시 부산진구 부전동 168-345번지 (1층일부),"부산광역시 부산진구 동천로85번길 15 (부전동,(1층일부))",387763.291103802,186059.017689224,영업/정상,,부산진구,부전동,부전동 금주,부전동 금주 051-818-3092
두끼떡볶이(서면점),분식,,부산광역시 부산진구 부전동 198-7번지,"부산광역시 부산진구 중앙대로680번길 25, 2층 (부전동)",387706.831024054,185764.727228717,영업/정상,,부산진구,부전동,부전동 두끼떡볶이(서면점),부전동 두끼떡볶이(서면점) 
서면통닭,호프/통닭,,부산광역시 부산진구 부전동 263-26,"부산광역시 부산진구 새싹로8번길 27, 1층 (부전동)",387577.289822238,186422.883624465,영업/정상,,부산진구,부전동,부전동 서면통닭,부전동 서면통닭 
부산장진우식당,한식,,부산광역시 부산진구 당감동 67-3번지,"부산광역시 부산진구 가야대로703번길 39, 1층 (당감동)",386579.951561966,186327.798882873,영업/정상,,부산진구,당감동,당감동 부산장진우식당,당감동 부산장진우식당 
순심당,호프/통닭,,부산광역시 부산진구 가야동 663-9,"부산광역시 부산진구 가야대로482번길 94, 1층 (가야동)",384383.058929411,185178.563479834,영업/정상,,부산진구,가야동,가야동 순심당,가야동 순심당 
차려진 숯불구이,한식,051-809-2719,부산광역시 부산진구 부암동 221-7번지,"부산광역시 부산진구 백양대로18번길 54, 2층 (부암동)",386354.663961302,186954.994089286,영업/정상,,부산진구,부암동,부암동 차려진 숯불구이,부암동 차려진 숯불구이 051-809-2719
원조개금밀면(동천점),한식,07046324847,부산광역시 부산진구 전포동 887-1,"부산광역시 부산진구 동천로 30, 1층 (전포동)",387878.07484545,185515.898471643,영업/정상,,부산진구,전포동,전포동 원조개금밀면(동천점),전포동 원조개금밀면(동천점) 07046324847
바른족발,한식,,부산광역시 부산진구 가야동 594-10,"부산광역시 부산진구 가야공원로 29, 1층 (가야동)",384925.503058336,185390.827640636,영업/정상,,부산진구,가야동,가야동 바른족발,가야동 바른족발 
신(辛)양평해장국(&)뼈다귀해장국,한식,,부산광역시 부산진구 부전동 198-13,"부산광역시 부산진구 신천대로50번길 62, 1층 (부전동)",387647.557360385,185762.912128415,영업/정상,,부산진구,부전동,부전동 신(辛)양평해장국(&)뼈다귀해장국,부전동 신(辛)양평해장국(&)뼈다귀해장국 
대창인생,경양식,,부산광역시 부산진구 전포동 689-32,"부산광역시 부산진구 서전로46번길 81, 지상1층 (전포동)",388091.635526632,185823.425354421,영업/정상,,부산진구,전포동,전포동 대창인생,전포동 대창인생 
고성죽집,분식,051-8025945,부산광역시 부산진구 부전동 272-1,부산광역시 부산진구 새싹로8번길 69 (부전동),387696.08948899,186608.587538626,영업/정상,,부산진구,부전동,부전동 고성죽집,부전동 고성죽집 051-8025945
중화가정부산서면엔씨점,중국식,,부산광역시 부산진구 전포동 668-1번지,"부산광역시 부산진구 동천로 92, 지상6층 (전포동)",387920.292113406,186157.316240541,영업/정상,,부산진구,전포동,전포동 중화가정부산서면엔씨점,전포동 중화가정부산서면엔씨점 
육선(전포점),일식,07073588538,부산광역시 부산진구 전포동 198-3번지,"부산광역시 부산진구 전포대로246번길 37, 지상1층 (전포동)",388328.879430418,186345.845982876,영업/정상,,부산진구,전포동,전포동 육선(전포점),전포동 육선(전포점) 07073588538
79대포 부산양정점,기타,,부산광역시 부산진구 양정동 354-34,"부산광역시 부산진구 양지로5번길 20-3, 1,2층 (양정동)",388538.171242696,187648.535600956,영업/정상,,부산진구,양정동,양정동 79대포 부산양정점,양정동 79대포 부산양정점 
롯데컬처웍스(주)롯데시네마서면,기타,07074653982,부산광역시 부산진구 전포동 668-1,"부산광역시 부산진구 동천로 92, 지상6층 (전포동)",387920.292113406,186157.316240541,영업/정상,,부산진구,전포동,전포동 롯데컬처웍스(주)롯데시네마서면,전포동 롯데컬처웍스(주)롯데시네마서면 07074653982
범천대가(大哥),한식,,부산광역시 부산진구 범천동 839-30,"부산광역시 부산진구 자유평화로 21-10, 1층 101호 (범천동)",387888.098037854,184474.987686036,영업/정상,,부산진구,범천동,범천동 범천대가(大哥),범천동 범천대가(大哥) 
코티지피,기타,,부산광역시 부산진구 전포동 673-23번지,"부산광역시 부산진구 전포대로223번길 14-2, 지상1층 (전포동)",388043.562516081,186149.370310319,영업/정상,,부산진구,전포동,전포동 코티지피,전포동 코티지피 
소소공원,경양식,,부산광역시 부산진구 전포동 663-9,"부산광역시 부산진구 동천로108번길 41, 지상1층 33호 (전포동)",388055.172899541,186310.970592972,영업/정상,,부산진구,전포동,전포동 소소공원,전포동 소소공원 
맛있는 미수다,분식,070-41016729,부산광역시 부산진구 부암동 722-3번지 골든박스 301호,"부산광역시 부산진구 백양산로54번길 3, 골든박스 3층 301호 (부암동)",384958.595783129,187977.94791185,영업/정상,,부산진구,부암동,부암동 맛있는 미수다,부암동 맛있는 미수다 070-41016729
낭만식당,분식,,부산광역시 부산진구 전포동 334-1,"부산광역시 부산진구 동성로 55, 지상1 일부층 (전포동)",388389.645200095,185975.71477398,영업/정상,,부산진구,전포동,전포동 낭만식당,전포동 낭만식당 
부전시장흑염소,식육(숯불구이),,부산광역시 부산진구 부전동 272-33번지,"부산광역시 부산진구 중앙대로769번길 23, 1층 (부전동)",387657.595501976,186638.599646065,영업/정상,,부산진구,부전동,부전동 부전시장흑염소,부전동 부전시장흑염소 
에노떼까구스토,경양식,,부산광역시 부산진구 전포동 663-9번지,"부산광역시 부산진구 동천로108번길 41, 지상1층 43,44호 (전포동)",388055.172899541,186310.970592972,영업/정상,,부산진구,전포동,전포동 에노떼까구스토,전포동 에노떼까구스토 
중간층,한식,,부산광역시 부산진구 부전동 168-382번지,"부산광역시 부산진구 동천로95번길 9-1, 2층 (부전동)",387792.029082941,186156.402924851,영업/정상,,부산진구,부전동,부전동 중간층,부전동 중간층 
형제초밥,일식,051-8032727,부산광역시 부산진구 부암동 98-4번지,"부산광역시 부산진구 시민공원로 40, 지상1층 (부암동)",387058.958943864,186879.294098347,영업/정상,,부산진구,부암동,부암동 형제초밥,부암동 형제초밥 051-8032727
용이네가마솥짬뽕,중국식,,부산광역시 부산진구 전포동 344-10번지,"부산광역시 부산진구 서전로58번길 91, 지상1층 (전포동)",388212.438415354,185793.54766203,영업/정상,,부산진구,전포동,전포동 용이네가마솥짬뽕,전포동 용이네가마솥짬뽕 
곱창우,식육(숯불구이),051-896-8080,부산광역시 부산진구 당감동 393-42번지,"부산광역시 부산진구 당감서로 48-1, 1층 (당감동)",385526.72369465,186971.614367395,영업/정상,,부산진구,당감동,당감동 곱창우,당감동 곱창우 051-896-8080
이리오너라주막,한식,051-8641907,부산광역시 부산진구 양정동 361-19번지,"부산광역시 부산진구 양지로11번길 4, 2층 (양정동)",388515.777115811,187532.752558909,영업/정상,,부산진구,양정동,양정동 이리오너라주막,양정동 이리오너라주막 051-8641907
나탄약선요리,한식,,부산광역시 부산진구 초읍동 331-46번지,"부산광역시 부산진구 성지곡로51번길 4, 1층 (초읍동)",386513.088891254,189465.21010069,영업/정상,,부산진구,초읍동,초읍동 나탄약선요리,초읍동 나탄약선요리 
기찬마리,한식,,부산광역시 부산진구 부전동 417-7번지 대박힐링,"부산광역시 부산진구 부전로95번길 6, 1층 103호 (부전동, 대박힐링)",387129.258386717,186337.181516044,영업/정상,,부산진구,부전동,부전동 기찬마리,부전동 기찬마리 
슬림푸드,기타,,부산광역시 부산진구 부암동 746 서면동일파크스위트 3차 상가동1동 102호,"부산광역시 부산진구 동평로 162, 상가1동 1층 102호 (부암동, 서면동일파크스위트 3차)",386443.082710801,186982.262716528,영업/정상,,부산진구,부암동,부암동 슬림푸드,부암동 슬림푸드 
고성장어,한식,051-8972213,부산광역시 부산진구 개금동 208-22번지,부산광역시 부산진구 백양대로 259 (개금동),384274.005756156,185922.328750922,영업/정상,,부산진구,개금동,개금동 고성장어,개금동 고성장어 051-8972213
한끼,식육(숯불구이),051-893-8303,부산광역시 부산진구 가야동 50-21 (1층),"부산광역시 부산진구 가야대로 629-1, 1층 (가야동)",385877.68138226,185973.097072425,영업/정상,,부산진구,가야동,가야동 한끼,가야동 한끼 051-893-8303
신흥관,중국식,051-8940834,부산광역시 부산진구 개금동 171-62,부산광역시 부산진구 냉정로 211 (개금동),384260.104802796,185405.005753888,영업/정상,,부산진구,개금동,개금동 신흥관,개금동 신흥관 051-8940834
홈플러스(주)서면점,경양식,051-6051000,부산광역시 부산진구 전포동 891-38 외 2필지 홈플러스B2001호,"부산광역시 부산진구 동천로 4 (전포동,외 2필지 홈플러스B2001호)",388095.097363087,185326.192499392,영업/정상,,부산진구,전포동,전포동 홈플러스(주)서면점,전포동 홈플러스(주)서면점 051-6051000
79파운야드(서면학원가점),기타,,부산광역시 부산진구 부전동 220-6,"부산광역시 부산진구 중앙대로680번길 45, 1층 (부전동)",387789.959512399,185769.404732819,영업/정상,,부산진구,부전동,부전동 79파운야드(서면학원가점),부전동 79파운야드(서면학원가점) 
멕시칸치킨,통닭(치킨),051-8055780,부산광역시 부산진구 범전동 406-5 외1필지,"부산광역시 부산진구 새싹로58번길 7 (범전동,외1필지)",387225.436218473,186767.866163513,영업/정상,,부산진구,범전동,범전동 멕시칸치킨,범전동 멕시칸치킨 051-8055780
보스라이브,경양식,051-817-4895,부산광역시 부산진구 초읍동 245-1 (6층),"부산광역시 부산진구 초읍천로 113 (초읍동,(6층))",386337.262796697,188893.57741231,영업/정상,,부산진구,초읍동,초읍동 보스라이브,초읍동 보스라이브 051-817-4895
자연밥상,한식,051-8180870,부산광역시 부산진구 부암동 80-18번지,부산광역시 부산진구 새싹로 93 (부암동),386967.310564944,187022.107344252,영업/정상,,부산진구,부암동,부암동 자연밥상,부암동 자연밥상 051-8180870
낭만짚불구이(서면점),식육(숯불구이),051-8033123,부산광역시 부산진구 부전동 168-192 지상1층,"부산광역시 부산진구 서전로10번길 45, 지상1층 (부전동)",387642.014454016,186015.231710436,영업/정상,,부산진구,부전동,부전동 낭만짚불구이(서면점),부전동 낭만짚불구이(서면점) 051-8033123
옛날보리밥,한식,,부산광역시 부산진구 개금동 177-155,부산광역시 부산진구 냉정로 197 (개금동),384139.213815629,185366.018309186,영업/정상,,부산진구,개금동,개금동 옛날보리밥,개금동 옛날보리밥 
디디씨(DDC)치킨개금점,통닭(치킨),051-891-6465,부산광역시 부산진구 개금동 615-17번지 (1층),"부산광역시 부산진구 엄광로 19, 1층 (개금동)",383853.342961705,185112.281575032,영업/정상,,부산진구,개금동,개금동 디디씨(DDC)치킨개금점,개금동 디디씨(DDC)치킨개금점 051-891-6465
명성회초밥,기타,051-8097712,부산광역시 부산진구 부전동 477-22,부산광역시 부산진구 부전로96번길 34-8 (부전동),387305.370677152,186297.863628916,영업/정상,,부산진구,부전동,부전동 명성회초밥,부전동 명성회초밥 051-8097712
수림식당,한식,,부산광역시 부산진구 양정동 352-16번지,부산광역시 부산진구 양지로5번길 51 (양정동),388601.832792813,187795.708909103,영업/정상,,부산진구,양정동,양정동 수림식당,양정동 수림식당 
두루두루한끼,한식,051-8530780,부산광역시 부산진구 양정동 350-162번지 (1층),"부산광역시 부산진구 양지로5번길 58 (양정동,(1층))",388633.230401613,187815.217767095,영업/정상,,부산진구,양정동,양정동 두루두루한끼,양정동 두루두루한끼 051-8530780
광진갈비,한식,051-8064886,부산광역시 부산진구 초읍동 279-1번지,부산광역시 부산진구 새싹로265번길 15 (초읍동),386371.214836154,188614.44838409,영업/정상,,부산진구,초읍동,초읍동 광진갈비,초읍동 광진갈비 051-8064886
가야골추어탕,한식,,부산광역시 부산진구 가야동 506-6번지,,,,영업/정상,,부산진구,가야동,가야동 가야골추어탕,가야동 가야골추어탕 
청운돈까스,기타,051-892-3824,부산광역시 부산진구 가야동 149-2번지,부산광역시 부산진구 냉정로253번길 26 (가야동),384778.709726187,185492.452635464,영업/정상,,부산진구,가야동,가야동 청운돈까스,가야동 청운돈까스 051-892-3824
샵도쿄시장 서면점,식육(숯불구이),051-8030934,부산광역시 부산진구 부전동 168-55 지상1층,"부산광역시 부산진구 동천로85번길 34, 지상1층 (부전동)",387693.925703485,186112.995714839,영업/정상,,부산진구,부전동,부전동 샵도쿄시장 서면점,부전동 샵도쿄시장 서면점 051-8030934
김해뒷고기,한식,8975527,부산광역시 부산진구 당감동 480-15 무궁화@ 123동 상가4호,"부산광역시 부산진구 당감로17번길 90, 123동 상가4호 (당감동,무궁화@)",385413.836722115,186807.528762456,영업/정상,,부산진구,당감동,당감동 김해뒷고기,당감동 김해뒷고기 8975527
연화초밥,일식,,부산광역시 부산진구 당감동 623-2번지 동남주상복합@동 101호,"부산광역시 부산진구 백양순환로 9, 동남주상복합@동 101호 (당감동)",385156.650660568,187036.426836868,영업/정상,,부산진구,당감동,당감동 연화초밥,당감동 연화초밥 
태진숯불갈비,한식,051-8025783,부산광역시 부산진구 전포동 635-1번지 (1층),"부산광역시 부산진구 동성로 133 (전포동,(1층))",388035.825935203,186547.305858628,영업/정상,,부산진구,전포동,전포동 태진숯불갈비,전포동 태진숯불갈비 051-8025783
지코바치킨(신개금점),호프/통닭,051-895-5545,부산광역시 부산진구 개금동 19-2 현대아파트상가,"부산광역시 부산진구 개금본동로 36, 현대아파트상가 104동 102,103호 (개금동)",384219.26542912,186418.353179034,영업/정상,,부산진구,개금동,개금동 지코바치킨(신개금점),개금동 지코바치킨(신개금점) 051-895-5545
소천식당,한식,051807-7881,부산광역시 부산진구 초읍동 293-21번지,부산광역시 부산진구 초읍천로108번길 18 (초읍동),386327.777434494,188771.931608698,영업/정상,,부산진구,초읍동,초읍동 소천식당,초읍동 소천식당 051807-7881
풍성한퓨전요리,분식,8092505,부산광역시 부산진구 초읍동 204-3번지,부산광역시 부산진구 성지로 105 (초읍동),386866.215318397,188617.280841384,영업/정상,,부산진구,초읍동,초읍동 풍성한퓨전요리,초읍동 풍성한퓨전요리 8092505
진지한고깃집,한식,,부산광역시 부산진구 가야동 394-6번지 (1층),"부산광역시 부산진구 대학로 49, 1층 (가야동)",385400.311743621,185469.926118524,영업/정상,,부산진구,가야동,가야동 진지한고깃집,가야동 진지한고깃집 
경성설렁탕,탕류(보신용),051-6341212,부산광역시 부산진구 범천동 1298-100,"부산광역시 부산진구 신암로 5-1, 1층 (범천동)",387280.88182533,184524.118617721,영업/정상,,부산진구,범천동,범천동 경성설렁탕,범천동 경성설렁탕 051-6341212
온정,식육(숯불구이),,부산광역시 부산진구 당감동 362-4 외2필지,"부산광역시 부산진구 동평로 63 (당감동,외2필지)",385469.447143746,187022.905826851,영업/정상,,부산진구,당감동,당감동 온정,당감동 온정 
분식휴게소,분식,051-8925804,부산광역시 부산진구 개금동 171-143,부산광역시 부산진구 냉정로 225 (개금동),384406.981486288,185434.43944263,영업/정상,,부산진구,개금동,개금동 분식휴게소,개금동 분식휴게소 051-8925804
수미추어탕,일식,,부산광역시 부산진구 연지동 177-9,"부산광역시 부산진구 연지로 6, 1,2층 (연지동)",386747.195800809,187629.113258942,영업/정상,,부산진구,연지동,연지동 수미추어탕,연지동 수미추어탕 
제주가,기타,,부산광역시 부산진구 부전동 516-33 (1층),"부산광역시 부산진구 부전로66번길 36 (부전동,(1층))",387335.762049151,186006.803776482,영업/정상,,부산진구,부전동,부전동 제주가,부전동 제주가 
오븐에꾸운닭,통닭(치킨),051-805-5992,부산광역시 부산진구 연지동 353-1번지 세동한신아파트 107동 103호,부산광역시 부산진구 새싹로 189 (연지동),386594.96272205,187829.194708004,영업/정상,,부산진구,연지동,연지동 오븐에꾸운닭,연지동 오븐에꾸운닭 051-805-5992
소미돈까스개금점,기타,,부산광역시 부산진구 개금동 523-75번지 101호일부,"부산광역시 부산진구 복지로 25, 101(일부)호 (개금동, 동양캐슬)",384037.552718971,185384.746928499,영업/정상,,부산진구,개금동,개금동 소미돈까스개금점,개금동 소미돈까스개금점 
이디야서면태화점,경양식,051-806-3395,부산광역시 부산진구 부전동 190-2 지상2층,"부산광역시 부산진구 서전로10번길 71, 지상2층 (부전동)",387637.57792109,185890.324359865,영업/정상,,부산진구,부전동,부전동 이디야서면태화점,부전동 이디야서면태화점 051-806-3395
옥싸롱,기타,07073439292,부산광역시 부산진구 개금동 53-6번지 번지(일반상가동3호),"부산광역시 부산진구 백양관문로 25-9 (개금동,번지(일반상가동3호))",384938.482550309,186558.34843914,영업/정상,,부산진구,개금동,개금동 옥싸롱,개금동 옥싸롱 07073439292
포코 아 포코 커피,분식,051-892-3553,부산광역시 부산진구 가야동 459-16 (이화맨션상가 1층일부),"부산광역시 부산진구 엄광로 166, 1층 (가야동, (이화맨션상가))",385187.350386047,185044.450746179,영업/정상,,부산진구,가야동,가야동 포코 아 포코 커피,가야동 포코 아 포코 커피 051-892-3553
영심이 왕족발,식육(숯불구이),051-852-1027,부산광역시 부산진구 양정동 370-17번지,부산광역시 부산진구 거제대로60번길 47 (양정동),388502.256768797,187939.063071178,영업/정상,,부산진구,양정동,양정동 영심이 왕족발,양정동 영심이 왕족발 051-852-1027
까선생퓨전포차,기타,,부산광역시 부산진구 당감동 480-13 번지(무궁화아파트122동 상가1호),"부산광역시 부산진구 당감로17번길 90 (당감동,번지(무궁화아파트122동 상가1호))",385409.007421312,186826.531141818,영업/정상,,부산진구,당감동,당감동 까선생퓨전포차,당감동 까선생퓨전포차 
시골된장갈비,식육(숯불구이),051-897-3002,부산광역시 부산진구 개금동 617-22번지 번지(1층일부),"부산광역시 부산진구 가야대로424번길 91 (개금동,번지(1층일부))",383891.579056593,185123.221710934,영업/정상,,부산진구,개금동,개금동 시골된장갈비,개금동 시골된장갈비 051-897-3002
술#79,기타,,부산광역시 부산진구 초읍동 288-6 번지(2층),"부산광역시 부산진구 새싹로 274-1 (초읍동,번지(2층))",386440.10693554,188739.754014187,영업/정상,,부산진구,초읍동,초읍동 술#79,초읍동 술#79 
대원식당,한식,051-819-9841,부산광역시 부산진구 초읍동 206-58,"부산광역시 부산진구 성지로137번길 102, 1층 (초읍동)",386934.637473959,188476.695964771,영업/정상,,부산진구,초읍동,초읍동 대원식당,초읍동 대원식당 051-819-9841
도가,기타,051-895-1255,부산광역시 부산진구 당감동 794번지 백양푸른채,"부산광역시 부산진구 백양산로53번길 84, 백양푸른채 백양푸른채 상가동 2층 201호 (당감동)",384561.358373245,187790.607863418,영업/정상,,부산진구,당감동,당감동 도가,당감동 도가 051-895-1255
황금이,한식,051-805-0341,부산광역시 부산진구 전포동 196-5번지 (1층일부),"부산광역시 부산진구 서전로67번길 29 (전포동,(1층일부))",388273.889308811,186395.495627505,영업/정상,,부산진구,전포동,전포동 황금이,전포동 황금이 051-805-0341
어징오&횟집,횟집,051-804-5044,부산광역시 부산진구 부전동 403-9 (1층),"부산광역시 부산진구 부전로 130-8 (부전동,(1층))",387257.410721803,186570.704212542,영업/정상,,부산진구,부전동,부전동 어징오&횟집,부전동 어징오&횟집 051-804-5044
남다른썬치킨 초읍자이점,통닭(치킨),,부산광역시 부산진구 초읍동 271-7 (1층),"부산광역시 부산진구 새싹로 199 (초읍동,(1층))",386589.963863768,188002.196398506,영업/정상,,부산진구,초읍동,초읍동 남다른썬치킨 초읍자이점,초읍동 남다른썬치킨 초읍자이점 
구이일번지,식육(숯불구이),051-925-9293,부산광역시 부산진구 당감동 797-6번지 번지(1층:103호),"부산광역시 부산진구 당감서로 171 (당감동,번지(1층:103호))",384779.450976572,187680.901699544,영업/정상,,부산진구,당감동,당감동 구이일번지,당감동 구이일번지 051-925-9293
김밥대통령(아여사),호프/통닭,051-895-7848,부산광역시 부산진구 당감동 810-1 번지(모던프라자104호일부),"부산광역시 부산진구 백양관문로 106 (당감동,번지(모던프라자104호일부))",384687.812296708,187331.993722561,영업/정상,,부산진구,당감동,당감동 김밥대통령(아여사),당감동 김밥대통령(아여사) 051-895-7848
초원가든,한식,051-806-8878,부산광역시 부산진구 부전동 514-1 지상1층,"부산광역시 부산진구 부전로 57, 지상1층 (부전동)",387170.668810504,185899.880293904,영업/정상,,부산진구,부전동,부전동 초원가든,부전동 초원가든 051-806-8878
평강한방오리,한식,051-809-6649,부산광역시 부산진구 당감동 269-8번지 번지(1층),"부산광역시 부산진구 당감로34번길 18 (당감동,번지(1층))",385819.305356194,186973.926717223,영업/정상,,부산진구,당감동,당감동 평강한방오리,당감동 평강한방오리 051-809-6649
밀양돼지국밥,식육(숯불구이),051-891-0079,부산광역시 부산진구 개금동 184-26번지,,384503.579413931,185618.634235841,영업/정상,,부산진구,개금동,개금동 밀양돼지국밥,개금동 밀양돼지국밥 051-891-0079
신기한꽃게장개금점,식육(숯불구이),,부산광역시 부산진구 개금동 201-6 번지(1층일부),"부산광역시 부산진구 가야대로 475 (개금동,번지(1층일부))",384362.848527126,185689.129624773,영업/정상,,부산진구,개금동,개금동 신기한꽃게장개금점,개금동 신기한꽃게장개금점 
소가기가막혀,기타,051-809-0051,부산광역시 부산진구 부전동 516-61,"부산광역시 부산진구 부전로66번길 24-5, 지상1,2층 (부전동)",387282.449270907,185989.484646727,영업/정상,,부산진구,부전동,부전동 소가기가막혀,부전동 소가기가막혀 051-809-0051
서면밀면,분식,051-817-2812,부산광역시 부산진구 전포동 667-16번지 이오스프라자 102호,"부산광역시 부산진구 서전로 25 (전포동,이오스프라자 102호)",387863.716121828,186257.507509754,영업/정상,,부산진구,전포동,전포동 서면밀면,전포동 서면밀면 051-817-2812
가츠모토본점,일식,051-892-8000,부산광역시 부산진구 개금동 1-20,"부산광역시 부산진구 백양관문로77번길 41, 4층 (개금동)",384676.627461258,186885.257027002,영업/정상,,부산진구,개금동,개금동 가츠모토본점,개금동 가츠모토본점 051-892-8000
원조합성얼큰이,기타,051-807-1503,부산광역시 부산진구 양정동 360-19,"부산광역시 부산진구 진남로 497, 1층 (양정동)",388555.504528729,187450.223893896,영업/정상,,부산진구,양정동,양정동 원조합성얼큰이,양정동 원조합성얼큰이 051-807-1503
