,restaurant_name,ansim,naver_cat_review,naver_cat_count,cat_people
0,가야동세연정,없음,"""음식이 맛있어요""",이 키워드를 선택한 인원472,(636명 참여)
1,가야동세연정,없음,"""매장이 넓어요""",이 키워드를 선택한 인원192,(636명 참여)
2,가야동세연정,없음,"""주차하기 편해요""",이 키워드를 선택한 인원175,(636명 참여)
3,가야동세연정,없음,"""단체모임 하기 좋아요""",이 키워드를 선택한 인원168,(636명 참여)
4,가야동세연정,없음,"""친절해요""",이 키워드를 선택한 인원153,(636명 참여)
5,가야동세연정,없음,"""재료가 신선해요""",이 키워드를 선택한 인원90,(636명 참여)
6,가야동세연정,없음,"""양이 많아요""",이 키워드를 선택한 인원88,(636명 참여)
7,가야동세연정,없음,"""매장이 청결해요""",이 키워드를 선택한 인원63,(636명 참여)
8,가야동세연정,없음,"""가성비가 좋아요""",이 키워드를 선택한 인원59,(636명 참여)
9,가야동세연정,없음,"""특별한 날 가기 좋아요""",이 키워드를 선택한 인원54,(636명 참여)
10,가야동세연정,없음,"""화장실이 깨끗해요""",이 키워드를 선택한 인원40,(636명 참여)
11,가야동세연정,없음,"""특별한 메뉴가 있어요""",이 키워드를 선택한 인원37,(636명 참여)
12,가야동세연정,없음,"""인테리어가 멋져요""",이 키워드를 선택한 인원34,(636명 참여)
13,가야동세연정,없음,"""혼밥하기 좋아요""",이 키워드를 선택한 인원12,(636명 참여)
14,가야동세연정,없음,"""뷰가 좋아요""",이 키워드를 선택한 인원8,(636명 참여)
15,가야동세연정,없음,"""음식이 빨리 나와요""",이 키워드를 선택한 인원2,(636명 참여)
16,가야동세연정,없음,"""좌석이 편해요""",이 키워드를 선택한 인원1,(636명 참여)
17,가야동세연정,없음,"""잡내가 적어요""",이 키워드를 선택한 인원1,(636명 참여)
18,가야동세연정,없음,"""기본 안주가 좋아요""",이 키워드를 선택한 인원1,(636명 참여)
19,가야동세연정,없음,"""건강한 맛이에요""",이 키워드를 선택한 인원1,(636명 참여)
20,개금동강원삼계탕,안심식당,"""음식이 맛있어요""",이 키워드를 선택한 인원119,(117명 참여)
21,개금동강원삼계탕,안심식당,"""친절해요""",이 키워드를 선택한 인원24,(117명 참여)
22,개금동강원삼계탕,안심식당,"""양이 많아요""",이 키워드를 선택한 인원22,(117명 참여)
23,개금동강원삼계탕,안심식당,"""매장이 청결해요""",이 키워드를 선택한 인원21,(117명 참여)
24,개금동강원삼계탕,안심식당,"""매장이 넓어요""",이 키워드를 선택한 인원20,(117명 참여)
25,개금동강원삼계탕,안심식당,"""재료가 신선해요""",이 키워드를 선택한 인원18,(117명 참여)
26,개금동강원삼계탕,안심식당,"""단체모임 하기 좋아요""",이 키워드를 선택한 인원12,(117명 참여)
27,개금동강원삼계탕,안심식당,"""특별한 메뉴가 있어요""",이 키워드를 선택한 인원11,(117명 참여)
28,개금동강원삼계탕,안심식당,"""가성비가 좋아요""",이 키워드를 선택한 인원8,(117명 참여)
29,개금동강원삼계탕,안심식당,"""고기 질이 좋아요""",이 키워드를 선택한 인원6,(117명 참여)
30,개금동강원삼계탕,안심식당,"""혼밥하기 좋아요""",이 키워드를 선택한 인원5,(117명 참여)
31,개금동강원삼계탕,안심식당,"""주차하기 편해요""",이 키워드를 선택한 인원5,(117명 참여)
32,개금동강원삼계탕,안심식당,"""화장실이 깨끗해요""",이 키워드를 선택한 인원5,(117명 참여)
33,개금동강원삼계탕,안심식당,"""특별한 날 가기 좋아요""",이 키워드를 선택한 인원3,(117명 참여)
34,개금동강원삼계탕,안심식당,"""뷰가 좋아요""",이 키워드를 선택한 인원2,(117명 참여)
35,개금동강원삼계탕,안심식당,"""인테리어가 멋져요""",이 키워드를 선택한 인원1,(117명 참여)
36,당감동일품정가,안심식당,"""음식이 맛있어요""",이 키워드를 선택한 인원65,(87명 참여)
37,당감동일품정가,안심식당,"""가성비가 좋아요""",이 키워드를 선택한 인원26,(87명 참여)
38,당감동일품정가,안심식당,"""양이 많아요""",이 키워드를 선택한 인원21,(87명 참여)
39,당감동일품정가,안심식당,"""친절해요""",이 키워드를 선택한 인원13,(87명 참여)
40,당감동일품정가,안심식당,"""매장이 넓어요""",이 키워드를 선택한 인원13,(87명 참여)
41,당감동일품정가,안심식당,"""재료가 신선해요""",이 키워드를 선택한 인원11,(87명 참여)
42,당감동일품정가,안심식당,"""단체모임 하기 좋아요""",이 키워드를 선택한 인원11,(87명 참여)
43,당감동일품정가,안심식당,"""혼밥하기 좋아요""",이 키워드를 선택한 인원5,(87명 참여)
44,당감동일품정가,안심식당,"""주차하기 편해요""",이 키워드를 선택한 인원4,(87명 참여)
45,당감동일품정가,안심식당,"""특별한 날 가기 좋아요""",이 키워드를 선택한 인원4,(87명 참여)
46,당감동일품정가,안심식당,"""특별한 메뉴가 있어요""",이 키워드를 선택한 인원4,(87명 참여)
47,당감동일품정가,안심식당,"""고기 질이 좋아요""",이 키워드를 선택한 인원3,(87명 참여)
48,당감동일품정가,안심식당,"""매장이 청결해요""",이 키워드를 선택한 인원3,(87명 참여)
49,당감동일품정가,안심식당,"""화장실이 깨끗해요""",이 키워드를 선택한 인원2,(87명 참여)
50,당감동일품정가,안심식당,"""인테리어가 멋져요""",이 키워드를 선택한 인원1,(87명 참여)
51,당감동일품정가,안심식당,"""직접 잘 구워줘요""",이 키워드를 선택한 인원1,(87명 참여)
52,당감동일품정가,안심식당,"""뷰가 좋아요""",이 키워드를 선택한 인원1,(87명 참여)
53,당감동공감식당,안심식당,"""음식이 맛있어요""",이 키워드를 선택한 인원354,(311명 참여)
54,당감동공감식당,안심식당,"""친절해요""",이 키워드를 선택한 인원124,(311명 참여)
55,당감동공감식당,안심식당,"""가성비가 좋아요""",이 키워드를 선택한 인원71,(311명 참여)
56,당감동공감식당,안심식당,"""재료가 신선해요""",이 키워드를 선택한 인원49,(311명 참여)
57,당감동공감식당,안심식당,"""매장이 청결해요""",이 키워드를 선택한 인원40,(311명 참여)
58,당감동공감식당,안심식당,"""직접 잘 구워줘요""",이 키워드를 선택한 인원36,(311명 참여)
59,당감동공감식당,안심식당,"""고기 질이 좋아요""",이 키워드를 선택한 인원35,(311명 참여)
60,당감동공감식당,안심식당,"""양이 많아요""",이 키워드를 선택한 인원30,(311명 참여)
61,당감동공감식당,안심식당,"""특별한 메뉴가 있어요""",이 키워드를 선택한 인원27,(311명 참여)
62,당감동공감식당,안심식당,"""주차하기 편해요""",이 키워드를 선택한 인원26,(311명 참여)
63,당감동공감식당,안심식당,"""매장이 넓어요""",이 키워드를 선택한 인원25,(311명 참여)
64,당감동공감식당,안심식당,"""단체모임 하기 좋아요""",이 키워드를 선택한 인원25,(311명 참여)
65,당감동공감식당,안심식당,"""특별한 날 가기 좋아요""",이 키워드를 선택한 인원12,(311명 참여)
66,당감동공감식당,안심식당,"""인테리어가 멋져요""",이 키워드를 선택한 인원8,(311명 참여)
67,당감동공감식당,안심식당,"""화장실이 깨끗해요""",이 키워드를 선택한 인원7,(311명 참여)
68,당감동공감식당,안심식당,"""혼밥하기 좋아요""",이 키워드를 선택한 인원5,(311명 참여)
69,당감동공감식당,안심식당,"""뷰가 좋아요""",이 키워드를 선택한 인원2,(311명 참여)
70,당감동공감식당,안심식당,"""아이와 가기 좋아요""",이 키워드를 선택한 인원1,(311명 참여)
71,당감동공감식당,안심식당,"""메뉴 구성이 알차요""",이 키워드를 선택한 인원1,(311명 참여)
72,당감동백양돼지국밥,안심식당,"""음식이 맛있어요""",이 키워드를 선택한 인원386,(306명 참여)
73,당감동백양돼지국밥,안심식당,"""친절해요""",이 키워드를 선택한 인원102,(306명 참여)
74,당감동백양돼지국밥,안심식당,"""매장이 넓어요""",이 키워드를 선택한 인원94,(306명 참여)
75,당감동백양돼지국밥,안심식당,"""양이 많아요""",이 키워드를 선택한 인원89,(306명 참여)
76,당감동백양돼지국밥,안심식당,"""혼밥하기 좋아요""",이 키워드를 선택한 인원80,(306명 참여)
77,당감동백양돼지국밥,안심식당,"""재료가 신선해요""",이 키워드를 선택한 인원70,(306명 참여)
78,당감동백양돼지국밥,안심식당,"""가성비가 좋아요""",이 키워드를 선택한 인원57,(306명 참여)
79,당감동백양돼지국밥,안심식당,"""주차하기 편해요""",이 키워드를 선택한 인원53,(306명 참여)
80,당감동백양돼지국밥,안심식당,"""단체모임 하기 좋아요""",이 키워드를 선택한 인원33,(306명 참여)
81,당감동백양돼지국밥,안심식당,"""매장이 청결해요""",이 키워드를 선택한 인원28,(306명 참여)
82,당감동백양돼지국밥,안심식당,"""특별한 메뉴가 있어요""",이 키워드를 선택한 인원16,(306명 참여)
83,당감동백양돼지국밥,안심식당,"""인테리어가 멋져요""",이 키워드를 선택한 인원4,(306명 참여)
84,당감동백양돼지국밥,안심식당,"""화장실이 깨끗해요""",이 키워드를 선택한 인원3,(306명 참여)
85,당감동백양돼지국밥,안심식당,"""뷰가 좋아요""",이 키워드를 선택한 인원3,(306명 참여)
86,당감동백양돼지국밥,안심식당,"""특별한 날 가기 좋아요""",이 키워드를 선택한 인원2,(306명 참여)
87,당감동백양돼지국밥,안심식당,"""포장이 깔끔해요""",이 키워드를 선택한 인원1,(306명 참여)
88,당감동진가네추어탕,안심식당,"""음식이 맛있어요""",이 키워드를 선택한 인원339,(279명 참여)
89,당감동진가네추어탕,안심식당,"""친절해요""",이 키워드를 선택한 인원78,(279명 참여)
90,당감동진가네추어탕,안심식당,"""가성비가 좋아요""",이 키워드를 선택한 인원73,(279명 참여)
91,당감동진가네추어탕,안심식당,"""양이 많아요""",이 키워드를 선택한 인원67,(279명 참여)
92,당감동진가네추어탕,안심식당,"""재료가 신선해요""",이 키워드를 선택한 인원66,(279명 참여)
93,당감동진가네추어탕,안심식당,"""혼밥하기 좋아요""",이 키워드를 선택한 인원31,(279명 참여)
94,당감동진가네추어탕,안심식당,"""매장이 넓어요""",이 키워드를 선택한 인원31,(279명 참여)
95,당감동진가네추어탕,안심식당,"""단체모임 하기 좋아요""",이 키워드를 선택한 인원31,(279명 참여)
96,당감동진가네추어탕,안심식당,"""주차하기 편해요""",이 키워드를 선택한 인원19,(279명 참여)
97,당감동진가네추어탕,안심식당,"""매장이 청결해요""",이 키워드를 선택한 인원16,(279명 참여)
98,당감동진가네추어탕,안심식당,"""특별한 메뉴가 있어요""",이 키워드를 선택한 인원10,(279명 참여)
99,당감동진가네추어탕,안심식당,"""특별한 날 가기 좋아요""",이 키워드를 선택한 인원9,(279명 참여)
100,당감동진가네추어탕,안심식당,"""인테리어가 멋져요""",이 키워드를 선택한 인원5,(279명 참여)
101,당감동진가네추어탕,안심식당,"""뷰가 좋아요""",이 키워드를 선택한 인원4,(279명 참여)
102,당감동진가네추어탕,안심식당,"""반찬이 잘 나와요""",이 키워드를 선택한 인원2,(279명 참여)
103,당감동진가네추어탕,안심식당,"""메뉴 구성이 알차요""",이 키워드를 선택한 인원1,(279명 참여)
104,당감동진가네추어탕,안심식당,"""건강한 맛이에요""",이 키워드를 선택한 인원1,(279명 참여)
105,당감동진가네추어탕,안심식당,"""화장실이 깨끗해요""",이 키워드를 선택한 인원1,(279명 참여)
106,당감동진수밥상,안심식당,"""음식이 맛있어요""",이 키워드를 선택한 인원252,(303명 참여)
107,당감동진수밥상,안심식당,"""주차하기 편해요""",이 키워드를 선택한 인원103,(303명 참여)
108,당감동진수밥상,안심식당,"""매장이 넓어요""",이 키워드를 선택한 인원76,(303명 참여)
109,당감동진수밥상,안심식당,"""친절해요""",이 키워드를 선택한 인원74,(303명 참여)
110,당감동진수밥상,안심식당,"""재료가 신선해요""",이 키워드를 선택한 인원64,(303명 참여)
111,당감동진수밥상,안심식당,"""가성비가 좋아요""",이 키워드를 선택한 인원62,(303명 참여)
112,당감동진수밥상,안심식당,"""양이 많아요""",이 키워드를 선택한 인원51,(303명 참여)
113,당감동진수밥상,안심식당,"""매장이 청결해요""",이 키워드를 선택한 인원40,(303명 참여)
114,당감동진수밥상,안심식당,"""단체모임 하기 좋아요""",이 키워드를 선택한 인원37,(303명 참여)
115,당감동진수밥상,안심식당,"""반찬이 잘 나와요""",이 키워드를 선택한 인원23,(303명 참여)
116,당감동진수밥상,안심식당,"""인테리어가 멋져요""",이 키워드를 선택한 인원17,(303명 참여)
117,당감동진수밥상,안심식당,"""뷰가 좋아요""",이 키워드를 선택한 인원13,(303명 참여)
118,당감동진수밥상,안심식당,"""특별한 날 가기 좋아요""",이 키워드를 선택한 인원12,(303명 참여)
119,당감동진수밥상,안심식당,"""비싼 만큼 가치있어요""",이 키워드를 선택한 인원11,(303명 참여)
120,당감동진수밥상,안심식당,"""화장실이 깨끗해요""",이 키워드를 선택한 인원7,(303명 참여)
121,당감동진수밥상,안심식당,"""차분한 분위기에요""",이 키워드를 선택한 인원6,(303명 참여)
122,당감동진수밥상,안심식당,"""혼밥하기 좋아요""",이 키워드를 선택한 인원6,(303명 참여)
123,당감동진수밥상,안심식당,"""특별한 메뉴가 있어요""",이 키워드를 선택한 인원3,(303명 참여)
124,당감동진수밥상,안심식당,"""메뉴 구성이 알차요""",이 키워드를 선택한 인원1,(303명 참여)
125,당감동진수밥상,안심식당,"""건강한 맛이에요""",이 키워드를 선택한 인원1,(303명 참여)
126,범천동중앙숯불갈비,안심식당,"""음식이 맛있어요""",이 키워드를 선택한 인원146,(150명 참여)
127,범천동중앙숯불갈비,안심식당,"""친절해요""",이 키워드를 선택한 인원80,(150명 참여)
128,범천동중앙숯불갈비,안심식당,"""단체모임 하기 좋아요""",이 키워드를 선택한 인원27,(150명 참여)
129,범천동중앙숯불갈비,안심식당,"""양이 많아요""",이 키워드를 선택한 인원26,(150명 참여)
130,범천동중앙숯불갈비,안심식당,"""재료가 신선해요""",이 키워드를 선택한 인원25,(150명 참여)
131,범천동중앙숯불갈비,안심식당,"""가성비가 좋아요""",이 키워드를 선택한 인원19,(150명 참여)
132,범천동중앙숯불갈비,안심식당,"""매장이 청결해요""",이 키워드를 선택한 인원15,(150명 참여)
133,범천동중앙숯불갈비,안심식당,"""특별한 메뉴가 있어요""",이 키워드를 선택한 인원13,(150명 참여)
134,범천동중앙숯불갈비,안심식당,"""매장이 넓어요""",이 키워드를 선택한 인원12,(150명 참여)
135,범천동중앙숯불갈비,안심식당,"""고기 질이 좋아요""",이 키워드를 선택한 인원5,(150명 참여)
136,범천동중앙숯불갈비,안심식당,"""혼밥하기 좋아요""",이 키워드를 선택한 인원4,(150명 참여)
137,범천동중앙숯불갈비,안심식당,"""화장실이 깨끗해요""",이 키워드를 선택한 인원4,(150명 참여)
138,범천동중앙숯불갈비,안심식당,"""특별한 날 가기 좋아요""",이 키워드를 선택한 인원3,(150명 참여)
139,범천동중앙숯불갈비,안심식당,"""인테리어가 멋져요""",이 키워드를 선택한 인원2,(150명 참여)
140,범천동중앙숯불갈비,안심식당,"""주차하기 편해요""",이 키워드를 선택한 인원2,(150명 참여)
141,범천동중앙숯불갈비,안심식당,"""음식이 빨리 나와요""",이 키워드를 선택한 인원1,(150명 참여)
142,범천동중앙숯불갈비,안심식당,"""직접 잘 구워줘요""",이 키워드를 선택한 인원1,(150명 참여)
143,범천동중앙숯불갈비,안심식당,"""뷰가 좋아요""",이 키워드를 선택한 인원1,(150명 참여)
144,부암동백향만두,안심식당,"""음식이 맛있어요""",이 키워드를 선택한 인원12,(14명 참여)
145,부암동백향만두,안심식당,"""가성비가 좋아요""",이 키워드를 선택한 인원3,(14명 참여)
146,부암동백향만두,안심식당,"""혼밥하기 좋아요""",이 키워드를 선택한 인원2,(14명 참여)
147,부암동백향만두,안심식당,"""재료가 신선해요""",이 키워드를 선택한 인원2,(14명 참여)
148,부암동백향만두,안심식당,"""화장실이 깨끗해요""",이 키워드를 선택한 인원2,(14명 참여)
149,부암동백향만두,안심식당,"""친절해요""",이 키워드를 선택한 인원1,(14명 참여)
150,부암동백향만두,안심식당,"""양이 많아요""",이 키워드를 선택한 인원1,(14명 참여)
151,부암동백향만두,안심식당,"""특별한 메뉴가 있어요""",이 키워드를 선택한 인원1,(14명 참여)
152,부암동백향만두,안심식당,"""단체모임 하기 좋아요""",이 키워드를 선택한 인원1,(14명 참여)
153,부암동미락,없음,"""음식이 맛있어요""",이 키워드를 선택한 인원68,(80명 참여)
154,부암동미락,없음,"""재료가 신선해요""",이 키워드를 선택한 인원28,(80명 참여)
155,부암동미락,없음,"""친절해요""",이 키워드를 선택한 인원27,(80명 참여)
156,부암동미락,없음,"""가성비가 좋아요""",이 키워드를 선택한 인원26,(80명 참여)
157,부암동미락,없음,"""단체모임 하기 좋아요""",이 키워드를 선택한 인원18,(80명 참여)
158,부암동북경,안심식당,"""음식이 맛있어요""",이 키워드를 선택한 인원112,(102명 참여)
159,부암동북경,안심식당,"""친절해요""",이 키워드를 선택한 인원29,(102명 참여)
160,부암동북경,안심식당,"""단체모임 하기 좋아요""",이 키워드를 선택한 인원21,(102명 참여)
161,부암동북경,안심식당,"""양이 많아요""",이 키워드를 선택한 인원19,(102명 참여)
162,부암동북경,안심식당,"""재료가 신선해요""",이 키워드를 선택한 인원15,(102명 참여)
163,부암동외식일번가 부산진구점,안심식당,"""음식이 맛있어요""",이 키워드를 선택한 인원1693,"(2,257명 참여)"
164,부암동외식일번가 부산진구점,안심식당,"""매장이 넓어요""",이 키워드를 선택한 인원970,"(2,257명 참여)"
165,부암동외식일번가 부산진구점,안심식당,"""단체모임 하기 좋아요""",이 키워드를 선택한 인원700,"(2,257명 참여)"
166,부암동외식일번가 부산진구점,안심식당,"""주차하기 편해요""",이 키워드를 선택한 인원645,"(2,257명 참여)"
167,부암동외식일번가 부산진구점,안심식당,"""친절해요""",이 키워드를 선택한 인원565,"(2,257명 참여)"
168,부암동외식일번가 부산진구점,안심식당,"""매장이 청결해요""",이 키워드를 선택한 인원426,"(2,257명 참여)"
169,부암동외식일번가 부산진구점,안심식당,"""인테리어가 멋져요""",이 키워드를 선택한 인원404,"(2,257명 참여)"
170,부암동외식일번가 부산진구점,안심식당,"""특별한 날 가기 좋아요""",이 키워드를 선택한 인원357,"(2,257명 참여)"
171,부암동외식일번가 부산진구점,안심식당,"""가성비가 좋아요""",이 키워드를 선택한 인원314,"(2,257명 참여)"
172,부암동외식일번가 부산진구점,안심식당,"""재료가 신선해요""",이 키워드를 선택한 인원276,"(2,257명 참여)"
173,부암동외식일번가 부산진구점,안심식당,"""양이 많아요""",이 키워드를 선택한 인원266,"(2,257명 참여)"
174,부암동외식일번가 부산진구점,안심식당,"""화장실이 깨끗해요""",이 키워드를 선택한 인원253,"(2,257명 참여)"
175,부암동외식일번가 부산진구점,안심식당,"""특별한 메뉴가 있어요""",이 키워드를 선택한 인원128,"(2,257명 참여)"
176,부암동외식일번가 부산진구점,안심식당,"""고기 질이 좋아요""",이 키워드를 선택한 인원95,"(2,257명 참여)"
177,부암동외식일번가 부산진구점,안심식당,"""뷰가 좋아요""",이 키워드를 선택한 인원33,"(2,257명 참여)"
178,부암동외식일번가 부산진구점,안심식당,"""혼밥하기 좋아요""",이 키워드를 선택한 인원21,"(2,257명 참여)"
179,부암동외식일번가 부산진구점,안심식당,"""직접 잘 구워줘요""",이 키워드를 선택한 인원3,"(2,257명 참여)"
180,부암동외식일번가 부산진구점,안심식당,"""음식이 빨리 나와요""",이 키워드를 선택한 인원2,"(2,257명 참여)"
181,부암동외식일번가 부산진구점,안심식당,"""오래 머무르기 좋아요""",이 키워드를 선택한 인원2,"(2,257명 참여)"
182,부암동외식일번가 부산진구점,안심식당,"""환기가 잘 돼요""",이 키워드를 선택한 인원2,"(2,257명 참여)"
183,부암동외식일번가 부산진구점,안심식당,"""차분한 분위기에요""",이 키워드를 선택한 인원1,"(2,257명 참여)"
184,부암동외식일번가 부산진구점,안심식당,"""메뉴 구성이 알차요""",이 키워드를 선택한 인원1,"(2,257명 참여)"
185,부암동외식일번가 부산진구점,안심식당,"""비싼 만큼 가치있어요""",이 키워드를 선택한 인원1,"(2,257명 참여)"
186,부암동외식일번가 부산진구점,안심식당,"""반찬이 잘 나와요""",이 키워드를 선택한 인원1,"(2,257명 참여)"
187,부암동외식일번가 부산진구점,안심식당,"""건강한 맛이에요""",이 키워드를 선택한 인원1,"(2,257명 참여)"
188,부전동청담,안심식당,"""음식이 맛있어요""",이 키워드를 선택한 인원168,(277명 참여)
189,부전동청담,안심식당,"""친절해요""",이 키워드를 선택한 인원96,(277명 참여)
190,부전동청담,안심식당,"""매장이 넓어요""",이 키워드를 선택한 인원44,(277명 참여)
191,부전동청담,안심식당,"""재료가 신선해요""",이 키워드를 선택한 인원42,(277명 참여)
192,부전동청담,안심식당,"""가성비가 좋아요""",이 키워드를 선택한 인원42,(277명 참여)
193,부전동청담,안심식당,"""단체모임 하기 좋아요""",이 키워드를 선택한 인원33,(277명 참여)
194,부전동청담,안심식당,"""양이 많아요""",이 키워드를 선택한 인원31,(277명 참여)
195,부전동청담,안심식당,"""매장이 청결해요""",이 키워드를 선택한 인원25,(277명 참여)
196,부전동청담,안심식당,"""혼밥하기 좋아요""",이 키워드를 선택한 인원16,(277명 참여)
197,부전동청담,안심식당,"""인테리어가 멋져요""",이 키워드를 선택한 인원15,(277명 참여)
198,부전동청담,안심식당,"""특별한 날 가기 좋아요""",이 키워드를 선택한 인원15,(277명 참여)
199,부전동청담,안심식당,"""특별한 메뉴가 있어요""",이 키워드를 선택한 인원12,(277명 참여)
200,부전동청담,안심식당,"""고기 질이 좋아요""",이 키워드를 선택한 인원9,(277명 참여)
201,부전동청담,안심식당,"""직접 잘 구워줘요""",이 키워드를 선택한 인원8,(277명 참여)
202,부전동청담,안심식당,"""뷰가 좋아요""",이 키워드를 선택한 인원8,(277명 참여)
203,부전동청담,안심식당,"""화장실이 깨끗해요""",이 키워드를 선택한 인원2,(277명 참여)
204,부전동청담,안심식당,"""주차하기 편해요""",이 키워드를 선택한 인원1,(277명 참여)
205,부전동골목식당,없음,"""음식이 맛있어요""",이 키워드를 선택한 인원107,(169명 참여)
206,부전동골목식당,없음,"""친절해요""",이 키워드를 선택한 인원66,(169명 참여)
207,부전동골목식당,없음,"""가성비가 좋아요""",이 키워드를 선택한 인원39,(169명 참여)
208,부전동골목식당,없음,"""재료가 신선해요""",이 키워드를 선택한 인원19,(169명 참여)
209,부전동골목식당,없음,"""양이 많아요""",이 키워드를 선택한 인원16,(169명 참여)
210,부전동우정분식,없음,"""음식이 맛있어요""",이 키워드를 선택한 인원130,(205명 참여)
211,부전동우정분식,없음,"""가성비가 좋아요""",이 키워드를 선택한 인원99,(205명 참여)
212,부전동우정분식,없음,"""혼밥하기 좋아요""",이 키워드를 선택한 인원76,(205명 참여)
213,부전동우정분식,없음,"""양이 많아요""",이 키워드를 선택한 인원37,(205명 참여)
214,부전동우정분식,없음,"""친절해요""",이 키워드를 선택한 인원27,(205명 참여)
215,부전동우정분식,없음,"""매장이 넓어요""",이 키워드를 선택한 인원22,(205명 참여)
216,부전동우정분식,없음,"""특별한 메뉴가 있어요""",이 키워드를 선택한 인원15,(205명 참여)
217,부전동우정분식,없음,"""재료가 신선해요""",이 키워드를 선택한 인원9,(205명 참여)
218,부전동우정분식,없음,"""매장이 청결해요""",이 키워드를 선택한 인원8,(205명 참여)
219,부전동우정분식,없음,"""인테리어가 멋져요""",이 키워드를 선택한 인원5,(205명 참여)
220,부전동우정분식,없음,"""단체모임 하기 좋아요""",이 키워드를 선택한 인원4,(205명 참여)
221,부전동우정분식,없음,"""뷰가 좋아요""",이 키워드를 선택한 인원4,(205명 참여)
222,부전동우정분식,없음,"""특별한 날 가기 좋아요""",이 키워드를 선택한 인원3,(205명 참여)
223,부전동우정분식,없음,"""화장실이 깨끗해요""",이 키워드를 선택한 인원3,(205명 참여)
224,부전동우정분식,없음,"""주차하기 편해요""",이 키워드를 선택한 인원2,(205명 참여)
225,부전동초원가든,안심식당,"""음식이 맛있어요""",이 키워드를 선택한 인원56,(95명 참여)
226,부전동초원가든,안심식당,"""친절해요""",이 키워드를 선택한 인원24,(95명 참여)
227,부전동초원가든,안심식당,"""매장이 넓어요""",이 키워드를 선택한 인원19,(95명 참여)
228,부전동초원가든,안심식당,"""단체모임 하기 좋아요""",이 키워드를 선택한 인원18,(95명 참여)
229,부전동초원가든,안심식당,"""재료가 신선해요""",이 키워드를 선택한 인원14,(95명 참여)
230,부전동초원가든,안심식당,"""주차하기 편해요""",이 키워드를 선택한 인원14,(95명 참여)
231,부전동초원가든,안심식당,"""매장이 청결해요""",이 키워드를 선택한 인원8,(95명 참여)
232,부전동초원가든,안심식당,"""인테리어가 멋져요""",이 키워드를 선택한 인원7,(95명 참여)
233,부전동초원가든,안심식당,"""특별한 날 가기 좋아요""",이 키워드를 선택한 인원7,(95명 참여)
234,부전동초원가든,안심식당,"""고기 질이 좋아요""",이 키워드를 선택한 인원6,(95명 참여)
235,부전동초원가든,안심식당,"""가성비가 좋아요""",이 키워드를 선택한 인원6,(95명 참여)
236,부전동초원가든,안심식당,"""양이 많아요""",이 키워드를 선택한 인원4,(95명 참여)
237,부전동초원가든,안심식당,"""특별한 메뉴가 있어요""",이 키워드를 선택한 인원4,(95명 참여)
238,부전동초원가든,안심식당,"""화장실이 깨끗해요""",이 키워드를 선택한 인원4,(95명 참여)
239,부전동초원가든,안심식당,"""혼밥하기 좋아요""",이 키워드를 선택한 인원2,(95명 참여)
240,부전동마당집,없음,"""음식이 맛있어요""",이 키워드를 선택한 인원13,(20명 참여)
241,부전동마당집,없음,"""재료가 신선해요""",이 키워드를 선택한 인원6,(20명 참여)
242,부전동마당집,없음,"""친절해요""",이 키워드를 선택한 인원3,(20명 참여)
243,부전동마당집,없음,"""매장이 청결해요""",이 키워드를 선택한 인원3,(20명 참여)
244,부전동마당집,없음,"""양이 많아요""",이 키워드를 선택한 인원2,(20명 참여)
245,부전동마당집,없음,"""특별한 메뉴가 있어요""",이 키워드를 선택한 인원2,(20명 참여)
246,부전동마당집,없음,"""단체모임 하기 좋아요""",이 키워드를 선택한 인원2,(20명 참여)
247,부전동마당집,없음,"""음식이 빨리 나와요""",이 키워드를 선택한 인원1,(20명 참여)
248,부전동마당집,없음,"""인테리어가 멋져요""",이 키워드를 선택한 인원1,(20명 참여)
249,부전동마당집,없음,"""주차하기 편해요""",이 키워드를 선택한 인원1,(20명 참여)
250,부전동마당집,없음,"""가성비가 좋아요""",이 키워드를 선택한 인원1,(20명 참여)
251,부전동부산초밥,안심식당,"""음식이 맛있어요""",이 키워드를 선택한 인원59,(91명 참여)
252,부전동부산초밥,안심식당,"""친절해요""",이 키워드를 선택한 인원33,(91명 참여)
253,부전동부산초밥,안심식당,"""재료가 신선해요""",이 키워드를 선택한 인원27,(91명 참여)
254,부전동부산초밥,안심식당,"""가성비가 좋아요""",이 키워드를 선택한 인원12,(91명 참여)
255,부전동부산초밥,안심식당,"""매장이 청결해요""",이 키워드를 선택한 인원12,(91명 참여)
256,부전동부산초밥,안심식당,"""혼밥하기 좋아요""",이 키워드를 선택한 인원10,(91명 참여)
257,부전동부산초밥,안심식당,"""특별한 메뉴가 있어요""",이 키워드를 선택한 인원10,(91명 참여)
258,부전동부산초밥,안심식당,"""단체모임 하기 좋아요""",이 키워드를 선택한 인원10,(91명 참여)
259,부전동부산초밥,안심식당,"""양이 많아요""",이 키워드를 선택한 인원9,(91명 참여)
260,부전동부산초밥,안심식당,"""매장이 넓어요""",이 키워드를 선택한 인원8,(91명 참여)
261,부전동부산초밥,안심식당,"""특별한 날 가기 좋아요""",이 키워드를 선택한 인원4,(91명 참여)
262,부전동부산초밥,안심식당,"""주차하기 편해요""",이 키워드를 선택한 인원2,(91명 참여)
263,부전동부산초밥,안심식당,"""화장실이 깨끗해요""",이 키워드를 선택한 인원2,(91명 참여)
264,부전동부산초밥,안심식당,"""좌석이 편해요""",이 키워드를 선택한 인원1,(91명 참여)
265,부전동부산초밥,안심식당,"""메뉴 구성이 알차요""",이 키워드를 선택한 인원1,(91명 참여)
266,부전동부산초밥,안심식당,"""반찬이 잘 나와요""",이 키워드를 선택한 인원1,(91명 참여)
267,부전동부산초밥,안심식당,"""뷰가 좋아요""",이 키워드를 선택한 인원1,(91명 참여)
268,부전동함경면옥,안심식당,"""음식이 맛있어요""",이 키워드를 선택한 인원260,(325명 참여)
269,부전동함경면옥,안심식당,"""친절해요""",이 키워드를 선택한 인원66,(325명 참여)
270,부전동함경면옥,안심식당,"""매장이 넓어요""",이 키워드를 선택한 인원61,(325명 참여)
271,부전동함경면옥,안심식당,"""매장이 청결해요""",이 키워드를 선택한 인원56,(325명 참여)
272,부전동함경면옥,안심식당,"""혼밥하기 좋아요""",이 키워드를 선택한 인원44,(325명 참여)
273,부전동함경면옥,안심식당,"""재료가 신선해요""",이 키워드를 선택한 인원41,(325명 참여)
274,부전동함경면옥,안심식당,"""양이 많아요""",이 키워드를 선택한 인원36,(325명 참여)
275,부전동함경면옥,안심식당,"""가성비가 좋아요""",이 키워드를 선택한 인원36,(325명 참여)
276,부전동함경면옥,안심식당,"""특별한 메뉴가 있어요""",이 키워드를 선택한 인원18,(325명 참여)
277,부전동함경면옥,안심식당,"""단체모임 하기 좋아요""",이 키워드를 선택한 인원12,(325명 참여)
278,부전동함경면옥,안심식당,"""화장실이 깨끗해요""",이 키워드를 선택한 인원9,(325명 참여)
279,부전동함경면옥,안심식당,"""주차하기 편해요""",이 키워드를 선택한 인원7,(325명 참여)
280,부전동함경면옥,안심식당,"""인테리어가 멋져요""",이 키워드를 선택한 인원6,(325명 참여)
281,부전동함경면옥,안심식당,"""특별한 날 가기 좋아요""",이 키워드를 선택한 인원5,(325명 참여)
282,부전동함경면옥,안심식당,"""뷰가 좋아요""",이 키워드를 선택한 인원3,(325명 참여)
283,부전동함경면옥,안심식당,"""음식이 빨리 나와요""",이 키워드를 선택한 인원1,(325명 참여)
284,부전동함경면옥,안심식당,"""잡내가 적어요""",이 키워드를 선택한 인원1,(325명 참여)
285,부전동함경면옥,안심식당,"""반찬이 잘 나와요""",이 키워드를 선택한 인원1,(325명 참여)
286,부전동대서양식당,안심식당,"""음식이 맛있어요""",이 키워드를 선택한 인원9,(13명 참여)
287,부전동대서양식당,안심식당,"""양이 많아요""",이 키워드를 선택한 인원3,(13명 참여)
288,부전동대서양식당,안심식당,"""가성비가 좋아요""",이 키워드를 선택한 인원3,(13명 참여)
289,부전동대서양식당,안심식당,"""친절해요""",이 키워드를 선택한 인원2,(13명 참여)
290,부전동대서양식당,안심식당,"""매장이 넓어요""",이 키워드를 선택한 인원2,(13명 참여)
291,부전동대서양식당,없음,"""음식이 맛있어요""",이 키워드를 선택한 인원9,(15명 참여)
292,부전동대서양식당,없음,"""친절해요""",이 키워드를 선택한 인원5,(15명 참여)
293,부전동대서양식당,없음,"""단체모임 하기 좋아요""",이 키워드를 선택한 인원5,(15명 참여)
294,부전동대서양식당,없음,"""재료가 신선해요""",이 키워드를 선택한 인원3,(15명 참여)
295,부전동대서양식당,없음,"""특별한 메뉴가 있어요""",이 키워드를 선택한 인원3,(15명 참여)
296,부전동동남갈비,안심식당,"""음식이 맛있어요""",이 키워드를 선택한 인원84,(126명 참여)
297,부전동동남갈비,안심식당,"""친절해요""",이 키워드를 선택한 인원42,(126명 참여)
298,부전동동남갈비,안심식당,"""단체모임 하기 좋아요""",이 키워드를 선택한 인원27,(126명 참여)
299,부전동동남갈비,안심식당,"""재료가 신선해요""",이 키워드를 선택한 인원24,(126명 참여)
300,부전동동남갈비,안심식당,"""가성비가 좋아요""",이 키워드를 선택한 인원22,(126명 참여)
301,부전동동남갈비,안심식당,"""양이 많아요""",이 키워드를 선택한 인원18,(126명 참여)
302,부전동동남갈비,안심식당,"""매장이 넓어요""",이 키워드를 선택한 인원9,(126명 참여)
303,부전동동남갈비,안심식당,"""특별한 날 가기 좋아요""",이 키워드를 선택한 인원7,(126명 참여)
304,부전동동남갈비,안심식당,"""매장이 청결해요""",이 키워드를 선택한 인원6,(126명 참여)
305,부전동동남갈비,안심식당,"""주차하기 편해요""",이 키워드를 선택한 인원5,(126명 참여)
306,부전동동남갈비,안심식당,"""인테리어가 멋져요""",이 키워드를 선택한 인원3,(126명 참여)
307,부전동동남갈비,안심식당,"""혼밥하기 좋아요""",이 키워드를 선택한 인원2,(126명 참여)
308,부전동동남갈비,안심식당,"""화장실이 깨끗해요""",이 키워드를 선택한 인원2,(126명 참여)
309,부전동동남갈비,안심식당,"""고기 질이 좋아요""",이 키워드를 선택한 인원1,(126명 참여)
310,부전동동남갈비,안심식당,"""뷰가 좋아요""",이 키워드를 선택한 인원1,(126명 참여)
311,부전동장수국밥,안심식당,"""음식이 맛있어요""",이 키워드를 선택한 인원224,(224명 참여)
312,부전동장수국밥,안심식당,"""친절해요""",이 키워드를 선택한 인원71,(224명 참여)
313,부전동장수국밥,안심식당,"""가성비가 좋아요""",이 키워드를 선택한 인원64,(224명 참여)
314,부전동장수국밥,안심식당,"""양이 많아요""",이 키워드를 선택한 인원62,(224명 참여)
315,부전동장수국밥,안심식당,"""혼밥하기 좋아요""",이 키워드를 선택한 인원57,(224명 참여)
316,부전동장수국밥,안심식당,"""재료가 신선해요""",이 키워드를 선택한 인원48,(224명 참여)
317,부전동장수국밥,안심식당,"""특별한 메뉴가 있어요""",이 키워드를 선택한 인원30,(224명 참여)
318,부전동장수국밥,안심식당,"""매장이 청결해요""",이 키워드를 선택한 인원7,(224명 참여)
319,부전동장수국밥,안심식당,"""매장이 넓어요""",이 키워드를 선택한 인원5,(224명 참여)
320,부전동장수국밥,안심식당,"""인테리어가 멋져요""",이 키워드를 선택한 인원3,(224명 참여)
321,부전동장수국밥,안심식당,"""화장실이 깨끗해요""",이 키워드를 선택한 인원3,(224명 참여)
322,부전동장수국밥,안심식당,"""뷰가 좋아요""",이 키워드를 선택한 인원3,(224명 참여)
323,부전동장수국밥,안심식당,"""주차하기 편해요""",이 키워드를 선택한 인원2,(224명 참여)
324,부전동장수국밥,안심식당,"""단체모임 하기 좋아요""",이 키워드를 선택한 인원2,(224명 참여)
325,부전동장수국밥,안심식당,"""아늑해요""",이 키워드를 선택한 인원1,(224명 참여)
326,부전동장수국밥,안심식당,"""고기 질이 좋아요""",이 키워드를 선택한 인원1,(224명 참여)
327,부전동장수국밥,안심식당,"""반찬이 잘 나와요""",이 키워드를 선택한 인원1,(224명 참여)
328,부전동장수국밥,안심식당,"""건강한 맛이에요""",이 키워드를 선택한 인원1,(224명 참여)
329,부전동월강,안심식당,"""음식이 맛있어요""",이 키워드를 선택한 인원72,(104명 참여)
330,부전동월강,안심식당,"""재료가 신선해요""",이 키워드를 선택한 인원43,(104명 참여)
331,부전동월강,안심식당,"""단체모임 하기 좋아요""",이 키워드를 선택한 인원41,(104명 참여)
332,부전동월강,안심식당,"""친절해요""",이 키워드를 선택한 인원38,(104명 참여)
333,부전동월강,안심식당,"""주차하기 편해요""",이 키워드를 선택한 인원24,(104명 참여)
334,부전동월강,안심식당,"""매장이 넓어요""",이 키워드를 선택한 인원22,(104명 참여)
335,부전동월강,안심식당,"""특별한 날 가기 좋아요""",이 키워드를 선택한 인원22,(104명 참여)
336,부전동월강,안심식당,"""매장이 청결해요""",이 키워드를 선택한 인원22,(104명 참여)
337,부전동월강,안심식당,"""인테리어가 멋져요""",이 키워드를 선택한 인원17,(104명 참여)
338,부전동월강,안심식당,"""특별한 메뉴가 있어요""",이 키워드를 선택한 인원14,(104명 참여)
339,부전동월강,안심식당,"""양이 많아요""",이 키워드를 선택한 인원9,(104명 참여)
340,부전동월강,안심식당,"""가성비가 좋아요""",이 키워드를 선택한 인원6,(104명 참여)
341,부전동월강,안심식당,"""화장실이 깨끗해요""",이 키워드를 선택한 인원4,(104명 참여)
342,부전동월강,안심식당,"""뷰가 좋아요""",이 키워드를 선택한 인원3,(104명 참여)
343,부전동월강,안심식당,"""차분한 분위기에요""",이 키워드를 선택한 인원1,(104명 참여)
344,부전동월강,안심식당,"""혼밥하기 좋아요""",이 키워드를 선택한 인원1,(104명 참여)
345,부전동월강,안심식당,"""비싼 만큼 가치있어요""",이 키워드를 선택한 인원1,(104명 참여)
346,부전동월강,안심식당,"""룸이 잘 되어있어요""",이 키워드를 선택한 인원1,(104명 참여)
347,부전동월강,안심식당,"""대화하기 좋아요""",이 키워드를 선택한 인원1,(104명 참여)
348,부전동남해수산횟집,안심식당,"""음식이 맛있어요""",이 키워드를 선택한 인원32,(48명 참여)
349,부전동남해수산횟집,안심식당,"""친절해요""",이 키워드를 선택한 인원18,(48명 참여)
350,부전동남해수산횟집,안심식당,"""재료가 신선해요""",이 키워드를 선택한 인원10,(48명 참여)
351,부전동남해수산횟집,안심식당,"""가성비가 좋아요""",이 키워드를 선택한 인원6,(48명 참여)
352,부전동남해수산횟집,안심식당,"""양이 많아요""",이 키워드를 선택한 인원5,(48명 참여)
353,부전동남해수산횟집,안심식당,"""단체모임 하기 좋아요""",이 키워드를 선택한 인원3,(48명 참여)
354,부전동남해수산횟집,안심식당,"""화장실이 깨끗해요""",이 키워드를 선택한 인원3,(48명 참여)
355,부전동남해수산횟집,안심식당,"""특별한 메뉴가 있어요""",이 키워드를 선택한 인원2,(48명 참여)
356,부전동남해수산횟집,안심식당,"""혼밥하기 좋아요""",이 키워드를 선택한 인원1,(48명 참여)
357,부전동남해수산횟집,안심식당,"""특별한 날 가기 좋아요""",이 키워드를 선택한 인원1,(48명 참여)
358,부전동남해수산횟집,안심식당,"""매장이 청결해요""",이 키워드를 선택한 인원1,(48명 참여)
359,부전동태화육개장,백년가게,"""음식이 맛있어요""",이 키워드를 선택한 인원145,(166명 참여)
360,부전동태화육개장,백년가게,"""친절해요""",이 키워드를 선택한 인원44,(166명 참여)
361,부전동태화육개장,백년가게,"""재료가 신선해요""",이 키워드를 선택한 인원33,(166명 참여)
362,부전동태화육개장,백년가게,"""혼밥하기 좋아요""",이 키워드를 선택한 인원29,(166명 참여)
363,부전동태화육개장,백년가게,"""가성비가 좋아요""",이 키워드를 선택한 인원27,(166명 참여)
364,부전동태화육개장,백년가게,"""양이 많아요""",이 키워드를 선택한 인원25,(166명 참여)
365,부전동태화육개장,백년가게,"""특별한 메뉴가 있어요""",이 키워드를 선택한 인원16,(166명 참여)
366,부전동태화육개장,백년가게,"""매장이 넓어요""",이 키워드를 선택한 인원15,(166명 참여)
367,부전동태화육개장,백년가게,"""단체모임 하기 좋아요""",이 키워드를 선택한 인원14,(166명 참여)
368,부전동태화육개장,백년가게,"""매장이 청결해요""",이 키워드를 선택한 인원9,(166명 참여)
369,부전동태화육개장,백년가게,"""화장실이 깨끗해요""",이 키워드를 선택한 인원4,(166명 참여)
370,부전동태화육개장,백년가게,"""주차하기 편해요""",이 키워드를 선택한 인원2,(166명 참여)
371,부전동태화육개장,백년가게,"""특별한 날 가기 좋아요""",이 키워드를 선택한 인원2,(166명 참여)
372,부전동태화육개장,백년가게,"""인테리어가 멋져요""",이 키워드를 선택한 인원1,(166명 참여)
373,부전동태화육개장,백년가게,"""뷰가 좋아요""",이 키워드를 선택한 인원1,(166명 참여)
374,부전동(주)사미헌,안심식당,"""음식이 맛있어요""",이 키워드를 선택한 인원1013,"(1,183명 참여)"
375,부전동(주)사미헌,안심식당,"""친절해요""",이 키워드를 선택한 인원396,"(1,183명 참여)"
376,부전동(주)사미헌,안심식당,"""매장이 넓어요""",이 키워드를 선택한 인원324,"(1,183명 참여)"
377,부전동(주)사미헌,안심식당,"""단체모임 하기 좋아요""",이 키워드를 선택한 인원248,"(1,183명 참여)"
378,부전동(주)사미헌,안심식당,"""재료가 신선해요""",이 키워드를 선택한 인원233,"(1,183명 참여)"
379,부전동(주)사미헌,안심식당,"""매장이 청결해요""",이 키워드를 선택한 인원195,"(1,183명 참여)"
380,부전동(주)사미헌,안심식당,"""특별한 메뉴가 있어요""",이 키워드를 선택한 인원138,"(1,183명 참여)"
381,부전동(주)사미헌,안심식당,"""특별한 날 가기 좋아요""",이 키워드를 선택한 인원117,"(1,183명 참여)"
382,부전동(주)사미헌,안심식당,"""양이 많아요""",이 키워드를 선택한 인원114,"(1,183명 참여)"
383,부전동(주)사미헌,안심식당,"""주차하기 편해요""",이 키워드를 선택한 인원113,"(1,183명 참여)"
384,부전동(주)사미헌,안심식당,"""가성비가 좋아요""",이 키워드를 선택한 인원111,"(1,183명 참여)"
385,부전동(주)사미헌,안심식당,"""고기 질이 좋아요""",이 키워드를 선택한 인원94,"(1,183명 참여)"
386,부전동(주)사미헌,안심식당,"""혼밥하기 좋아요""",이 키워드를 선택한 인원64,"(1,183명 참여)"
387,부전동(주)사미헌,안심식당,"""인테리어가 멋져요""",이 키워드를 선택한 인원64,"(1,183명 참여)"
388,부전동(주)사미헌,안심식당,"""화장실이 깨끗해요""",이 키워드를 선택한 인원36,"(1,183명 참여)"
389,부전동(주)사미헌,안심식당,"""뷰가 좋아요""",이 키워드를 선택한 인원21,"(1,183명 참여)"
390,부전동(주)사미헌,안심식당,"""직접 잘 구워줘요""",이 키워드를 선택한 인원9,"(1,183명 참여)"
391,부전동(주)사미헌,안심식당,"""반찬이 잘 나와요""",이 키워드를 선택한 인원5,"(1,183명 참여)"
392,부전동(주)사미헌,안심식당,"""차분한 분위기에요""",이 키워드를 선택한 인원2,"(1,183명 참여)"
393,부전동(주)사미헌,안심식당,"""룸이 잘 되어있어요""",이 키워드를 선택한 인원2,"(1,183명 참여)"
394,부전동(주)사미헌,안심식당,"""아늑해요""",이 키워드를 선택한 인원1,"(1,183명 참여)"
395,부전동(주)사미헌,안심식당,"""잡내가 적어요""",이 키워드를 선택한 인원1,"(1,183명 참여)"
396,부전동(주)사미헌,안심식당,"""오래 머무르기 좋아요""",이 키워드를 선택한 인원1,"(1,183명 참여)"
397,부전동(주)사미헌,안심식당,"""대화하기 좋아요""",이 키워드를 선택한 인원1,"(1,183명 참여)"
398,부전동(주)사미헌,안심식당,"""건강한 맛이에요""",이 키워드를 선택한 인원1,"(1,183명 참여)"
399,부전동다원정,없음,"""친절해요""",이 키워드를 선택한 인원4,(10명 참여)
400,부전동다원정,없음,"""단체모임 하기 좋아요""",이 키워드를 선택한 인원4,(10명 참여)
401,부전동다원정,없음,"""음식이 맛있어요""",이 키워드를 선택한 인원2,(10명 참여)
402,부전동다원정,없음,"""고기 질이 좋아요""",이 키워드를 선택한 인원2,(10명 참여)
403,부전동다원정,없음,"""가성비가 좋아요""",이 키워드를 선택한 인원2,(10명 참여)
404,부전동제일횟집,안심식당,"""음식이 맛있어요""",이 키워드를 선택한 인원79,(122명 참여)
405,부전동제일횟집,안심식당,"""재료가 신선해요""",이 키워드를 선택한 인원43,(122명 참여)
406,부전동제일횟집,안심식당,"""친절해요""",이 키워드를 선택한 인원37,(122명 참여)
407,부전동제일횟집,안심식당,"""단체모임 하기 좋아요""",이 키워드를 선택한 인원22,(122명 참여)
408,부전동제일횟집,안심식당,"""가성비가 좋아요""",이 키워드를 선택한 인원20,(122명 참여)
409,부전동정동진해물탕해물찜,안심식당,"""음식이 맛있어요""",이 키워드를 선택한 인원647,(760명 참여)
410,부전동정동진해물탕해물찜,안심식당,"""재료가 신선해요""",이 키워드를 선택한 인원248,(760명 참여)
411,부전동정동진해물탕해물찜,안심식당,"""친절해요""",이 키워드를 선택한 인원196,(760명 참여)
412,부전동정동진해물탕해물찜,안심식당,"""매장이 넓어요""",이 키워드를 선택한 인원182,(760명 참여)
413,부전동정동진해물탕해물찜,안심식당,"""단체모임 하기 좋아요""",이 키워드를 선택한 인원180,(760명 참여)
414,부전동급행장,안심식당,"""음식이 맛있어요""",이 키워드를 선택한 인원105,(154명 참여)
415,부전동급행장,안심식당,"""친절해요""",이 키워드를 선택한 인원41,(154명 참여)
416,부전동급행장,안심식당,"""재료가 신선해요""",이 키워드를 선택한 인원22,(154명 참여)
417,부전동급행장,안심식당,"""매장이 넓어요""",이 키워드를 선택한 인원17,(154명 참여)
418,부전동급행장,안심식당,"""단체모임 하기 좋아요""",이 키워드를 선택한 인원15,(154명 참여)
419,부전동도마위에 암소,안심식당,"""음식이 맛있어요""",이 키워드를 선택한 인원71,(81명 참여)
420,부전동도마위에 암소,안심식당,"""친절해요""",이 키워드를 선택한 인원26,(81명 참여)
421,부전동도마위에 암소,안심식당,"""재료가 신선해요""",이 키워드를 선택한 인원18,(81명 참여)
422,부전동도마위에 암소,안심식당,"""단체모임 하기 좋아요""",이 키워드를 선택한 인원15,(81명 참여)
423,부전동도마위에 암소,안심식당,"""양이 많아요""",이 키워드를 선택한 인원12,(81명 참여)
424,부전동춘하추동밀면,안심식당,"""음식이 맛있어요""",이 키워드를 선택한 인원1058,"(1,168명 참여)"
425,부전동춘하추동밀면,안심식당,"""매장이 넓어요""",이 키워드를 선택한 인원249,"(1,168명 참여)"
426,부전동춘하추동밀면,안심식당,"""양이 많아요""",이 키워드를 선택한 인원220,"(1,168명 참여)"
427,부전동춘하추동밀면,안심식당,"""친절해요""",이 키워드를 선택한 인원169,"(1,168명 참여)"
428,부전동춘하추동밀면,안심식당,"""혼밥하기 좋아요""",이 키워드를 선택한 인원156,"(1,168명 참여)"
429,부전동용궁해물탕,안심식당,"""음식이 맛있어요""",이 키워드를 선택한 인원86,(136명 참여)
430,부전동용궁해물탕,안심식당,"""친절해요""",이 키워드를 선택한 인원36,(136명 참여)
431,부전동용궁해물탕,안심식당,"""재료가 신선해요""",이 키워드를 선택한 인원33,(136명 참여)
432,부전동용궁해물탕,안심식당,"""단체모임 하기 좋아요""",이 키워드를 선택한 인원22,(136명 참여)
433,부전동용궁해물탕,안심식당,"""매장이 넓어요""",이 키워드를 선택한 인원20,(136명 참여)
434,부전동동해물회,백년가게,"""음식이 맛있어요""",이 키워드를 선택한 인원403,(411명 참여)
435,부전동동해물회,백년가게,"""친절해요""",이 키워드를 선택한 인원200,(411명 참여)
436,부전동동해물회,백년가게,"""재료가 신선해요""",이 키워드를 선택한 인원155,(411명 참여)
437,부전동동해물회,백년가게,"""양이 많아요""",이 키워드를 선택한 인원99,(411명 참여)
438,부전동동해물회,백년가게,"""특별한 메뉴가 있어요""",이 키워드를 선택한 인원74,(411명 참여)
439,부전동태백관,안심식당,"""음식이 맛있어요""",이 키워드를 선택한 인원217,(201명 참여)
440,부전동태백관,안심식당,"""양이 많아요""",이 키워드를 선택한 인원110,(201명 참여)
441,부전동태백관,안심식당,"""친절해요""",이 키워드를 선택한 인원80,(201명 참여)
442,부전동태백관,안심식당,"""가성비가 좋아요""",이 키워드를 선택한 인원79,(201명 참여)
443,부전동태백관,안심식당,"""혼밥하기 좋아요""",이 키워드를 선택한 인원51,(201명 참여)
444,부전동태백관,안심식당,"""재료가 신선해요""",이 키워드를 선택한 인원44,(201명 참여)
445,부전동태백관,안심식당,"""특별한 메뉴가 있어요""",이 키워드를 선택한 인원30,(201명 참여)
446,부전동태백관,안심식당,"""단체모임 하기 좋아요""",이 키워드를 선택한 인원16,(201명 참여)
447,부전동태백관,안심식당,"""매장이 청결해요""",이 키워드를 선택한 인원10,(201명 참여)
448,부전동태백관,안심식당,"""매장이 넓어요""",이 키워드를 선택한 인원5,(201명 참여)
449,부전동태백관,안심식당,"""주차하기 편해요""",이 키워드를 선택한 인원4,(201명 참여)
450,부전동태백관,안심식당,"""특별한 날 가기 좋아요""",이 키워드를 선택한 인원4,(201명 참여)
451,부전동태백관,안심식당,"""인테리어가 멋져요""",이 키워드를 선택한 인원1,(201명 참여)
452,부전동태백관,안심식당,"""메뉴 구성이 알차요""",이 키워드를 선택한 인원1,(201명 참여)
453,부전동태백관,안심식당,"""사진이 잘 나와요""",이 키워드를 선택한 인원1,(201명 참여)
454,부전동더스타,안심식당,"""음식이 맛있어요""",이 키워드를 선택한 인원384,(508명 참여)
455,부전동더스타,안심식당,"""매장이 넓어요""",이 키워드를 선택한 인원155,(508명 참여)
456,부전동더스타,안심식당,"""메뉴 구성이 알차요""",이 키워드를 선택한 인원142,(508명 참여)
457,부전동더스타,안심식당,"""단체모임 하기 좋아요""",이 키워드를 선택한 인원136,(508명 참여)
458,부전동더스타,안심식당,"""재료가 신선해요""",이 키워드를 선택한 인원108,(508명 참여)
459,부전동더스타,안심식당,"""특별한 날 가기 좋아요""",이 키워드를 선택한 인원107,(508명 참여)
460,부전동더스타,안심식당,"""친절해요""",이 키워드를 선택한 인원105,(508명 참여)
461,부전동더스타,안심식당,"""가성비가 좋아요""",이 키워드를 선택한 인원92,(508명 참여)
462,부전동더스타,안심식당,"""매장이 청결해요""",이 키워드를 선택한 인원80,(508명 참여)
463,부전동더스타,안심식당,"""특별한 메뉴가 있어요""",이 키워드를 선택한 인원73,(508명 참여)
464,부전동더스타,안심식당,"""주차하기 편해요""",이 키워드를 선택한 인원72,(508명 참여)
465,부전동더스타,안심식당,"""인테리어가 멋져요""",이 키워드를 선택한 인원26,(508명 참여)
466,부전동더스타,안심식당,"""화장실이 깨끗해요""",이 키워드를 선택한 인원15,(508명 참여)
467,부전동더스타,안심식당,"""혼밥하기 좋아요""",이 키워드를 선택한 인원6,(508명 참여)
468,부전동더스타,안심식당,"""뷰가 좋아요""",이 키워드를 선택한 인원3,(508명 참여)
469,부전동더스타,안심식당,"""양이 많아요""",이 키워드를 선택한 인원1,(508명 참여)
470,부전동일송초밥,안심식당,"""음식이 맛있어요""",이 키워드를 선택한 인원16,(29명 참여)
471,부전동일송초밥,안심식당,"""친절해요""",이 키워드를 선택한 인원10,(29명 참여)
472,부전동일송초밥,안심식당,"""재료가 신선해요""",이 키워드를 선택한 인원7,(29명 참여)
473,부전동일송초밥,안심식당,"""가성비가 좋아요""",이 키워드를 선택한 인원7,(29명 참여)
474,부전동일송초밥,안심식당,"""혼밥하기 좋아요""",이 키워드를 선택한 인원6,(29명 참여)
475,부전동일송초밥,안심식당,"""양이 많아요""",이 키워드를 선택한 인원6,(29명 참여)
476,부전동일송초밥,안심식당,"""단체모임 하기 좋아요""",이 키워드를 선택한 인원5,(29명 참여)
477,부전동일송초밥,안심식당,"""특별한 메뉴가 있어요""",이 키워드를 선택한 인원3,(29명 참여)
478,부전동일송초밥,안심식당,"""매장이 청결해요""",이 키워드를 선택한 인원3,(29명 참여)
479,부전동일송초밥,안심식당,"""매장이 넓어요""",이 키워드를 선택한 인원2,(29명 참여)
480,부전동일송초밥,안심식당,"""화장실이 깨끗해요""",이 키워드를 선택한 인원2,(29명 참여)
481,부전동일송초밥,안심식당,"""차분한 분위기에요""",이 키워드를 선택한 인원1,(29명 참여)
482,부전동일송초밥,안심식당,"""인테리어가 멋져요""",이 키워드를 선택한 인원1,(29명 참여)
483,부전동일송초밥,안심식당,"""주차하기 편해요""",이 키워드를 선택한 인원1,(29명 참여)
484,부전동일송초밥,안심식당,"""룸이 잘 되어있어요""",이 키워드를 선택한 인원1,(29명 참여)
485,부전동오감 일식점,안심식당,"""음식이 맛있어요""",이 키워드를 선택한 인원25,(46명 참여)
486,부전동오감 일식점,안심식당,"""친절해요""",이 키워드를 선택한 인원13,(46명 참여)
487,부전동오감 일식점,안심식당,"""단체모임 하기 좋아요""",이 키워드를 선택한 인원13,(46명 참여)
488,부전동오감 일식점,안심식당,"""특별한 날 가기 좋아요""",이 키워드를 선택한 인원9,(46명 참여)
489,부전동오감 일식점,안심식당,"""재료가 신선해요""",이 키워드를 선택한 인원8,(46명 참여)
490,부전동오감 일식점,안심식당,"""매장이 넓어요""",이 키워드를 선택한 인원7,(46명 참여)
491,부전동오감 일식점,안심식당,"""특별한 메뉴가 있어요""",이 키워드를 선택한 인원7,(46명 참여)
492,부전동오감 일식점,안심식당,"""가성비가 좋아요""",이 키워드를 선택한 인원5,(46명 참여)
493,부전동오감 일식점,안심식당,"""인테리어가 멋져요""",이 키워드를 선택한 인원3,(46명 참여)
494,부전동오감 일식점,안심식당,"""주차하기 편해요""",이 키워드를 선택한 인원2,(46명 참여)
495,부전동오감 일식점,안심식당,"""매장이 청결해요""",이 키워드를 선택한 인원2,(46명 참여)
496,부전동오감 일식점,안심식당,"""아늑해요""",이 키워드를 선택한 인원1,(46명 참여)
497,부전동오감 일식점,안심식당,"""혼밥하기 좋아요""",이 키워드를 선택한 인원1,(46명 참여)
498,부전동오감 일식점,안심식당,"""양이 많아요""",이 키워드를 선택한 인원1,(46명 참여)
499,부전동오감 일식점,안심식당,"""메뉴 구성이 알차요""",이 키워드를 선택한 인원1,(46명 참여)
500,부전동오감 일식점,안심식당,"""룸이 잘 되어있어요""",이 키워드를 선택한 인원1,(46명 참여)
501,부전동오감 일식점,안심식당,"""대화하기 좋아요""",이 키워드를 선택한 인원1,(46명 참여)
502,부전동오감 일식점,안심식당,"""뷰가 좋아요""",이 키워드를 선택한 인원1,(46명 참여)
503,부전동금룡만두,없음,"""음식이 맛있어요""",이 키워드를 선택한 인원87,(105명 참여)
504,부전동금룡만두,없음,"""친절해요""",이 키워드를 선택한 인원27,(105명 참여)
505,부전동금룡만두,없음,"""재료가 신선해요""",이 키워드를 선택한 인원19,(105명 참여)
506,부전동금룡만두,없음,"""양이 많아요""",이 키워드를 선택한 인원19,(105명 참여)
507,부전동금룡만두,없음,"""매장이 청결해요""",이 키워드를 선택한 인원14,(105명 참여)
508,부전동금룡만두,없음,"""인테리어가 멋져요""",이 키워드를 선택한 인원13,(105명 참여)
509,부전동금룡만두,없음,"""가성비가 좋아요""",이 키워드를 선택한 인원13,(105명 참여)
510,부전동금룡만두,없음,"""혼밥하기 좋아요""",이 키워드를 선택한 인원11,(105명 참여)
511,부전동금룡만두,없음,"""특별한 메뉴가 있어요""",이 키워드를 선택한 인원10,(105명 참여)
512,부전동금룡만두,없음,"""매장이 넓어요""",이 키워드를 선택한 인원8,(105명 참여)
513,부전동금룡만두,없음,"""단체모임 하기 좋아요""",이 키워드를 선택한 인원7,(105명 참여)
514,부전동금룡만두,없음,"""뷰가 좋아요""",이 키워드를 선택한 인원5,(105명 참여)
515,부전동금룡만두,없음,"""특별한 날 가기 좋아요""",이 키워드를 선택한 인원3,(105명 참여)
516,부전동금룡만두,없음,"""화장실이 깨끗해요""",이 키워드를 선택한 인원2,(105명 참여)
517,부전동금룡만두,없음,"""주차하기 편해요""",이 키워드를 선택한 인원1,(105명 참여)
518,부전동하동재첩왕갈비,안심식당,"""음식이 맛있어요""",이 키워드를 선택한 인원63,(84명 참여)
519,부전동하동재첩왕갈비,안심식당,"""가성비가 좋아요""",이 키워드를 선택한 인원33,(84명 참여)
520,부전동하동재첩왕갈비,안심식당,"""양이 많아요""",이 키워드를 선택한 인원23,(84명 참여)
521,부전동하동재첩왕갈비,안심식당,"""혼밥하기 좋아요""",이 키워드를 선택한 인원19,(84명 참여)
522,부전동하동재첩왕갈비,안심식당,"""친절해요""",이 키워드를 선택한 인원19,(84명 참여)
523,부전동하동재첩왕갈비,안심식당,"""재료가 신선해요""",이 키워드를 선택한 인원16,(84명 참여)
524,부전동하동재첩왕갈비,안심식당,"""특별한 메뉴가 있어요""",이 키워드를 선택한 인원13,(84명 참여)
525,부전동하동재첩왕갈비,안심식당,"""매장이 넓어요""",이 키워드를 선택한 인원10,(84명 참여)
526,부전동하동재첩왕갈비,안심식당,"""매장이 청결해요""",이 키워드를 선택한 인원4,(84명 참여)
527,부전동하동재첩왕갈비,안심식당,"""단체모임 하기 좋아요""",이 키워드를 선택한 인원3,(84명 참여)
528,부전동하동재첩왕갈비,안심식당,"""화장실이 깨끗해요""",이 키워드를 선택한 인원2,(84명 참여)
529,부전동하동재첩왕갈비,안심식당,"""인테리어가 멋져요""",이 키워드를 선택한 인원1,(84명 참여)
530,부전동바다호호복국,안심식당,"""음식이 맛있어요""",이 키워드를 선택한 인원302,(351명 참여)
531,부전동바다호호복국,안심식당,"""재료가 신선해요""",이 키워드를 선택한 인원112,(351명 참여)
532,부전동바다호호복국,안심식당,"""친절해요""",이 키워드를 선택한 인원103,(351명 참여)
533,부전동바다호호복국,안심식당,"""양이 많아요""",이 키워드를 선택한 인원65,(351명 참여)
534,부전동바다호호복국,안심식당,"""특별한 메뉴가 있어요""",이 키워드를 선택한 인원57,(351명 참여)
535,부전동바다호호복국,안심식당,"""단체모임 하기 좋아요""",이 키워드를 선택한 인원56,(351명 참여)
536,부전동바다호호복국,안심식당,"""매장이 청결해요""",이 키워드를 선택한 인원55,(351명 참여)
537,부전동바다호호복국,안심식당,"""가성비가 좋아요""",이 키워드를 선택한 인원42,(351명 참여)
538,부전동바다호호복국,안심식당,"""매장이 넓어요""",이 키워드를 선택한 인원42,(351명 참여)
539,부전동바다호호복국,안심식당,"""특별한 날 가기 좋아요""",이 키워드를 선택한 인원24,(351명 참여)
540,부전동바다호호복국,안심식당,"""인테리어가 멋져요""",이 키워드를 선택한 인원15,(351명 참여)
541,부전동바다호호복국,안심식당,"""화장실이 깨끗해요""",이 키워드를 선택한 인원14,(351명 참여)
542,부전동바다호호복국,안심식당,"""혼밥하기 좋아요""",이 키워드를 선택한 인원12,(351명 참여)
543,부전동바다호호복국,안심식당,"""뷰가 좋아요""",이 키워드를 선택한 인원5,(351명 참여)
544,부전동바다호호복국,안심식당,"""주차하기 편해요""",이 키워드를 선택한 인원2,(351명 참여)
545,부전동바다호호복국,안심식당,"""반찬이 잘 나와요""",이 키워드를 선택한 인원2,(351명 참여)
546,부전동바다호호복국,안심식당,"""차분한 분위기에요""",이 키워드를 선택한 인원1,(351명 참여)
547,부전동바다호호복국,안심식당,"""메뉴 구성이 알차요""",이 키워드를 선택한 인원1,(351명 참여)
548,부전동바다호호복국,안심식당,"""건강한 맛이에요""",이 키워드를 선택한 인원1,(351명 참여)
549,양정동전통음식점 원양,안심식당,"""음식이 맛있어요""",이 키워드를 선택한 인원26,(33명 참여)
550,양정동전통음식점 원양,안심식당,"""친절해요""",이 키워드를 선택한 인원11,(33명 참여)
551,양정동전통음식점 원양,안심식당,"""단체모임 하기 좋아요""",이 키워드를 선택한 인원7,(33명 참여)
552,양정동전통음식점 원양,안심식당,"""재료가 신선해요""",이 키워드를 선택한 인원6,(33명 참여)
553,양정동전통음식점 원양,안심식당,"""매장이 넓어요""",이 키워드를 선택한 인원6,(33명 참여)
554,양정동전통음식점 원양,안심식당,"""매장이 청결해요""",이 키워드를 선택한 인원6,(33명 참여)
555,양정동전통음식점 원양,안심식당,"""혼밥하기 좋아요""",이 키워드를 선택한 인원5,(33명 참여)
556,양정동전통음식점 원양,안심식당,"""양이 많아요""",이 키워드를 선택한 인원5,(33명 참여)
557,양정동전통음식점 원양,안심식당,"""가성비가 좋아요""",이 키워드를 선택한 인원5,(33명 참여)
558,양정동전통음식점 원양,안심식당,"""특별한 날 가기 좋아요""",이 키워드를 선택한 인원3,(33명 참여)
559,양정동전통음식점 원양,안심식당,"""특별한 메뉴가 있어요""",이 키워드를 선택한 인원2,(33명 참여)
560,양정동전통음식점 원양,안심식당,"""인테리어가 멋져요""",이 키워드를 선택한 인원1,(33명 참여)
561,양정동현대가든,안심식당,"""음식이 맛있어요""",이 키워드를 선택한 인원65,(63명 참여)
562,양정동현대가든,안심식당,"""친절해요""",이 키워드를 선택한 인원23,(63명 참여)
563,양정동현대가든,안심식당,"""매장이 넓어요""",이 키워드를 선택한 인원15,(63명 참여)
564,양정동현대가든,안심식당,"""재료가 신선해요""",이 키워드를 선택한 인원13,(63명 참여)
565,양정동현대가든,안심식당,"""단체모임 하기 좋아요""",이 키워드를 선택한 인원13,(63명 참여)
566,양정동현대가든,안심식당,"""주차하기 편해요""",이 키워드를 선택한 인원12,(63명 참여)
567,양정동현대가든,안심식당,"""가성비가 좋아요""",이 키워드를 선택한 인원12,(63명 참여)
568,양정동현대가든,안심식당,"""양이 많아요""",이 키워드를 선택한 인원5,(63명 참여)
569,양정동현대가든,안심식당,"""특별한 날 가기 좋아요""",이 키워드를 선택한 인원4,(63명 참여)
570,양정동현대가든,안심식당,"""매장이 청결해요""",이 키워드를 선택한 인원4,(63명 참여)
571,양정동현대가든,안심식당,"""혼밥하기 좋아요""",이 키워드를 선택한 인원3,(63명 참여)
572,양정동현대가든,안심식당,"""특별한 메뉴가 있어요""",이 키워드를 선택한 인원3,(63명 참여)
573,양정동현대가든,안심식당,"""고기 질이 좋아요""",이 키워드를 선택한 인원2,(63명 참여)
574,양정동현대가든,안심식당,"""인테리어가 멋져요""",이 키워드를 선택한 인원1,(63명 참여)
575,양정동현대가든,안심식당,"""화장실이 깨끗해요""",이 키워드를 선택한 인원1,(63명 참여)
576,양정동현대가든,안심식당,"""뷰가 좋아요""",이 키워드를 선택한 인원1,(63명 참여)
577,전포동건양정홍삼삼계탕서면점 ,안심식당,"""음식이 맛있어요""",이 키워드를 선택한 인원191,(223명 참여)
578,전포동건양정홍삼삼계탕서면점 ,안심식당,"""매장이 넓어요""",이 키워드를 선택한 인원40,(223명 참여)
579,전포동건양정홍삼삼계탕서면점 ,안심식당,"""친절해요""",이 키워드를 선택한 인원37,(223명 참여)
580,전포동건양정홍삼삼계탕서면점 ,안심식당,"""특별한 메뉴가 있어요""",이 키워드를 선택한 인원32,(223명 참여)
581,전포동건양정홍삼삼계탕서면점 ,안심식당,"""재료가 신선해요""",이 키워드를 선택한 인원31,(223명 참여)
582,전포동S서울깍뚜기,안심식당,"""음식이 맛있어요""",이 키워드를 선택한 인원814,(849명 참여)
583,전포동S서울깍뚜기,안심식당,"""매장이 넓어요""",이 키워드를 선택한 인원237,(849명 참여)
584,전포동S서울깍뚜기,안심식당,"""친절해요""",이 키워드를 선택한 인원219,(849명 참여)
585,전포동S서울깍뚜기,안심식당,"""혼밥하기 좋아요""",이 키워드를 선택한 인원182,(849명 참여)
586,전포동S서울깍뚜기,안심식당,"""양이 많아요""",이 키워드를 선택한 인원180,(849명 참여)
587,전포동S서울깍뚜기,안심식당,"""재료가 신선해요""",이 키워드를 선택한 인원139,(849명 참여)
588,전포동S서울깍뚜기,안심식당,"""매장이 청결해요""",이 키워드를 선택한 인원135,(849명 참여)
589,전포동S서울깍뚜기,안심식당,"""주차하기 편해요""",이 키워드를 선택한 인원91,(849명 참여)
590,전포동S서울깍뚜기,안심식당,"""가성비가 좋아요""",이 키워드를 선택한 인원65,(849명 참여)
591,전포동S서울깍뚜기,안심식당,"""특별한 메뉴가 있어요""",이 키워드를 선택한 인원58,(849명 참여)
592,전포동S서울깍뚜기,안심식당,"""단체모임 하기 좋아요""",이 키워드를 선택한 인원42,(849명 참여)
593,전포동S서울깍뚜기,안심식당,"""화장실이 깨끗해요""",이 키워드를 선택한 인원25,(849명 참여)
594,전포동S서울깍뚜기,안심식당,"""특별한 날 가기 좋아요""",이 키워드를 선택한 인원12,(849명 참여)
595,전포동S서울깍뚜기,안심식당,"""인테리어가 멋져요""",이 키워드를 선택한 인원11,(849명 참여)
596,전포동S서울깍뚜기,안심식당,"""뷰가 좋아요""",이 키워드를 선택한 인원7,(849명 참여)
597,전포동S서울깍뚜기,안심식당,"""음식이 빨리 나와요""",이 키워드를 선택한 인원3,(849명 참여)
598,전포동S서울깍뚜기,안심식당,"""잡내가 적어요""",이 키워드를 선택한 인원2,(849명 참여)
599,전포동S서울깍뚜기,안심식당,"""건강한 맛이에요""",이 키워드를 선택한 인원1,(849명 참여)
600,전포동이바돔감자탕,안심식당,"""음식이 맛있어요""",이 키워드를 선택한 인원448,(610명 참여)
601,전포동이바돔감자탕,안심식당,"""매장이 넓어요""",이 키워드를 선택한 인원234,(610명 참여)
602,전포동이바돔감자탕,안심식당,"""친절해요""",이 키워드를 선택한 인원152,(610명 참여)
603,전포동이바돔감자탕,안심식당,"""양이 많아요""",이 키워드를 선택한 인원145,(610명 참여)
604,전포동이바돔감자탕,안심식당,"""단체모임 하기 좋아요""",이 키워드를 선택한 인원131,(610명 참여)
605,전포동이바돔감자탕,안심식당,"""가성비가 좋아요""",이 키워드를 선택한 인원124,(610명 참여)
606,전포동이바돔감자탕,안심식당,"""재료가 신선해요""",이 키워드를 선택한 인원75,(610명 참여)
607,전포동이바돔감자탕,안심식당,"""매장이 청결해요""",이 키워드를 선택한 인원74,(610명 참여)
608,전포동이바돔감자탕,안심식당,"""혼밥하기 좋아요""",이 키워드를 선택한 인원56,(610명 참여)
609,전포동이바돔감자탕,안심식당,"""특별한 메뉴가 있어요""",이 키워드를 선택한 인원56,(610명 참여)
610,전포동이바돔감자탕,안심식당,"""주차하기 편해요""",이 키워드를 선택한 인원28,(610명 참여)
611,전포동이바돔감자탕,안심식당,"""화장실이 깨끗해요""",이 키워드를 선택한 인원21,(610명 참여)
612,전포동이바돔감자탕,안심식당,"""인테리어가 멋져요""",이 키워드를 선택한 인원18,(610명 참여)
613,전포동이바돔감자탕,안심식당,"""뷰가 좋아요""",이 키워드를 선택한 인원13,(610명 참여)
614,전포동이바돔감자탕,안심식당,"""특별한 날 가기 좋아요""",이 키워드를 선택한 인원9,(610명 참여)
615,전포동이바돔감자탕,안심식당,"""컨셉이 독특해요""",이 키워드를 선택한 인원1,(610명 참여)
616,전포동이바돔감자탕,안심식당,"""룸이 잘 되어있어요""",이 키워드를 선택한 인원1,(610명 참여)
617,초읍동조방낙지초읍점,안심식당,"""음식이 맛있어요""",이 키워드를 선택한 인원248,(343명 참여)
618,초읍동조방낙지초읍점,안심식당,"""친절해요""",이 키워드를 선택한 인원87,(343명 참여)
619,초읍동조방낙지초읍점,안심식당,"""주차하기 편해요""",이 키워드를 선택한 인원87,(343명 참여)
620,초읍동조방낙지초읍점,안심식당,"""매장이 넓어요""",이 키워드를 선택한 인원78,(343명 참여)
621,초읍동조방낙지초읍점,안심식당,"""재료가 신선해요""",이 키워드를 선택한 인원56,(343명 참여)
622,초읍동조방낙지초읍점,안심식당,"""단체모임 하기 좋아요""",이 키워드를 선택한 인원46,(343명 참여)
623,초읍동조방낙지초읍점,안심식당,"""양이 많아요""",이 키워드를 선택한 인원41,(343명 참여)
624,초읍동조방낙지초읍점,안심식당,"""가성비가 좋아요""",이 키워드를 선택한 인원41,(343명 참여)
625,초읍동조방낙지초읍점,안심식당,"""매장이 청결해요""",이 키워드를 선택한 인원33,(343명 참여)
626,초읍동조방낙지초읍점,안심식당,"""특별한 메뉴가 있어요""",이 키워드를 선택한 인원20,(343명 참여)
627,초읍동조방낙지초읍점,안심식당,"""혼밥하기 좋아요""",이 키워드를 선택한 인원15,(343명 참여)
628,초읍동조방낙지초읍점,안심식당,"""화장실이 깨끗해요""",이 키워드를 선택한 인원15,(343명 참여)
629,초읍동조방낙지초읍점,안심식당,"""인테리어가 멋져요""",이 키워드를 선택한 인원8,(343명 참여)
630,초읍동조방낙지초읍점,안심식당,"""특별한 날 가기 좋아요""",이 키워드를 선택한 인원2,(343명 참여)
631,초읍동조방낙지초읍점,안심식당,"""뷰가 좋아요""",이 키워드를 선택한 인원2,(343명 참여)
632,초읍동돌쇠본가,안심식당,"""음식이 맛있어요""",이 키워드를 선택한 인원31,(42명 참여)
633,초읍동돌쇠본가,안심식당,"""재료가 신선해요""",이 키워드를 선택한 인원12,(42명 참여)
634,초읍동돌쇠본가,안심식당,"""친절해요""",이 키워드를 선택한 인원9,(42명 참여)
635,초읍동돌쇠본가,안심식당,"""매장이 청결해요""",이 키워드를 선택한 인원9,(42명 참여)
636,초읍동돌쇠본가,안심식당,"""단체모임 하기 좋아요""",이 키워드를 선택한 인원6,(42명 참여)
637,초읍동돌쇠본가,안심식당,"""인테리어가 멋져요""",이 키워드를 선택한 인원5,(42명 참여)
638,초읍동돌쇠본가,안심식당,"""매장이 넓어요""",이 키워드를 선택한 인원5,(42명 참여)
639,초읍동돌쇠본가,안심식당,"""양이 많아요""",이 키워드를 선택한 인원4,(42명 참여)
640,초읍동돌쇠본가,안심식당,"""가성비가 좋아요""",이 키워드를 선택한 인원3,(42명 참여)
641,초읍동돌쇠본가,안심식당,"""주차하기 편해요""",이 키워드를 선택한 인원2,(42명 참여)
642,초읍동돌쇠본가,안심식당,"""특별한 날 가기 좋아요""",이 키워드를 선택한 인원2,(42명 참여)
643,초읍동돌쇠본가,안심식당,"""특별한 메뉴가 있어요""",이 키워드를 선택한 인원2,(42명 참여)
644,초읍동돌쇠본가,안심식당,"""뷰가 좋아요""",이 키워드를 선택한 인원1,(42명 참여)
645,초읍동사랑채,안심식당,"""음식이 맛있어요""",이 키워드를 선택한 인원102,(122명 참여)
646,초읍동사랑채,안심식당,"""친절해요""",이 키워드를 선택한 인원35,(122명 참여)
647,초읍동사랑채,안심식당,"""재료가 신선해요""",이 키워드를 선택한 인원33,(122명 참여)
648,초읍동사랑채,안심식당,"""특별한 날 가기 좋아요""",이 키워드를 선택한 인원24,(122명 참여)
649,초읍동사랑채,안심식당,"""단체모임 하기 좋아요""",이 키워드를 선택한 인원18,(122명 참여)
650,초읍동사랑채,안심식당,"""가성비가 좋아요""",이 키워드를 선택한 인원17,(122명 참여)
651,초읍동사랑채,안심식당,"""특별한 메뉴가 있어요""",이 키워드를 선택한 인원15,(122명 참여)
652,초읍동사랑채,안심식당,"""매장이 청결해요""",이 키워드를 선택한 인원9,(122명 참여)
653,초읍동사랑채,안심식당,"""인테리어가 멋져요""",이 키워드를 선택한 인원8,(122명 참여)
654,초읍동사랑채,안심식당,"""양이 많아요""",이 키워드를 선택한 인원6,(122명 참여)
655,초읍동사랑채,안심식당,"""뷰가 좋아요""",이 키워드를 선택한 인원5,(122명 참여)
656,초읍동사랑채,안심식당,"""매장이 넓어요""",이 키워드를 선택한 인원4,(122명 참여)
657,초읍동사랑채,안심식당,"""주차하기 편해요""",이 키워드를 선택한 인원2,(122명 참여)
658,초읍동사랑채,안심식당,"""좌석이 편해요""",이 키워드를 선택한 인원1,(122명 참여)
659,초읍동사랑채,안심식당,"""혼밥하기 좋아요""",이 키워드를 선택한 인원1,(122명 참여)
660,초읍동사랑채,안심식당,"""건강한 맛이에요""",이 키워드를 선택한 인원1,(122명 참여)
